ISO-10303-21;
HEADER;
FILE_DESCRIPTION(('Open CASCADE Model'),'2;1');
FILE_NAME('Open CASCADE Shape Model','2026-09-11T13:28:12',('Author'),(
    'Open CASCADE'),'Open CASCADE STEP processor 7.8','Open CASCADE 7.8'
  ,'Unknown');
FILE_SCHEMA(('AUTOMOTIVE_DESIGN { 1 0 10303 214 1 1 1 1 }'));
ENDSEC;
DATA;
#1 = APPLICATION_PROTOCOL_DEFINITION('international standard',
  'automotive_design',2000,#2);
#2 = APPLICATION_CONTEXT(
  'core data for automotive mechanical design processes');
#3 = SHAPE_DEFINITION_REPRESENTATION(#4,#10);
#4 = PRODUCT_DEFINITION_SHAPE('','',#5);
#5 = PRODUCT_DEFINITION('design','',#6,#9);
#6 = PRODUCT_DEFINITION_FORMATION('','',#7);
#7 = PRODUCT('Open CASCADE STEP translator 7.8 15',
  'Open CASCADE STEP translator 7.8 15','',(#8));
#8 = PRODUCT_CONTEXT('',#2,'mechanical');
#9 = PRODUCT_DEFINITION_CONTEXT('part definition',#2,'design');
#10 = SHAPE_REPRESENTATION('',(#11,#15),#19);
#11 = AXIS2_PLACEMENT_3D('',#12,#13,#14);
#12 = CARTESIAN_POINT('',(0.,0.,0.));
#13 = DIRECTION('',(0.,0.,1.));
#14 = DIRECTION('',(1.,0.,-0.));
#15 = AXIS2_PLACEMENT_3D('',#16,#17,#18);
#16 = CARTESIAN_POINT('',(0.,0.,0.));
#17 = DIRECTION('',(0.,0.,1.));
#18 = DIRECTION('',(1.,0.,-0.));
#19 = ( GEOMETRIC_REPRESENTATION_CONTEXT(3) 
GLOBAL_UNCERTAINTY_ASSIGNED_CONTEXT((#23)) GLOBAL_UNIT_ASSIGNED_CONTEXT(
(#20,#21,#22)) REPRESENTATION_CONTEXT('Context #1',
  '3D Context with UNIT and UNCERTAINTY') );
#20 = ( LENGTH_UNIT() NAMED_UNIT(*) SI_UNIT(.MILLI.,.METRE.) );
#21 = ( NAMED_UNIT(*) PLANE_ANGLE_UNIT() SI_UNIT($,.RADIAN.) );
#22 = ( NAMED_UNIT(*) SI_UNIT($,.STERADIAN.) SOLID_ANGLE_UNIT() );
#23 = UNCERTAINTY_MEASURE_WITH_UNIT(LENGTH_MEASURE(5.E-07),#20,
  'distance_accuracy_value','confusion accuracy');
#24 = PRODUCT_RELATED_PRODUCT_CATEGORY('part',$,(#7));
#25 = SHAPE_DEFINITION_REPRESENTATION(#26,#32);
#26 = PRODUCT_DEFINITION_SHAPE('','',#27);
#27 = PRODUCT_DEFINITION('design','',#28,#31);
#28 = PRODUCT_DEFINITION_FORMATION('','',#29);
#29 = PRODUCT('Open CASCADE STEP translator 7.8 15.1',
  'Open CASCADE STEP translator 7.8 15.1','',(#30));
#30 = PRODUCT_CONTEXT('',#2,'mechanical');
#31 = PRODUCT_DEFINITION_CONTEXT('part definition',#2,'design');
#32 = SHAPE_REPRESENTATION('',(#11,#33,#37,#41,#45),#49);
#33 = AXIS2_PLACEMENT_3D('',#34,#35,#36);
#34 = CARTESIAN_POINT('',(0.,0.,0.));
#35 = DIRECTION('',(0.,0.,1.));
#36 = DIRECTION('',(1.,0.,-0.));
#37 = AXIS2_PLACEMENT_3D('',#38,#39,#40);
#38 = CARTESIAN_POINT('',(0.,0.,0.));
#39 = DIRECTION('',(0.,0.,1.));
#40 = DIRECTION('',(1.,0.,-0.));
#41 = AXIS2_PLACEMENT_3D('',#42,#43,#44);
#42 = CARTESIAN_POINT('',(0.,0.,0.));
#43 = DIRECTION('',(0.,0.,1.));
#44 = DIRECTION('',(1.,0.,-0.));
#45 = AXIS2_PLACEMENT_3D('',#46,#47,#48);
#46 = CARTESIAN_POINT('',(0.,0.,0.));
#47 = DIRECTION('',(0.,0.,1.));
#48 = DIRECTION('',(1.,0.,-0.));
#49 = ( GEOMETRIC_REPRESENTATION_CONTEXT(3) 
GLOBAL_UNCERTAINTY_ASSIGNED_CONTEXT((#53)) GLOBAL_UNIT_ASSIGNED_CONTEXT(
(#50,#51,#52)) REPRESENTATION_CONTEXT('Context #1',
  '3D Context with UNIT and UNCERTAINTY') );
#50 = ( LENGTH_UNIT() NAMED_UNIT(*) SI_UNIT(.MILLI.,.METRE.) );
#51 = ( NAMED_UNIT(*) PLANE_ANGLE_UNIT() SI_UNIT($,.RADIAN.) );
#52 = ( NAMED_UNIT(*) SI_UNIT($,.STERADIAN.) SOLID_ANGLE_UNIT() );
#53 = UNCERTAINTY_MEASURE_WITH_UNIT(LENGTH_MEASURE(5.E-07),#50,
  'distance_accuracy_value','confusion accuracy');
#54 = CONTEXT_DEPENDENT_SHAPE_REPRESENTATION(#55,#57);
#55 = ( REPRESENTATION_RELATIONSHIP('','',#32,#10) 
REPRESENTATION_RELATIONSHIP_WITH_TRANSFORMATION(#56) 
SHAPE_REPRESENTATION_RELATIONSHIP() );
#56 = ITEM_DEFINED_TRANSFORMATION('','',#11,#15);
#57 = PRODUCT_DEFINITION_SHAPE('Placement','Placement of an item',#58);
#58 = NEXT_ASSEMBLY_USAGE_OCCURRENCE('185','','',#5,#27,$);
#59 = PRODUCT_RELATED_PRODUCT_CATEGORY('part',$,(#29));
#60 = SHAPE_DEFINITION_REPRESENTATION(#61,#67);
#61 = PRODUCT_DEFINITION_SHAPE('','',#62);
#62 = PRODUCT_DEFINITION('design','',#63,#66);
#63 = PRODUCT_DEFINITION_FORMATION('','',#64);
#64 = PRODUCT('Open CASCADE STEP translator 7.8 15.1.1',
  'Open CASCADE STEP translator 7.8 15.1.1','',(#65));
#65 = PRODUCT_CONTEXT('',#2,'mechanical');
#66 = PRODUCT_DEFINITION_CONTEXT('part definition',#2,'design');
#67 = ADVANCED_BREP_SHAPE_REPRESENTATION('',(#11,#68),#1488);
#68 = MANIFOLD_SOLID_BREP('',#69);
#69 = CLOSED_SHELL('',(#70,#162,#166,#624,#730,#779,#858,#891,#941,#990,
    #1069,#1102,#1152,#1201,#1280,#1313,#1363,#1412,#1467,#1473));
#70 = ADVANCED_FACE('',(#71),#85,.T.);
#71 = FACE_BOUND('',#72,.F.);
#72 = EDGE_LOOP('',(#73,#103,#130,#131));
#73 = ORIENTED_EDGE('',*,*,#74,.T.);
#74 = EDGE_CURVE('',#75,#77,#79,.T.);
#75 = VERTEX_POINT('',#76);
#76 = CARTESIAN_POINT('',(50.26,-76.2,1.8000001));
#77 = VERTEX_POINT('',#78);
#78 = CARTESIAN_POINT('',(50.26,-76.2,12.0000001));
#79 = SEAM_CURVE('',#80,(#84,#96),.PCURVE_S1.);
#80 = LINE('',#81,#82);
#81 = CARTESIAN_POINT('',(50.26,-76.2,-15.7999999));
#82 = VECTOR('',#83,1.);
#83 = DIRECTION('',(0.,1.224646799147E-16,1.));
#84 = PCURVE('',#85,#90);
#85 = CYLINDRICAL_SURFACE('',#86,2.635);
#86 = AXIS2_PLACEMENT_3D('',#87,#88,#89);
#87 = CARTESIAN_POINT('',(47.625,-76.2,12.0000001));
#88 = DIRECTION('',(-0.,1.224646799147E-16,1.));
#89 = DIRECTION('',(1.,0.,0.));
#90 = DEFINITIONAL_REPRESENTATION('',(#91),#95);
#91 = LINE('',#92,#93);
#92 = CARTESIAN_POINT('',(-6.28318530718,-27.8));
#93 = VECTOR('',#94,1.);
#94 = DIRECTION('',(0.,1.));
#95 = ( GEOMETRIC_REPRESENTATION_CONTEXT(2) 
PARAMETRIC_REPRESENTATION_CONTEXT() REPRESENTATION_CONTEXT('2D SPACE',''
  ) );
#96 = PCURVE('',#85,#97);
#97 = DEFINITIONAL_REPRESENTATION('',(#98),#102);
#98 = LINE('',#99,#100);
#99 = CARTESIAN_POINT('',(-0.,-27.8));
#100 = VECTOR('',#101,1.);
#101 = DIRECTION('',(0.,1.));
#102 = ( GEOMETRIC_REPRESENTATION_CONTEXT(2) 
PARAMETRIC_REPRESENTATION_CONTEXT() REPRESENTATION_CONTEXT('2D SPACE',''
  ) );
#103 = ORIENTED_EDGE('',*,*,#104,.F.);
#104 = EDGE_CURVE('',#77,#77,#105,.T.);
#105 = SURFACE_CURVE('',#106,(#111,#118),.PCURVE_S1.);
#106 = CIRCLE('',#107,2.635);
#107 = AXIS2_PLACEMENT_3D('',#108,#109,#110);
#108 = CARTESIAN_POINT('',(47.625,-76.2,12.0000001));
#109 = DIRECTION('',(0.,-1.224646799147E-16,-1.));
#110 = DIRECTION('',(1.,0.,0.));
#111 = PCURVE('',#85,#112);
#112 = DEFINITIONAL_REPRESENTATION('',(#113),#117);
#113 = LINE('',#114,#115);
#114 = CARTESIAN_POINT('',(-0.,0.));
#115 = VECTOR('',#116,1.);
#116 = DIRECTION('',(-1.,0.));
#117 = ( GEOMETRIC_REPRESENTATION_CONTEXT(2) 
PARAMETRIC_REPRESENTATION_CONTEXT() REPRESENTATION_CONTEXT('2D SPACE',''
  ) );
#118 = PCURVE('',#119,#124);
#119 = PLANE('',#120);
#120 = AXIS2_PLACEMENT_3D('',#121,#122,#123);
#121 = CARTESIAN_POINT('',(47.625,-76.2,12.0000001));
#122 = DIRECTION('',(0.,-1.224646799147E-16,-1.));
#123 = DIRECTION('',(1.,0.,0.));
#124 = DEFINITIONAL_REPRESENTATION('',(#125),#129);
#125 = CIRCLE('',#126,2.635);
#126 = AXIS2_PLACEMENT_2D('',#127,#128);
#127 = CARTESIAN_POINT('',(0.,0.));
#128 = DIRECTION('',(1.,0.));
#129 = ( GEOMETRIC_REPRESENTATION_CONTEXT(2) 
PARAMETRIC_REPRESENTATION_CONTEXT() REPRESENTATION_CONTEXT('2D SPACE',''
  ) );
#130 = ORIENTED_EDGE('',*,*,#74,.F.);
#131 = ORIENTED_EDGE('',*,*,#132,.F.);
#132 = EDGE_CURVE('',#75,#75,#133,.T.);
#133 = SURFACE_CURVE('',#134,(#139,#146),.PCURVE_S1.);
#134 = CIRCLE('',#135,2.635);
#135 = AXIS2_PLACEMENT_3D('',#136,#137,#138);
#136 = CARTESIAN_POINT('',(47.625,-76.2,1.8000001));
#137 = DIRECTION('',(-0.,1.224646799147E-16,1.));
#138 = DIRECTION('',(1.,0.,0.));
#139 = PCURVE('',#85,#140);
#140 = DEFINITIONAL_REPRESENTATION('',(#141),#145);
#141 = LINE('',#142,#143);
#142 = CARTESIAN_POINT('',(-6.28318530718,-10.2));
#143 = VECTOR('',#144,1.);
#144 = DIRECTION('',(1.,-0.));
#145 = ( GEOMETRIC_REPRESENTATION_CONTEXT(2) 
PARAMETRIC_REPRESENTATION_CONTEXT() REPRESENTATION_CONTEXT('2D SPACE',''
  ) );
#146 = PCURVE('',#147,#152);
#147 = PLANE('',#148);
#148 = AXIS2_PLACEMENT_3D('',#149,#150,#151);
#149 = CARTESIAN_POINT('',(43.889641548791,-78.13208195752,1.8000001));
#150 = DIRECTION('',(5.240696121541E-17,1.106446695134E-16,-1.));
#151 = DIRECTION('',(0.827324590189,0.56172415158,1.055093508199E-16));
#152 = DEFINITIONAL_REPRESENTATION('',(#153),#161);
#153 = ( BOUNDED_CURVE() B_SPLINE_CURVE(2,(#154,#155,#156,#157,#158,#159
,#160),.UNSPECIFIED.,.T.,.F.) B_SPLINE_CURVE_WITH_KNOTS((1,2,2,2,2,1),(
    -2.094395102393,0.,2.094395102393,4.188790204786,6.28318530718,
8.377580409573),.UNSPECIFIED.) CURVE() GEOMETRIC_REPRESENTATION_ITEM() 
RATIONAL_B_SPLINE_CURVE((1.,0.5,1.,0.5,1.,0.5,1.)) REPRESENTATION_ITEM(
  '') );
#154 = CARTESIAN_POINT('',(6.355651293378,1.979925282544));
#155 = CARTESIAN_POINT('',(8.919334413314,-1.79594598917));
#156 = CARTESIAN_POINT('',(4.367492410622,-2.128225062431));
#157 = CARTESIAN_POINT('',(-0.18434959207,-2.460504135693));
#158 = CARTESIAN_POINT('',(1.803809290686,1.647646209282));
#159 = CARTESIAN_POINT('',(3.791968173441,5.755796554258));
#160 = CARTESIAN_POINT('',(6.355651293378,1.979925282544));
#161 = ( GEOMETRIC_REPRESENTATION_CONTEXT(2) 
PARAMETRIC_REPRESENTATION_CONTEXT() REPRESENTATION_CONTEXT('2D SPACE',''
  ) );
#162 = ADVANCED_FACE('',(#163),#147,.T.);
#163 = FACE_BOUND('',#164,.T.);
#164 = EDGE_LOOP('',(#165));
#165 = ORIENTED_EDGE('',*,*,#132,.F.);
#166 = ADVANCED_FACE('',(#167,#170),#119,.F.);
#167 = FACE_BOUND('',#168,.F.);
#168 = EDGE_LOOP('',(#169));
#169 = ORIENTED_EDGE('',*,*,#104,.T.);
#170 = FACE_BOUND('',#171,.F.);
#171 = EDGE_LOOP('',(#172,#202,#230,#258,#287,#315,#343,#371,#400,#428,
    #456,#484,#513,#541,#569,#597));
#172 = ORIENTED_EDGE('',*,*,#173,.F.);
#173 = EDGE_CURVE('',#174,#176,#178,.T.);
#174 = VERTEX_POINT('',#175);
#175 = CARTESIAN_POINT('',(45.575,-75.615,12.0000001));
#176 = VERTEX_POINT('',#177);
#177 = CARTESIAN_POINT('',(45.66024174515,-75.615,12.0000001));
#178 = SURFACE_CURVE('',#179,(#183,#190),.PCURVE_S1.);
#179 = LINE('',#180,#181);
#180 = CARTESIAN_POINT('',(45.575,-75.615,12.0000001));
#181 = VECTOR('',#182,1.);
#182 = DIRECTION('',(1.,0.,0.));
#183 = PCURVE('',#119,#184);
#184 = DEFINITIONAL_REPRESENTATION('',(#185),#189);
#185 = LINE('',#186,#187);
#186 = CARTESIAN_POINT('',(-2.05,-0.585));
#187 = VECTOR('',#188,1.);
#188 = DIRECTION('',(1.,0.));
#189 = ( GEOMETRIC_REPRESENTATION_CONTEXT(2) 
PARAMETRIC_REPRESENTATION_CONTEXT() REPRESENTATION_CONTEXT('2D SPACE',''
  ) );
#190 = PCURVE('',#191,#196);
#191 = PLANE('',#192);
#192 = AXIS2_PLACEMENT_3D('',#193,#194,#195);
#193 = CARTESIAN_POINT('',(45.575,-75.615,12.0000001));
#194 = DIRECTION('',(0.,-1.,1.224646799147E-16));
#195 = DIRECTION('',(1.,0.,0.));
#196 = DEFINITIONAL_REPRESENTATION('',(#197),#201);
#197 = LINE('',#198,#199);
#198 = CARTESIAN_POINT('',(0.,0.));
#199 = VECTOR('',#200,1.);
#200 = DIRECTION('',(1.,0.));
#201 = ( GEOMETRIC_REPRESENTATION_CONTEXT(2) 
PARAMETRIC_REPRESENTATION_CONTEXT() REPRESENTATION_CONTEXT('2D SPACE',''
  ) );
#202 = ORIENTED_EDGE('',*,*,#203,.F.);
#203 = EDGE_CURVE('',#204,#174,#206,.T.);
#204 = VERTEX_POINT('',#205);
#205 = CARTESIAN_POINT('',(45.575,-76.785,12.0000001));
#206 = SURFACE_CURVE('',#207,(#211,#218),.PCURVE_S1.);
#207 = LINE('',#208,#209);
#208 = CARTESIAN_POINT('',(45.575,-76.785,12.0000001));
#209 = VECTOR('',#210,1.);
#210 = DIRECTION('',(0.,1.,-1.224646799147E-16));
#211 = PCURVE('',#119,#212);
#212 = DEFINITIONAL_REPRESENTATION('',(#213),#217);
#213 = LINE('',#214,#215);
#214 = CARTESIAN_POINT('',(-2.05,0.585));
#215 = VECTOR('',#216,1.);
#216 = DIRECTION('',(0.,-1.));
#217 = ( GEOMETRIC_REPRESENTATION_CONTEXT(2) 
PARAMETRIC_REPRESENTATION_CONTEXT() REPRESENTATION_CONTEXT('2D SPACE',''
  ) );
#218 = PCURVE('',#219,#224);
#219 = PLANE('',#220);
#220 = AXIS2_PLACEMENT_3D('',#221,#222,#223);
#221 = CARTESIAN_POINT('',(45.575,-76.785,12.0000001));
#222 = DIRECTION('',(1.,0.,0.));
#223 = DIRECTION('',(0.,1.,-1.224646799147E-16));
#224 = DEFINITIONAL_REPRESENTATION('',(#225),#229);
#225 = LINE('',#226,#227);
#226 = CARTESIAN_POINT('',(0.,0.));
#227 = VECTOR('',#228,1.);
#228 = DIRECTION('',(1.,0.));
#229 = ( GEOMETRIC_REPRESENTATION_CONTEXT(2) 
PARAMETRIC_REPRESENTATION_CONTEXT() REPRESENTATION_CONTEXT('2D SPACE',''
  ) );
#230 = ORIENTED_EDGE('',*,*,#231,.F.);
#231 = EDGE_CURVE('',#232,#204,#234,.T.);
#232 = VERTEX_POINT('',#233);
#233 = CARTESIAN_POINT('',(45.66024174515,-76.785,12.0000001));
#234 = SURFACE_CURVE('',#235,(#239,#246),.PCURVE_S1.);
#235 = LINE('',#236,#237);
#236 = CARTESIAN_POINT('',(49.675,-76.785,12.0000001));
#237 = VECTOR('',#238,1.);
#238 = DIRECTION('',(-1.,-0.,0.));
#239 = PCURVE('',#119,#240);
#240 = DEFINITIONAL_REPRESENTATION('',(#241),#245);
#241 = LINE('',#242,#243);
#242 = CARTESIAN_POINT('',(2.05,0.585));
#243 = VECTOR('',#244,1.);
#244 = DIRECTION('',(-1.,0.));
#245 = ( GEOMETRIC_REPRESENTATION_CONTEXT(2) 
PARAMETRIC_REPRESENTATION_CONTEXT() REPRESENTATION_CONTEXT('2D SPACE',''
  ) );
#246 = PCURVE('',#247,#252);
#247 = PLANE('',#248);
#248 = AXIS2_PLACEMENT_3D('',#249,#250,#251);
#249 = CARTESIAN_POINT('',(49.675,-76.785,12.0000001));
#250 = DIRECTION('',(0.,1.,-1.224646799147E-16));
#251 = DIRECTION('',(-1.,-0.,0.));
#252 = DEFINITIONAL_REPRESENTATION('',(#253),#257);
#253 = LINE('',#254,#255);
#254 = CARTESIAN_POINT('',(0.,0.));
#255 = VECTOR('',#256,1.);
#256 = DIRECTION('',(1.,0.));
#257 = ( GEOMETRIC_REPRESENTATION_CONTEXT(2) 
PARAMETRIC_REPRESENTATION_CONTEXT() REPRESENTATION_CONTEXT('2D SPACE',''
  ) );
#258 = ORIENTED_EDGE('',*,*,#259,.F.);
#259 = EDGE_CURVE('',#260,#232,#262,.T.);
#260 = VERTEX_POINT('',#261);
#261 = CARTESIAN_POINT('',(47.04,-78.16475825485,12.0000001));
#262 = SURFACE_CURVE('',#263,(#268,#275),.PCURVE_S1.);
#263 = CIRCLE('',#264,2.05);
#264 = AXIS2_PLACEMENT_3D('',#265,#266,#267);
#265 = CARTESIAN_POINT('',(47.625,-76.2,12.0000001));
#266 = DIRECTION('',(0.,-1.224646799147E-16,-1.));
#267 = DIRECTION('',(1.,0.,0.));
#268 = PCURVE('',#119,#269);
#269 = DEFINITIONAL_REPRESENTATION('',(#270),#274);
#270 = CIRCLE('',#271,2.05);
#271 = AXIS2_PLACEMENT_2D('',#272,#273);
#272 = CARTESIAN_POINT('',(0.,0.));
#273 = DIRECTION('',(1.,0.));
#274 = ( GEOMETRIC_REPRESENTATION_CONTEXT(2) 
PARAMETRIC_REPRESENTATION_CONTEXT() REPRESENTATION_CONTEXT('2D SPACE',''
  ) );
#275 = PCURVE('',#276,#281);
#276 = CONICAL_SURFACE('',#277,2.05,1.241895741027);
#277 = AXIS2_PLACEMENT_3D('',#278,#279,#280);
#278 = CARTESIAN_POINT('',(47.625,-76.2,12.0000001));
#279 = DIRECTION('',(-0.,1.224646799147E-16,1.));
#280 = DIRECTION('',(1.,0.,0.));
#281 = DEFINITIONAL_REPRESENTATION('',(#282),#286);
#282 = LINE('',#283,#284);
#283 = CARTESIAN_POINT('',(-0.,-0.));
#284 = VECTOR('',#285,1.);
#285 = DIRECTION('',(-1.,-0.));
#286 = ( GEOMETRIC_REPRESENTATION_CONTEXT(2) 
PARAMETRIC_REPRESENTATION_CONTEXT() REPRESENTATION_CONTEXT('2D SPACE',''
  ) );
#287 = ORIENTED_EDGE('',*,*,#288,.F.);
#288 = EDGE_CURVE('',#289,#260,#291,.T.);
#289 = VERTEX_POINT('',#290);
#290 = CARTESIAN_POINT('',(47.04,-78.25,12.0000001));
#291 = SURFACE_CURVE('',#292,(#296,#303),.PCURVE_S1.);
#292 = LINE('',#293,#294);
#293 = CARTESIAN_POINT('',(47.04,-78.25,12.0000001));
#294 = VECTOR('',#295,1.);
#295 = DIRECTION('',(0.,1.,-1.224646799147E-16));
#296 = PCURVE('',#119,#297);
#297 = DEFINITIONAL_REPRESENTATION('',(#298),#302);
#298 = LINE('',#299,#300);
#299 = CARTESIAN_POINT('',(-0.585,2.05));
#300 = VECTOR('',#301,1.);
#301 = DIRECTION('',(0.,-1.));
#302 = ( GEOMETRIC_REPRESENTATION_CONTEXT(2) 
PARAMETRIC_REPRESENTATION_CONTEXT() REPRESENTATION_CONTEXT('2D SPACE',''
  ) );
#303 = PCURVE('',#304,#309);
#304 = PLANE('',#305);
#305 = AXIS2_PLACEMENT_3D('',#306,#307,#308);
#306 = CARTESIAN_POINT('',(47.04,-78.25,12.0000001));
#307 = DIRECTION('',(1.,0.,0.));
#308 = DIRECTION('',(0.,1.,-1.224646799147E-16));
#309 = DEFINITIONAL_REPRESENTATION('',(#310),#314);
#310 = LINE('',#311,#312);
#311 = CARTESIAN_POINT('',(0.,0.));
#312 = VECTOR('',#313,1.);
#313 = DIRECTION('',(1.,0.));
#314 = ( GEOMETRIC_REPRESENTATION_CONTEXT(2) 
PARAMETRIC_REPRESENTATION_CONTEXT() REPRESENTATION_CONTEXT('2D SPACE',''
  ) );
#315 = ORIENTED_EDGE('',*,*,#316,.F.);
#316 = EDGE_CURVE('',#317,#289,#319,.T.);
#317 = VERTEX_POINT('',#318);
#318 = CARTESIAN_POINT('',(48.21,-78.25,12.0000001));
#319 = SURFACE_CURVE('',#320,(#324,#331),.PCURVE_S1.);
#320 = LINE('',#321,#322);
#321 = CARTESIAN_POINT('',(48.21,-78.25,12.0000001));
#322 = VECTOR('',#323,1.);
#323 = DIRECTION('',(-1.,-0.,0.));
#324 = PCURVE('',#119,#325);
#325 = DEFINITIONAL_REPRESENTATION('',(#326),#330);
#326 = LINE('',#327,#328);
#327 = CARTESIAN_POINT('',(0.585,2.05));
#328 = VECTOR('',#329,1.);
#329 = DIRECTION('',(-1.,0.));
#330 = ( GEOMETRIC_REPRESENTATION_CONTEXT(2) 
PARAMETRIC_REPRESENTATION_CONTEXT() REPRESENTATION_CONTEXT('2D SPACE',''
  ) );
#331 = PCURVE('',#332,#337);
#332 = PLANE('',#333);
#333 = AXIS2_PLACEMENT_3D('',#334,#335,#336);
#334 = CARTESIAN_POINT('',(48.21,-78.25,12.0000001));
#335 = DIRECTION('',(0.,1.,-1.224646799147E-16));
#336 = DIRECTION('',(-1.,-0.,0.));
#337 = DEFINITIONAL_REPRESENTATION('',(#338),#342);
#338 = LINE('',#339,#340);
#339 = CARTESIAN_POINT('',(0.,0.));
#340 = VECTOR('',#341,1.);
#341 = DIRECTION('',(1.,0.));
#342 = ( GEOMETRIC_REPRESENTATION_CONTEXT(2) 
PARAMETRIC_REPRESENTATION_CONTEXT() REPRESENTATION_CONTEXT('2D SPACE',''
  ) );
#343 = ORIENTED_EDGE('',*,*,#344,.F.);
#344 = EDGE_CURVE('',#345,#317,#347,.T.);
#345 = VERTEX_POINT('',#346);
#346 = CARTESIAN_POINT('',(48.21,-78.16475825485,12.0000001));
#347 = SURFACE_CURVE('',#348,(#352,#359),.PCURVE_S1.);
#348 = LINE('',#349,#350);
#349 = CARTESIAN_POINT('',(48.21,-74.15,12.0000001));
#350 = VECTOR('',#351,1.);
#351 = DIRECTION('',(0.,-1.,1.224646799147E-16));
#352 = PCURVE('',#119,#353);
#353 = DEFINITIONAL_REPRESENTATION('',(#354),#358);
#354 = LINE('',#355,#356);
#355 = CARTESIAN_POINT('',(0.585,-2.05));
#356 = VECTOR('',#357,1.);
#357 = DIRECTION('',(0.,1.));
#358 = ( GEOMETRIC_REPRESENTATION_CONTEXT(2) 
PARAMETRIC_REPRESENTATION_CONTEXT() REPRESENTATION_CONTEXT('2D SPACE',''
  ) );
#359 = PCURVE('',#360,#365);
#360 = PLANE('',#361);
#361 = AXIS2_PLACEMENT_3D('',#362,#363,#364);
#362 = CARTESIAN_POINT('',(48.21,-74.15,12.0000001));
#363 = DIRECTION('',(-1.,-0.,0.));
#364 = DIRECTION('',(0.,-1.,1.224646799147E-16));
#365 = DEFINITIONAL_REPRESENTATION('',(#366),#370);
#366 = LINE('',#367,#368);
#367 = CARTESIAN_POINT('',(0.,0.));
#368 = VECTOR('',#369,1.);
#369 = DIRECTION('',(1.,0.));
#370 = ( GEOMETRIC_REPRESENTATION_CONTEXT(2) 
PARAMETRIC_REPRESENTATION_CONTEXT() REPRESENTATION_CONTEXT('2D SPACE',''
  ) );
#371 = ORIENTED_EDGE('',*,*,#372,.F.);
#372 = EDGE_CURVE('',#373,#345,#375,.T.);
#373 = VERTEX_POINT('',#374);
#374 = CARTESIAN_POINT('',(49.58975825485,-76.785,12.0000001));
#375 = SURFACE_CURVE('',#376,(#381,#388),.PCURVE_S1.);
#376 = CIRCLE('',#377,2.05);
#377 = AXIS2_PLACEMENT_3D('',#378,#379,#380);
#378 = CARTESIAN_POINT('',(47.625,-76.2,12.0000001));
#379 = DIRECTION('',(0.,-1.224646799147E-16,-1.));
#380 = DIRECTION('',(1.,0.,0.));
#381 = PCURVE('',#119,#382);
#382 = DEFINITIONAL_REPRESENTATION('',(#383),#387);
#383 = CIRCLE('',#384,2.05);
#384 = AXIS2_PLACEMENT_2D('',#385,#386);
#385 = CARTESIAN_POINT('',(0.,0.));
#386 = DIRECTION('',(1.,0.));
#387 = ( GEOMETRIC_REPRESENTATION_CONTEXT(2) 
PARAMETRIC_REPRESENTATION_CONTEXT() REPRESENTATION_CONTEXT('2D SPACE',''
  ) );
#388 = PCURVE('',#389,#394);
#389 = CONICAL_SURFACE('',#390,2.05,1.241895741027);
#390 = AXIS2_PLACEMENT_3D('',#391,#392,#393);
#391 = CARTESIAN_POINT('',(47.625,-76.2,12.0000001));
#392 = DIRECTION('',(-0.,1.224646799147E-16,1.));
#393 = DIRECTION('',(1.,0.,0.));
#394 = DEFINITIONAL_REPRESENTATION('',(#395),#399);
#395 = LINE('',#396,#397);
#396 = CARTESIAN_POINT('',(-0.,-0.));
#397 = VECTOR('',#398,1.);
#398 = DIRECTION('',(-1.,-0.));
#399 = ( GEOMETRIC_REPRESENTATION_CONTEXT(2) 
PARAMETRIC_REPRESENTATION_CONTEXT() REPRESENTATION_CONTEXT('2D SPACE',''
  ) );
#400 = ORIENTED_EDGE('',*,*,#401,.F.);
#401 = EDGE_CURVE('',#402,#373,#404,.T.);
#402 = VERTEX_POINT('',#403);
#403 = CARTESIAN_POINT('',(49.675,-76.785,12.0000001));
#404 = SURFACE_CURVE('',#405,(#409,#416),.PCURVE_S1.);
#405 = LINE('',#406,#407);
#406 = CARTESIAN_POINT('',(49.675,-76.785,12.0000001));
#407 = VECTOR('',#408,1.);
#408 = DIRECTION('',(-1.,-0.,0.));
#409 = PCURVE('',#119,#410);
#410 = DEFINITIONAL_REPRESENTATION('',(#411),#415);
#411 = LINE('',#412,#413);
#412 = CARTESIAN_POINT('',(2.05,0.585));
#413 = VECTOR('',#414,1.);
#414 = DIRECTION('',(-1.,0.));
#415 = ( GEOMETRIC_REPRESENTATION_CONTEXT(2) 
PARAMETRIC_REPRESENTATION_CONTEXT() REPRESENTATION_CONTEXT('2D SPACE',''
  ) );
#416 = PCURVE('',#417,#422);
#417 = PLANE('',#418);
#418 = AXIS2_PLACEMENT_3D('',#419,#420,#421);
#419 = CARTESIAN_POINT('',(49.675,-76.785,12.0000001));
#420 = DIRECTION('',(0.,1.,-1.224646799147E-16));
#421 = DIRECTION('',(-1.,-0.,0.));
#422 = DEFINITIONAL_REPRESENTATION('',(#423),#427);
#423 = LINE('',#424,#425);
#424 = CARTESIAN_POINT('',(0.,0.));
#425 = VECTOR('',#426,1.);
#426 = DIRECTION('',(1.,0.));
#427 = ( GEOMETRIC_REPRESENTATION_CONTEXT(2) 
PARAMETRIC_REPRESENTATION_CONTEXT() REPRESENTATION_CONTEXT('2D SPACE',''
  ) );
#428 = ORIENTED_EDGE('',*,*,#429,.F.);
#429 = EDGE_CURVE('',#430,#402,#432,.T.);
#430 = VERTEX_POINT('',#431);
#431 = CARTESIAN_POINT('',(49.675,-75.615,12.0000001));
#432 = SURFACE_CURVE('',#433,(#437,#444),.PCURVE_S1.);
#433 = LINE('',#434,#435);
#434 = CARTESIAN_POINT('',(49.675,-75.615,12.0000001));
#435 = VECTOR('',#436,1.);
#436 = DIRECTION('',(0.,-1.,1.224646799147E-16));
#437 = PCURVE('',#119,#438);
#438 = DEFINITIONAL_REPRESENTATION('',(#439),#443);
#439 = LINE('',#440,#441);
#440 = CARTESIAN_POINT('',(2.05,-0.585));
#441 = VECTOR('',#442,1.);
#442 = DIRECTION('',(0.,1.));
#443 = ( GEOMETRIC_REPRESENTATION_CONTEXT(2) 
PARAMETRIC_REPRESENTATION_CONTEXT() REPRESENTATION_CONTEXT('2D SPACE',''
  ) );
#444 = PCURVE('',#445,#450);
#445 = PLANE('',#446);
#446 = AXIS2_PLACEMENT_3D('',#447,#448,#449);
#447 = CARTESIAN_POINT('',(49.675,-75.615,12.0000001));
#448 = DIRECTION('',(-1.,-0.,0.));
#449 = DIRECTION('',(0.,-1.,1.224646799147E-16));
#450 = DEFINITIONAL_REPRESENTATION('',(#451),#455);
#451 = LINE('',#452,#453);
#452 = CARTESIAN_POINT('',(0.,0.));
#453 = VECTOR('',#454,1.);
#454 = DIRECTION('',(1.,0.));
#455 = ( GEOMETRIC_REPRESENTATION_CONTEXT(2) 
PARAMETRIC_REPRESENTATION_CONTEXT() REPRESENTATION_CONTEXT('2D SPACE',''
  ) );
#456 = ORIENTED_EDGE('',*,*,#457,.F.);
#457 = EDGE_CURVE('',#458,#430,#460,.T.);
#458 = VERTEX_POINT('',#459);
#459 = CARTESIAN_POINT('',(49.58975825485,-75.615,12.0000001));
#460 = SURFACE_CURVE('',#461,(#465,#472),.PCURVE_S1.);
#461 = LINE('',#462,#463);
#462 = CARTESIAN_POINT('',(45.575,-75.615,12.0000001));
#463 = VECTOR('',#464,1.);
#464 = DIRECTION('',(1.,0.,0.));
#465 = PCURVE('',#119,#466);
#466 = DEFINITIONAL_REPRESENTATION('',(#467),#471);
#467 = LINE('',#468,#469);
#468 = CARTESIAN_POINT('',(-2.05,-0.585));
#469 = VECTOR('',#470,1.);
#470 = DIRECTION('',(1.,0.));
#471 = ( GEOMETRIC_REPRESENTATION_CONTEXT(2) 
PARAMETRIC_REPRESENTATION_CONTEXT() REPRESENTATION_CONTEXT('2D SPACE',''
  ) );
#472 = PCURVE('',#473,#478);
#473 = PLANE('',#474);
#474 = AXIS2_PLACEMENT_3D('',#475,#476,#477);
#475 = CARTESIAN_POINT('',(45.575,-75.615,12.0000001));
#476 = DIRECTION('',(0.,-1.,1.224646799147E-16));
#477 = DIRECTION('',(1.,0.,0.));
#478 = DEFINITIONAL_REPRESENTATION('',(#479),#483);
#479 = LINE('',#480,#481);
#480 = CARTESIAN_POINT('',(0.,0.));
#481 = VECTOR('',#482,1.);
#482 = DIRECTION('',(1.,0.));
#483 = ( GEOMETRIC_REPRESENTATION_CONTEXT(2) 
PARAMETRIC_REPRESENTATION_CONTEXT() REPRESENTATION_CONTEXT('2D SPACE',''
  ) );
#484 = ORIENTED_EDGE('',*,*,#485,.F.);
#485 = EDGE_CURVE('',#486,#458,#488,.T.);
#486 = VERTEX_POINT('',#487);
#487 = CARTESIAN_POINT('',(48.21,-74.23524174515,12.0000001));
#488 = SURFACE_CURVE('',#489,(#494,#501),.PCURVE_S1.);
#489 = CIRCLE('',#490,2.05);
#490 = AXIS2_PLACEMENT_3D('',#491,#492,#493);
#491 = CARTESIAN_POINT('',(47.625,-76.2,12.0000001));
#492 = DIRECTION('',(0.,-1.224646799147E-16,-1.));
#493 = DIRECTION('',(1.,0.,0.));
#494 = PCURVE('',#119,#495);
#495 = DEFINITIONAL_REPRESENTATION('',(#496),#500);
#496 = CIRCLE('',#497,2.05);
#497 = AXIS2_PLACEMENT_2D('',#498,#499);
#498 = CARTESIAN_POINT('',(0.,0.));
#499 = DIRECTION('',(1.,0.));
#500 = ( GEOMETRIC_REPRESENTATION_CONTEXT(2) 
PARAMETRIC_REPRESENTATION_CONTEXT() REPRESENTATION_CONTEXT('2D SPACE',''
  ) );
#501 = PCURVE('',#502,#507);
#502 = CONICAL_SURFACE('',#503,2.05,1.241895741027);
#503 = AXIS2_PLACEMENT_3D('',#504,#505,#506);
#504 = CARTESIAN_POINT('',(47.625,-76.2,12.0000001));
#505 = DIRECTION('',(-0.,1.224646799147E-16,1.));
#506 = DIRECTION('',(1.,0.,0.));
#507 = DEFINITIONAL_REPRESENTATION('',(#508),#512);
#508 = LINE('',#509,#510);
#509 = CARTESIAN_POINT('',(-0.,-0.));
#510 = VECTOR('',#511,1.);
#511 = DIRECTION('',(-1.,-0.));
#512 = ( GEOMETRIC_REPRESENTATION_CONTEXT(2) 
PARAMETRIC_REPRESENTATION_CONTEXT() REPRESENTATION_CONTEXT('2D SPACE',''
  ) );
#513 = ORIENTED_EDGE('',*,*,#514,.F.);
#514 = EDGE_CURVE('',#515,#486,#517,.T.);
#515 = VERTEX_POINT('',#516);
#516 = CARTESIAN_POINT('',(48.21,-74.15,12.0000001));
#517 = SURFACE_CURVE('',#518,(#522,#529),.PCURVE_S1.);
#518 = LINE('',#519,#520);
#519 = CARTESIAN_POINT('',(48.21,-74.15,12.0000001));
#520 = VECTOR('',#521,1.);
#521 = DIRECTION('',(0.,-1.,1.224646799147E-16));
#522 = PCURVE('',#119,#523);
#523 = DEFINITIONAL_REPRESENTATION('',(#524),#528);
#524 = LINE('',#525,#526);
#525 = CARTESIAN_POINT('',(0.585,-2.05));
#526 = VECTOR('',#527,1.);
#527 = DIRECTION('',(0.,1.));
#528 = ( GEOMETRIC_REPRESENTATION_CONTEXT(2) 
PARAMETRIC_REPRESENTATION_CONTEXT() REPRESENTATION_CONTEXT('2D SPACE',''
  ) );
#529 = PCURVE('',#530,#535);
#530 = PLANE('',#531);
#531 = AXIS2_PLACEMENT_3D('',#532,#533,#534);
#532 = CARTESIAN_POINT('',(48.21,-74.15,12.0000001));
#533 = DIRECTION('',(-1.,-0.,0.));
#534 = DIRECTION('',(0.,-1.,1.224646799147E-16));
#535 = DEFINITIONAL_REPRESENTATION('',(#536),#540);
#536 = LINE('',#537,#538);
#537 = CARTESIAN_POINT('',(0.,0.));
#538 = VECTOR('',#539,1.);
#539 = DIRECTION('',(1.,0.));
#540 = ( GEOMETRIC_REPRESENTATION_CONTEXT(2) 
PARAMETRIC_REPRESENTATION_CONTEXT() REPRESENTATION_CONTEXT('2D SPACE',''
  ) );
#541 = ORIENTED_EDGE('',*,*,#542,.F.);
#542 = EDGE_CURVE('',#543,#515,#545,.T.);
#543 = VERTEX_POINT('',#544);
#544 = CARTESIAN_POINT('',(47.04,-74.15,12.0000001));
#545 = SURFACE_CURVE('',#546,(#550,#557),.PCURVE_S1.);
#546 = LINE('',#547,#548);
#547 = CARTESIAN_POINT('',(47.04,-74.15,12.0000001));
#548 = VECTOR('',#549,1.);
#549 = DIRECTION('',(1.,0.,0.));
#550 = PCURVE('',#119,#551);
#551 = DEFINITIONAL_REPRESENTATION('',(#552),#556);
#552 = LINE('',#553,#554);
#553 = CARTESIAN_POINT('',(-0.585,-2.05));
#554 = VECTOR('',#555,1.);
#555 = DIRECTION('',(1.,0.));
#556 = ( GEOMETRIC_REPRESENTATION_CONTEXT(2) 
PARAMETRIC_REPRESENTATION_CONTEXT() REPRESENTATION_CONTEXT('2D SPACE',''
  ) );
#557 = PCURVE('',#558,#563);
#558 = PLANE('',#559);
#559 = AXIS2_PLACEMENT_3D('',#560,#561,#562);
#560 = CARTESIAN_POINT('',(47.04,-74.15,12.0000001));
#561 = DIRECTION('',(0.,-1.,1.224646799147E-16));
#562 = DIRECTION('',(1.,0.,0.));
#563 = DEFINITIONAL_REPRESENTATION('',(#564),#568);
#564 = LINE('',#565,#566);
#565 = CARTESIAN_POINT('',(0.,0.));
#566 = VECTOR('',#567,1.);
#567 = DIRECTION('',(1.,0.));
#568 = ( GEOMETRIC_REPRESENTATION_CONTEXT(2) 
PARAMETRIC_REPRESENTATION_CONTEXT() REPRESENTATION_CONTEXT('2D SPACE',''
  ) );
#569 = ORIENTED_EDGE('',*,*,#570,.F.);
#570 = EDGE_CURVE('',#571,#543,#573,.T.);
#571 = VERTEX_POINT('',#572);
#572 = CARTESIAN_POINT('',(47.04,-74.23524174515,12.0000001));
#573 = SURFACE_CURVE('',#574,(#578,#585),.PCURVE_S1.);
#574 = LINE('',#575,#576);
#575 = CARTESIAN_POINT('',(47.04,-78.25,12.0000001));
#576 = VECTOR('',#577,1.);
#577 = DIRECTION('',(0.,1.,-1.224646799147E-16));
#578 = PCURVE('',#119,#579);
#579 = DEFINITIONAL_REPRESENTATION('',(#580),#584);
#580 = LINE('',#581,#582);
#581 = CARTESIAN_POINT('',(-0.585,2.05));
#582 = VECTOR('',#583,1.);
#583 = DIRECTION('',(0.,-1.));
#584 = ( GEOMETRIC_REPRESENTATION_CONTEXT(2) 
PARAMETRIC_REPRESENTATION_CONTEXT() REPRESENTATION_CONTEXT('2D SPACE',''
  ) );
#585 = PCURVE('',#586,#591);
#586 = PLANE('',#587);
#587 = AXIS2_PLACEMENT_3D('',#588,#589,#590);
#588 = CARTESIAN_POINT('',(47.04,-78.25,12.0000001));
#589 = DIRECTION('',(1.,0.,0.));
#590 = DIRECTION('',(0.,1.,-1.224646799147E-16));
#591 = DEFINITIONAL_REPRESENTATION('',(#592),#596);
#592 = LINE('',#593,#594);
#593 = CARTESIAN_POINT('',(0.,0.));
#594 = VECTOR('',#595,1.);
#595 = DIRECTION('',(1.,0.));
#596 = ( GEOMETRIC_REPRESENTATION_CONTEXT(2) 
PARAMETRIC_REPRESENTATION_CONTEXT() REPRESENTATION_CONTEXT('2D SPACE',''
  ) );
#597 = ORIENTED_EDGE('',*,*,#598,.F.);
#598 = EDGE_CURVE('',#176,#571,#599,.T.);
#599 = SURFACE_CURVE('',#600,(#605,#612),.PCURVE_S1.);
#600 = CIRCLE('',#601,2.05);
#601 = AXIS2_PLACEMENT_3D('',#602,#603,#604);
#602 = CARTESIAN_POINT('',(47.625,-76.2,12.0000001));
#603 = DIRECTION('',(0.,-1.224646799147E-16,-1.));
#604 = DIRECTION('',(1.,0.,0.));
#605 = PCURVE('',#119,#606);
#606 = DEFINITIONAL_REPRESENTATION('',(#607),#611);
#607 = CIRCLE('',#608,2.05);
#608 = AXIS2_PLACEMENT_2D('',#609,#610);
#609 = CARTESIAN_POINT('',(0.,0.));
#610 = DIRECTION('',(1.,0.));
#611 = ( GEOMETRIC_REPRESENTATION_CONTEXT(2) 
PARAMETRIC_REPRESENTATION_CONTEXT() REPRESENTATION_CONTEXT('2D SPACE',''
  ) );
#612 = PCURVE('',#613,#618);
#613 = CONICAL_SURFACE('',#614,2.05,1.241895741027);
#614 = AXIS2_PLACEMENT_3D('',#615,#616,#617);
#615 = CARTESIAN_POINT('',(47.625,-76.2,12.0000001));
#616 = DIRECTION('',(-0.,1.224646799147E-16,1.));
#617 = DIRECTION('',(1.,0.,0.));
#618 = DEFINITIONAL_REPRESENTATION('',(#619),#623);
#619 = LINE('',#620,#621);
#620 = CARTESIAN_POINT('',(-0.,-0.));
#621 = VECTOR('',#622,1.);
#622 = DIRECTION('',(-1.,-0.));
#623 = ( GEOMETRIC_REPRESENTATION_CONTEXT(2) 
PARAMETRIC_REPRESENTATION_CONTEXT() REPRESENTATION_CONTEXT('2D SPACE',''
  ) );
#624 = ADVANCED_FACE('',(#625),#191,.T.);
#625 = FACE_BOUND('',#626,.T.);
#626 = EDGE_LOOP('',(#627,#628,#651,#679,#702));
#627 = ORIENTED_EDGE('',*,*,#173,.F.);
#628 = ORIENTED_EDGE('',*,*,#629,.T.);
#629 = EDGE_CURVE('',#174,#630,#632,.T.);
#630 = VERTEX_POINT('',#631);
#631 = CARTESIAN_POINT('',(45.575,-75.615,8.0000001));
#632 = SURFACE_CURVE('',#633,(#637,#644),.PCURVE_S1.);
#633 = LINE('',#634,#635);
#634 = CARTESIAN_POINT('',(45.575,-75.615,12.0000001));
#635 = VECTOR('',#636,1.);
#636 = DIRECTION('',(0.,-1.224646799147E-16,-1.));
#637 = PCURVE('',#191,#638);
#638 = DEFINITIONAL_REPRESENTATION('',(#639),#643);
#639 = LINE('',#640,#641);
#640 = CARTESIAN_POINT('',(0.,0.));
#641 = VECTOR('',#642,1.);
#642 = DIRECTION('',(0.,-1.));
#643 = ( GEOMETRIC_REPRESENTATION_CONTEXT(2) 
PARAMETRIC_REPRESENTATION_CONTEXT() REPRESENTATION_CONTEXT('2D SPACE',''
  ) );
#644 = PCURVE('',#219,#645);
#645 = DEFINITIONAL_REPRESENTATION('',(#646),#650);
#646 = LINE('',#647,#648);
#647 = CARTESIAN_POINT('',(1.17,1.432836755002E-16));
#648 = VECTOR('',#649,1.);
#649 = DIRECTION('',(0.,-1.));
#650 = ( GEOMETRIC_REPRESENTATION_CONTEXT(2) 
PARAMETRIC_REPRESENTATION_CONTEXT() REPRESENTATION_CONTEXT('2D SPACE',''
  ) );
#651 = ORIENTED_EDGE('',*,*,#652,.T.);
#652 = EDGE_CURVE('',#630,#653,#655,.T.);
#653 = VERTEX_POINT('',#654);
#654 = CARTESIAN_POINT('',(47.04,-75.615,8.0000001));
#655 = SURFACE_CURVE('',#656,(#660,#667),.PCURVE_S1.);
#656 = LINE('',#657,#658);
#657 = CARTESIAN_POINT('',(45.575,-75.615,8.0000001));
#658 = VECTOR('',#659,1.);
#659 = DIRECTION('',(1.,0.,0.));
#660 = PCURVE('',#191,#661);
#661 = DEFINITIONAL_REPRESENTATION('',(#662),#666);
#662 = LINE('',#663,#664);
#663 = CARTESIAN_POINT('',(0.,-4.));
#664 = VECTOR('',#665,1.);
#665 = DIRECTION('',(1.,0.));
#666 = ( GEOMETRIC_REPRESENTATION_CONTEXT(2) 
PARAMETRIC_REPRESENTATION_CONTEXT() REPRESENTATION_CONTEXT('2D SPACE',''
  ) );
#667 = PCURVE('',#668,#673);
#668 = PLANE('',#669);
#669 = AXIS2_PLACEMENT_3D('',#670,#671,#672);
#670 = CARTESIAN_POINT('',(47.625,-76.2,8.0000001));
#671 = DIRECTION('',(0.,-1.224646799147E-16,-1.));
#672 = DIRECTION('',(1.,0.,0.));
#673 = DEFINITIONAL_REPRESENTATION('',(#674),#678);
#674 = LINE('',#675,#676);
#675 = CARTESIAN_POINT('',(-2.05,-0.585));
#676 = VECTOR('',#677,1.);
#677 = DIRECTION('',(1.,0.));
#678 = ( GEOMETRIC_REPRESENTATION_CONTEXT(2) 
PARAMETRIC_REPRESENTATION_CONTEXT() REPRESENTATION_CONTEXT('2D SPACE',''
  ) );
#679 = ORIENTED_EDGE('',*,*,#680,.T.);
#680 = EDGE_CURVE('',#653,#681,#683,.T.);
#681 = VERTEX_POINT('',#682);
#682 = CARTESIAN_POINT('',(47.04,-75.615,11.582701442658));
#683 = SURFACE_CURVE('',#684,(#688,#695),.PCURVE_S1.);
#684 = LINE('',#685,#686);
#685 = CARTESIAN_POINT('',(47.04,-75.615,12.0000001));
#686 = VECTOR('',#687,1.);
#687 = DIRECTION('',(0.,1.224646799147E-16,1.));
#688 = PCURVE('',#191,#689);
#689 = DEFINITIONAL_REPRESENTATION('',(#690),#694);
#690 = LINE('',#691,#692);
#691 = CARTESIAN_POINT('',(1.465,0.));
#692 = VECTOR('',#693,1.);
#693 = DIRECTION('',(0.,1.));
#694 = ( GEOMETRIC_REPRESENTATION_CONTEXT(2) 
PARAMETRIC_REPRESENTATION_CONTEXT() REPRESENTATION_CONTEXT('2D SPACE',''
  ) );
#695 = PCURVE('',#586,#696);
#696 = DEFINITIONAL_REPRESENTATION('',(#697),#701);
#697 = LINE('',#698,#699);
#698 = CARTESIAN_POINT('',(2.635,3.226944315753E-16));
#699 = VECTOR('',#700,1.);
#700 = DIRECTION('',(0.,1.));
#701 = ( GEOMETRIC_REPRESENTATION_CONTEXT(2) 
PARAMETRIC_REPRESENTATION_CONTEXT() REPRESENTATION_CONTEXT('2D SPACE',''
  ) );
#702 = ORIENTED_EDGE('',*,*,#703,.T.);
#703 = EDGE_CURVE('',#681,#176,#704,.T.);
#704 = SURFACE_CURVE('',#705,(#710,#717),.PCURVE_S1.);
#705 = HYPERBOLA('',#706,0.199658703072,0.585);
#706 = AXIS2_PLACEMENT_3D('',#707,#708,#709);
#707 = CARTESIAN_POINT('',(47.625,-75.615,11.300341396928));
#708 = DIRECTION('',(0.,-1.,1.224646799147E-16));
#709 = DIRECTION('',(0.,1.224646799147E-16,1.));
#710 = PCURVE('',#191,#711);
#711 = DEFINITIONAL_REPRESENTATION('',(#712),#716);
#712 = HYPERBOLA('',#713,0.199658703072,0.585);
#713 = AXIS2_PLACEMENT_2D('',#714,#715);
#714 = CARTESIAN_POINT('',(2.05,-0.699658703072));
#715 = DIRECTION('',(0.,1.));
#716 = ( GEOMETRIC_REPRESENTATION_CONTEXT(2) 
PARAMETRIC_REPRESENTATION_CONTEXT() REPRESENTATION_CONTEXT('2D SPACE',''
  ) );
#717 = PCURVE('',#613,#718);
#718 = DEFINITIONAL_REPRESENTATION('',(#719),#729);
#719 = B_SPLINE_CURVE_WITH_KNOTS('',8,(#720,#721,#722,#723,#724,#725,
    #726,#727,#728),.UNSPECIFIED.,.F.,.F.,(9,9),(0.692805265153,
    1.926120566838),.PIECEWISE_BEZIER_KNOTS.);
#720 = CARTESIAN_POINT('',(-4.069161431973,-0.450136509435));
#721 = CARTESIAN_POINT('',(-3.945804602454,-0.427064463369));
#722 = CARTESIAN_POINT('',(-3.835482500879,-0.397214916989));
#723 = CARTESIAN_POINT('',(-3.739456602018,-0.359752317492));
#724 = CARTESIAN_POINT('',(-3.657066525207,-0.313497365848));
#725 = CARTESIAN_POINT('',(-3.58657610593,-0.256863919678));
#726 = CARTESIAN_POINT('',(-3.526396871821,-0.187750753971));
#727 = CARTESIAN_POINT('',(-3.47497404567,-0.103377406989));
#728 = CARTESIAN_POINT('',(-3.430980786433,-1.357532561488E-16));
#729 = ( GEOMETRIC_REPRESENTATION_CONTEXT(2) 
PARAMETRIC_REPRESENTATION_CONTEXT() REPRESENTATION_CONTEXT('2D SPACE',''
  ) );
#730 = ADVANCED_FACE('',(#731),#219,.T.);
#731 = FACE_BOUND('',#732,.T.);
#732 = EDGE_LOOP('',(#733,#756,#777,#778));
#733 = ORIENTED_EDGE('',*,*,#734,.T.);
#734 = EDGE_CURVE('',#204,#735,#737,.T.);
#735 = VERTEX_POINT('',#736);
#736 = CARTESIAN_POINT('',(45.575,-76.785,8.0000001));
#737 = SURFACE_CURVE('',#738,(#742,#749),.PCURVE_S1.);
#738 = LINE('',#739,#740);
#739 = CARTESIAN_POINT('',(45.575,-76.785,12.0000001));
#740 = VECTOR('',#741,1.);
#741 = DIRECTION('',(0.,-1.224646799147E-16,-1.));
#742 = PCURVE('',#219,#743);
#743 = DEFINITIONAL_REPRESENTATION('',(#744),#748);
#744 = LINE('',#745,#746);
#745 = CARTESIAN_POINT('',(0.,0.));
#746 = VECTOR('',#747,1.);
#747 = DIRECTION('',(0.,-1.));
#748 = ( GEOMETRIC_REPRESENTATION_CONTEXT(2) 
PARAMETRIC_REPRESENTATION_CONTEXT() REPRESENTATION_CONTEXT('2D SPACE',''
  ) );
#749 = PCURVE('',#247,#750);
#750 = DEFINITIONAL_REPRESENTATION('',(#751),#755);
#751 = LINE('',#752,#753);
#752 = CARTESIAN_POINT('',(4.1,0.));
#753 = VECTOR('',#754,1.);
#754 = DIRECTION('',(0.,-1.));
#755 = ( GEOMETRIC_REPRESENTATION_CONTEXT(2) 
PARAMETRIC_REPRESENTATION_CONTEXT() REPRESENTATION_CONTEXT('2D SPACE',''
  ) );
#756 = ORIENTED_EDGE('',*,*,#757,.T.);
#757 = EDGE_CURVE('',#735,#630,#758,.T.);
#758 = SURFACE_CURVE('',#759,(#763,#770),.PCURVE_S1.);
#759 = LINE('',#760,#761);
#760 = CARTESIAN_POINT('',(45.575,-76.785,8.0000001));
#761 = VECTOR('',#762,1.);
#762 = DIRECTION('',(0.,1.,-1.224646799147E-16));
#763 = PCURVE('',#219,#764);
#764 = DEFINITIONAL_REPRESENTATION('',(#765),#769);
#765 = LINE('',#766,#767);
#766 = CARTESIAN_POINT('',(4.898587196589E-16,-4.));
#767 = VECTOR('',#768,1.);
#768 = DIRECTION('',(1.,0.));
#769 = ( GEOMETRIC_REPRESENTATION_CONTEXT(2) 
PARAMETRIC_REPRESENTATION_CONTEXT() REPRESENTATION_CONTEXT('2D SPACE',''
  ) );
#770 = PCURVE('',#668,#771);
#771 = DEFINITIONAL_REPRESENTATION('',(#772),#776);
#772 = LINE('',#773,#774);
#773 = CARTESIAN_POINT('',(-2.05,0.585));
#774 = VECTOR('',#775,1.);
#775 = DIRECTION('',(0.,-1.));
#776 = ( GEOMETRIC_REPRESENTATION_CONTEXT(2) 
PARAMETRIC_REPRESENTATION_CONTEXT() REPRESENTATION_CONTEXT('2D SPACE',''
  ) );
#777 = ORIENTED_EDGE('',*,*,#629,.F.);
#778 = ORIENTED_EDGE('',*,*,#203,.F.);
#779 = ADVANCED_FACE('',(#780),#247,.T.);
#780 = FACE_BOUND('',#781,.T.);
#781 = EDGE_LOOP('',(#782,#783,#813,#836,#857));
#782 = ORIENTED_EDGE('',*,*,#231,.F.);
#783 = ORIENTED_EDGE('',*,*,#784,.T.);
#784 = EDGE_CURVE('',#232,#785,#787,.T.);
#785 = VERTEX_POINT('',#786);
#786 = CARTESIAN_POINT('',(47.04,-76.785,11.582701442658));
#787 = SURFACE_CURVE('',#788,(#793,#800),.PCURVE_S1.);
#788 = HYPERBOLA('',#789,0.199658703072,0.585);
#789 = AXIS2_PLACEMENT_3D('',#790,#791,#792);
#790 = CARTESIAN_POINT('',(47.625,-76.785,11.300341396928));
#791 = DIRECTION('',(0.,1.,-1.224646799147E-16));
#792 = DIRECTION('',(-0.,1.224646799147E-16,1.));
#793 = PCURVE('',#247,#794);
#794 = DEFINITIONAL_REPRESENTATION('',(#795),#799);
#795 = HYPERBOLA('',#796,0.199658703072,0.585);
#796 = AXIS2_PLACEMENT_2D('',#797,#798);
#797 = CARTESIAN_POINT('',(2.05,-0.699658703072));
#798 = DIRECTION('',(0.,1.));
#799 = ( GEOMETRIC_REPRESENTATION_CONTEXT(2) 
PARAMETRIC_REPRESENTATION_CONTEXT() REPRESENTATION_CONTEXT('2D SPACE',''
  ) );
#800 = PCURVE('',#276,#801);
#801 = DEFINITIONAL_REPRESENTATION('',(#802),#812);
#802 = B_SPLINE_CURVE_WITH_KNOTS('',8,(#803,#804,#805,#806,#807,#808,
    #809,#810,#811),.UNSPECIFIED.,.F.,.F.,(9,9),(-1.926120566838,
    -0.692805265153),.PIECEWISE_BEZIER_KNOTS.);
#803 = CARTESIAN_POINT('',(-2.852204520746,-1.357532561488E-16));
#804 = CARTESIAN_POINT('',(-2.808211261509,-0.103377406989));
#805 = CARTESIAN_POINT('',(-2.756788435351,-0.187750753972));
#806 = CARTESIAN_POINT('',(-2.69660920126,-0.256863919677));
#807 = CARTESIAN_POINT('',(-2.626118781935,-0.31349736585));
#808 = CARTESIAN_POINT('',(-2.543728705168,-0.359752317492));
#809 = CARTESIAN_POINT('',(-2.447702806295,-0.397214916989));
#810 = CARTESIAN_POINT('',(-2.337380704725,-0.427064463369));
#811 = CARTESIAN_POINT('',(-2.214023875207,-0.450136509435));
#812 = ( GEOMETRIC_REPRESENTATION_CONTEXT(2) 
PARAMETRIC_REPRESENTATION_CONTEXT() REPRESENTATION_CONTEXT('2D SPACE',''
  ) );
#813 = ORIENTED_EDGE('',*,*,#814,.T.);
#814 = EDGE_CURVE('',#785,#815,#817,.T.);
#815 = VERTEX_POINT('',#816);
#816 = CARTESIAN_POINT('',(47.04,-76.785,8.0000001));
#817 = SURFACE_CURVE('',#818,(#822,#829),.PCURVE_S1.);
#818 = LINE('',#819,#820);
#819 = CARTESIAN_POINT('',(47.04,-76.785,12.0000001));
#820 = VECTOR('',#821,1.);
#821 = DIRECTION('',(0.,-1.224646799147E-16,-1.));
#822 = PCURVE('',#247,#823);
#823 = DEFINITIONAL_REPRESENTATION('',(#824),#828);
#824 = LINE('',#825,#826);
#825 = CARTESIAN_POINT('',(2.635,0.));
#826 = VECTOR('',#827,1.);
#827 = DIRECTION('',(0.,-1.));
#828 = ( GEOMETRIC_REPRESENTATION_CONTEXT(2) 
PARAMETRIC_REPRESENTATION_CONTEXT() REPRESENTATION_CONTEXT('2D SPACE',''
  ) );
#829 = PCURVE('',#304,#830);
#830 = DEFINITIONAL_REPRESENTATION('',(#831),#835);
#831 = LINE('',#832,#833);
#832 = CARTESIAN_POINT('',(1.465,1.794107560751E-16));
#833 = VECTOR('',#834,1.);
#834 = DIRECTION('',(0.,-1.));
#835 = ( GEOMETRIC_REPRESENTATION_CONTEXT(2) 
PARAMETRIC_REPRESENTATION_CONTEXT() REPRESENTATION_CONTEXT('2D SPACE',''
  ) );
#836 = ORIENTED_EDGE('',*,*,#837,.T.);
#837 = EDGE_CURVE('',#815,#735,#838,.T.);
#838 = SURFACE_CURVE('',#839,(#843,#850),.PCURVE_S1.);
#839 = LINE('',#840,#841);
#840 = CARTESIAN_POINT('',(49.675,-76.785,8.0000001));
#841 = VECTOR('',#842,1.);
#842 = DIRECTION('',(-1.,-0.,0.));
#843 = PCURVE('',#247,#844);
#844 = DEFINITIONAL_REPRESENTATION('',(#845),#849);
#845 = LINE('',#846,#847);
#846 = CARTESIAN_POINT('',(-0.,-4.));
#847 = VECTOR('',#848,1.);
#848 = DIRECTION('',(1.,0.));
#849 = ( GEOMETRIC_REPRESENTATION_CONTEXT(2) 
PARAMETRIC_REPRESENTATION_CONTEXT() REPRESENTATION_CONTEXT('2D SPACE',''
  ) );
#850 = PCURVE('',#668,#851);
#851 = DEFINITIONAL_REPRESENTATION('',(#852),#856);
#852 = LINE('',#853,#854);
#853 = CARTESIAN_POINT('',(2.05,0.585));
#854 = VECTOR('',#855,1.);
#855 = DIRECTION('',(-1.,0.));
#856 = ( GEOMETRIC_REPRESENTATION_CONTEXT(2) 
PARAMETRIC_REPRESENTATION_CONTEXT() REPRESENTATION_CONTEXT('2D SPACE',''
  ) );
#857 = ORIENTED_EDGE('',*,*,#734,.F.);
#858 = ADVANCED_FACE('',(#859),#276,.F.);
#859 = FACE_BOUND('',#860,.F.);
#860 = EDGE_LOOP('',(#861,#889,#890));
#861 = ORIENTED_EDGE('',*,*,#862,.T.);
#862 = EDGE_CURVE('',#785,#260,#863,.T.);
#863 = SURFACE_CURVE('',#864,(#869,#882),.PCURVE_S1.);
#864 = HYPERBOLA('',#865,0.199658703072,0.585);
#865 = AXIS2_PLACEMENT_3D('',#866,#867,#868);
#866 = CARTESIAN_POINT('',(47.04,-76.2,11.300341396928));
#867 = DIRECTION('',(1.,0.,-0.));
#868 = DIRECTION('',(0.,1.224646799147E-16,1.));
#869 = PCURVE('',#276,#870);
#870 = DEFINITIONAL_REPRESENTATION('',(#871),#881);
#871 = B_SPLINE_CURVE_WITH_KNOTS('',8,(#872,#873,#874,#875,#876,#877,
    #878,#879,#880),.UNSPECIFIED.,.F.,.F.,(9,9),(0.692805265153,
    1.926120566838),.PIECEWISE_BEZIER_KNOTS.);
#872 = CARTESIAN_POINT('',(-2.498365105178,-0.450136509435));
#873 = CARTESIAN_POINT('',(-2.375008275659,-0.427064463369));
#874 = CARTESIAN_POINT('',(-2.264686174086,-0.397214916989));
#875 = CARTESIAN_POINT('',(-2.168660275214,-0.359752317492));
#876 = CARTESIAN_POINT('',(-2.086270198428,-0.313497365848));
#877 = CARTESIAN_POINT('',(-2.015779779136,-0.256863919678));
#878 = CARTESIAN_POINT('',(-1.955600545028,-0.187750753971));
#879 = CARTESIAN_POINT('',(-1.904177718875,-0.103377406989));
#880 = CARTESIAN_POINT('',(-1.860184459638,-1.357532561488E-16));
#881 = ( GEOMETRIC_REPRESENTATION_CONTEXT(2) 
PARAMETRIC_REPRESENTATION_CONTEXT() REPRESENTATION_CONTEXT('2D SPACE',''
  ) );
#882 = PCURVE('',#304,#883);
#883 = DEFINITIONAL_REPRESENTATION('',(#884),#888);
#884 = HYPERBOLA('',#885,0.199658703072,0.585);
#885 = AXIS2_PLACEMENT_2D('',#886,#887);
#886 = CARTESIAN_POINT('',(2.05,-0.699658703072));
#887 = DIRECTION('',(0.,1.));
#888 = ( GEOMETRIC_REPRESENTATION_CONTEXT(2) 
PARAMETRIC_REPRESENTATION_CONTEXT() REPRESENTATION_CONTEXT('2D SPACE',''
  ) );
#889 = ORIENTED_EDGE('',*,*,#259,.T.);
#890 = ORIENTED_EDGE('',*,*,#784,.T.);
#891 = ADVANCED_FACE('',(#892),#304,.T.);
#892 = FACE_BOUND('',#893,.T.);
#893 = EDGE_LOOP('',(#894,#895,#918,#939,#940));
#894 = ORIENTED_EDGE('',*,*,#288,.F.);
#895 = ORIENTED_EDGE('',*,*,#896,.T.);
#896 = EDGE_CURVE('',#289,#897,#899,.T.);
#897 = VERTEX_POINT('',#898);
#898 = CARTESIAN_POINT('',(47.04,-78.25,8.0000001));
#899 = SURFACE_CURVE('',#900,(#904,#911),.PCURVE_S1.);
#900 = LINE('',#901,#902);
#901 = CARTESIAN_POINT('',(47.04,-78.25,12.0000001));
#902 = VECTOR('',#903,1.);
#903 = DIRECTION('',(0.,-1.224646799147E-16,-1.));
#904 = PCURVE('',#304,#905);
#905 = DEFINITIONAL_REPRESENTATION('',(#906),#910);
#906 = LINE('',#907,#908);
#907 = CARTESIAN_POINT('',(0.,0.));
#908 = VECTOR('',#909,1.);
#909 = DIRECTION('',(0.,-1.));
#910 = ( GEOMETRIC_REPRESENTATION_CONTEXT(2) 
PARAMETRIC_REPRESENTATION_CONTEXT() REPRESENTATION_CONTEXT('2D SPACE',''
  ) );
#911 = PCURVE('',#332,#912);
#912 = DEFINITIONAL_REPRESENTATION('',(#913),#917);
#913 = LINE('',#914,#915);
#914 = CARTESIAN_POINT('',(1.17,0.));
#915 = VECTOR('',#916,1.);
#916 = DIRECTION('',(0.,-1.));
#917 = ( GEOMETRIC_REPRESENTATION_CONTEXT(2) 
PARAMETRIC_REPRESENTATION_CONTEXT() REPRESENTATION_CONTEXT('2D SPACE',''
  ) );
#918 = ORIENTED_EDGE('',*,*,#919,.T.);
#919 = EDGE_CURVE('',#897,#815,#920,.T.);
#920 = SURFACE_CURVE('',#921,(#925,#932),.PCURVE_S1.);
#921 = LINE('',#922,#923);
#922 = CARTESIAN_POINT('',(47.04,-78.25,8.0000001));
#923 = VECTOR('',#924,1.);
#924 = DIRECTION('',(0.,1.,-1.224646799147E-16));
#925 = PCURVE('',#304,#926);
#926 = DEFINITIONAL_REPRESENTATION('',(#927),#931);
#927 = LINE('',#928,#929);
#928 = CARTESIAN_POINT('',(4.898587196589E-16,-4.));
#929 = VECTOR('',#930,1.);
#930 = DIRECTION('',(1.,0.));
#931 = ( GEOMETRIC_REPRESENTATION_CONTEXT(2) 
PARAMETRIC_REPRESENTATION_CONTEXT() REPRESENTATION_CONTEXT('2D SPACE',''
  ) );
#932 = PCURVE('',#668,#933);
#933 = DEFINITIONAL_REPRESENTATION('',(#934),#938);
#934 = LINE('',#935,#936);
#935 = CARTESIAN_POINT('',(-0.585,2.05));
#936 = VECTOR('',#937,1.);
#937 = DIRECTION('',(0.,-1.));
#938 = ( GEOMETRIC_REPRESENTATION_CONTEXT(2) 
PARAMETRIC_REPRESENTATION_CONTEXT() REPRESENTATION_CONTEXT('2D SPACE',''
  ) );
#939 = ORIENTED_EDGE('',*,*,#814,.F.);
#940 = ORIENTED_EDGE('',*,*,#862,.T.);
#941 = ADVANCED_FACE('',(#942),#332,.T.);
#942 = FACE_BOUND('',#943,.T.);
#943 = EDGE_LOOP('',(#944,#967,#988,#989));
#944 = ORIENTED_EDGE('',*,*,#945,.T.);
#945 = EDGE_CURVE('',#317,#946,#948,.T.);
#946 = VERTEX_POINT('',#947);
#947 = CARTESIAN_POINT('',(48.21,-78.25,8.0000001));
#948 = SURFACE_CURVE('',#949,(#953,#960),.PCURVE_S1.);
#949 = LINE('',#950,#951);
#950 = CARTESIAN_POINT('',(48.21,-78.25,12.0000001));
#951 = VECTOR('',#952,1.);
#952 = DIRECTION('',(0.,-1.224646799147E-16,-1.));
#953 = PCURVE('',#332,#954);
#954 = DEFINITIONAL_REPRESENTATION('',(#955),#959);
#955 = LINE('',#956,#957);
#956 = CARTESIAN_POINT('',(0.,0.));
#957 = VECTOR('',#958,1.);
#958 = DIRECTION('',(0.,-1.));
#959 = ( GEOMETRIC_REPRESENTATION_CONTEXT(2) 
PARAMETRIC_REPRESENTATION_CONTEXT() REPRESENTATION_CONTEXT('2D SPACE',''
  ) );
#960 = PCURVE('',#360,#961);
#961 = DEFINITIONAL_REPRESENTATION('',(#962),#966);
#962 = LINE('',#963,#964);
#963 = CARTESIAN_POINT('',(4.1,-5.021051876504E-16));
#964 = VECTOR('',#965,1.);
#965 = DIRECTION('',(0.,-1.));
#966 = ( GEOMETRIC_REPRESENTATION_CONTEXT(2) 
PARAMETRIC_REPRESENTATION_CONTEXT() REPRESENTATION_CONTEXT('2D SPACE',''
  ) );
#967 = ORIENTED_EDGE('',*,*,#968,.T.);
#968 = EDGE_CURVE('',#946,#897,#969,.T.);
#969 = SURFACE_CURVE('',#970,(#974,#981),.PCURVE_S1.);
#970 = LINE('',#971,#972);
#971 = CARTESIAN_POINT('',(48.21,-78.25,8.0000001));
#972 = VECTOR('',#973,1.);
#973 = DIRECTION('',(-1.,-0.,0.));
#974 = PCURVE('',#332,#975);
#975 = DEFINITIONAL_REPRESENTATION('',(#976),#980);
#976 = LINE('',#977,#978);
#977 = CARTESIAN_POINT('',(-0.,-4.));
#978 = VECTOR('',#979,1.);
#979 = DIRECTION('',(1.,0.));
#980 = ( GEOMETRIC_REPRESENTATION_CONTEXT(2) 
PARAMETRIC_REPRESENTATION_CONTEXT() REPRESENTATION_CONTEXT('2D SPACE',''
  ) );
#981 = PCURVE('',#668,#982);
#982 = DEFINITIONAL_REPRESENTATION('',(#983),#987);
#983 = LINE('',#984,#985);
#984 = CARTESIAN_POINT('',(0.585,2.05));
#985 = VECTOR('',#986,1.);
#986 = DIRECTION('',(-1.,0.));
#987 = ( GEOMETRIC_REPRESENTATION_CONTEXT(2) 
PARAMETRIC_REPRESENTATION_CONTEXT() REPRESENTATION_CONTEXT('2D SPACE',''
  ) );
#988 = ORIENTED_EDGE('',*,*,#896,.F.);
#989 = ORIENTED_EDGE('',*,*,#316,.F.);
#990 = ADVANCED_FACE('',(#991),#360,.T.);
#991 = FACE_BOUND('',#992,.T.);
#992 = EDGE_LOOP('',(#993,#994,#1024,#1047,#1068));
#993 = ORIENTED_EDGE('',*,*,#344,.F.);
#994 = ORIENTED_EDGE('',*,*,#995,.T.);
#995 = EDGE_CURVE('',#345,#996,#998,.T.);
#996 = VERTEX_POINT('',#997);
#997 = CARTESIAN_POINT('',(48.21,-76.785,11.582701442658));
#998 = SURFACE_CURVE('',#999,(#1004,#1011),.PCURVE_S1.);
#999 = HYPERBOLA('',#1000,0.199658703072,0.585);
#1000 = AXIS2_PLACEMENT_3D('',#1001,#1002,#1003);
#1001 = CARTESIAN_POINT('',(48.21,-76.2,11.300341396928));
#1002 = DIRECTION('',(-1.,0.,0.));
#1003 = DIRECTION('',(0.,1.224646799147E-16,1.));
#1004 = PCURVE('',#360,#1005);
#1005 = DEFINITIONAL_REPRESENTATION('',(#1006),#1010);
#1006 = HYPERBOLA('',#1007,0.199658703072,0.585);
#1007 = AXIS2_PLACEMENT_2D('',#1008,#1009);
#1008 = CARTESIAN_POINT('',(2.05,-0.699658703072));
#1009 = DIRECTION('',(0.,1.));
#1010 = ( GEOMETRIC_REPRESENTATION_CONTEXT(2) 
PARAMETRIC_REPRESENTATION_CONTEXT() REPRESENTATION_CONTEXT('2D SPACE',''
  ) );
#1011 = PCURVE('',#389,#1012);
#1012 = DEFINITIONAL_REPRESENTATION('',(#1013),#1023);
#1013 = B_SPLINE_CURVE_WITH_KNOTS('',8,(#1014,#1015,#1016,#1017,#1018,
    #1019,#1020,#1021,#1022),.UNSPECIFIED.,.F.,.F.,(9,9),(
    -1.926120566838,-0.692805265153),.PIECEWISE_BEZIER_KNOTS.);
#1014 = CARTESIAN_POINT('',(-1.281408193951,-1.357532561488E-16));
#1015 = CARTESIAN_POINT('',(-1.237414934714,-0.103377406989));
#1016 = CARTESIAN_POINT('',(-1.185992108561,-0.187750753972));
#1017 = CARTESIAN_POINT('',(-1.125812874457,-0.256863919677));
#1018 = CARTESIAN_POINT('',(-1.055322455155,-0.31349736585));
#1019 = CARTESIAN_POINT('',(-0.972932378374,-0.359752317492));
#1020 = CARTESIAN_POINT('',(-0.876906479502,-0.397214916989));
#1021 = CARTESIAN_POINT('',(-0.76658437793,-0.427064463369));
#1022 = CARTESIAN_POINT('',(-0.643227548412,-0.450136509435));
#1023 = ( GEOMETRIC_REPRESENTATION_CONTEXT(2) 
PARAMETRIC_REPRESENTATION_CONTEXT() REPRESENTATION_CONTEXT('2D SPACE',''
  ) );
#1024 = ORIENTED_EDGE('',*,*,#1025,.F.);
#1025 = EDGE_CURVE('',#1026,#996,#1028,.T.);
#1026 = VERTEX_POINT('',#1027);
#1027 = CARTESIAN_POINT('',(48.21,-76.785,8.0000001));
#1028 = SURFACE_CURVE('',#1029,(#1033,#1040),.PCURVE_S1.);
#1029 = LINE('',#1030,#1031);
#1030 = CARTESIAN_POINT('',(48.21,-76.785,12.0000001));
#1031 = VECTOR('',#1032,1.);
#1032 = DIRECTION('',(-0.,1.224646799147E-16,1.));
#1033 = PCURVE('',#360,#1034);
#1034 = DEFINITIONAL_REPRESENTATION('',(#1035),#1039);
#1035 = LINE('',#1036,#1037);
#1036 = CARTESIAN_POINT('',(2.635,-3.226944315753E-16));
#1037 = VECTOR('',#1038,1.);
#1038 = DIRECTION('',(0.,1.));
#1039 = ( GEOMETRIC_REPRESENTATION_CONTEXT(2) 
PARAMETRIC_REPRESENTATION_CONTEXT() REPRESENTATION_CONTEXT('2D SPACE',''
  ) );
#1040 = PCURVE('',#417,#1041);
#1041 = DEFINITIONAL_REPRESENTATION('',(#1042),#1046);
#1042 = LINE('',#1043,#1044);
#1043 = CARTESIAN_POINT('',(1.465,0.));
#1044 = VECTOR('',#1045,1.);
#1045 = DIRECTION('',(0.,1.));
#1046 = ( GEOMETRIC_REPRESENTATION_CONTEXT(2) 
PARAMETRIC_REPRESENTATION_CONTEXT() REPRESENTATION_CONTEXT('2D SPACE',''
  ) );
#1047 = ORIENTED_EDGE('',*,*,#1048,.T.);
#1048 = EDGE_CURVE('',#1026,#946,#1049,.T.);
#1049 = SURFACE_CURVE('',#1050,(#1054,#1061),.PCURVE_S1.);
#1050 = LINE('',#1051,#1052);
#1051 = CARTESIAN_POINT('',(48.21,-74.15,8.0000001));
#1052 = VECTOR('',#1053,1.);
#1053 = DIRECTION('',(0.,-1.,1.224646799147E-16));
#1054 = PCURVE('',#360,#1055);
#1055 = DEFINITIONAL_REPRESENTATION('',(#1056),#1060);
#1056 = LINE('',#1057,#1058);
#1057 = CARTESIAN_POINT('',(-4.898587196589E-16,-4.));
#1058 = VECTOR('',#1059,1.);
#1059 = DIRECTION('',(1.,0.));
#1060 = ( GEOMETRIC_REPRESENTATION_CONTEXT(2) 
PARAMETRIC_REPRESENTATION_CONTEXT() REPRESENTATION_CONTEXT('2D SPACE',''
  ) );
#1061 = PCURVE('',#668,#1062);
#1062 = DEFINITIONAL_REPRESENTATION('',(#1063),#1067);
#1063 = LINE('',#1064,#1065);
#1064 = CARTESIAN_POINT('',(0.585,-2.05));
#1065 = VECTOR('',#1066,1.);
#1066 = DIRECTION('',(0.,1.));
#1067 = ( GEOMETRIC_REPRESENTATION_CONTEXT(2) 
PARAMETRIC_REPRESENTATION_CONTEXT() REPRESENTATION_CONTEXT('2D SPACE',''
  ) );
#1068 = ORIENTED_EDGE('',*,*,#945,.F.);
#1069 = ADVANCED_FACE('',(#1070),#389,.F.);
#1070 = FACE_BOUND('',#1071,.F.);
#1071 = EDGE_LOOP('',(#1072,#1100,#1101));
#1072 = ORIENTED_EDGE('',*,*,#1073,.T.);
#1073 = EDGE_CURVE('',#996,#373,#1074,.T.);
#1074 = SURFACE_CURVE('',#1075,(#1080,#1093),.PCURVE_S1.);
#1075 = HYPERBOLA('',#1076,0.199658703072,0.585);
#1076 = AXIS2_PLACEMENT_3D('',#1077,#1078,#1079);
#1077 = CARTESIAN_POINT('',(47.625,-76.785,11.300341396928));
#1078 = DIRECTION('',(0.,1.,-1.224646799147E-16));
#1079 = DIRECTION('',(-0.,1.224646799147E-16,1.));
#1080 = PCURVE('',#389,#1081);
#1081 = DEFINITIONAL_REPRESENTATION('',(#1082),#1092);
#1082 = B_SPLINE_CURVE_WITH_KNOTS('',8,(#1083,#1084,#1085,#1086,#1087,
    #1088,#1089,#1090,#1091),.UNSPECIFIED.,.F.,.F.,(9,9),(0.692805265153
    ,1.926120566838),.PIECEWISE_BEZIER_KNOTS.);
#1083 = CARTESIAN_POINT('',(-0.927568778383,-0.450136509435));
#1084 = CARTESIAN_POINT('',(-0.804211948864,-0.427064463369));
#1085 = CARTESIAN_POINT('',(-0.693889847292,-0.397214916989));
#1086 = CARTESIAN_POINT('',(-0.597863948423,-0.359752317492));
#1087 = CARTESIAN_POINT('',(-0.515473871637,-0.313497365849));
#1088 = CARTESIAN_POINT('',(-0.44498345234,-0.256863919677));
#1089 = CARTESIAN_POINT('',(-0.384804218233,-0.187750753971));
#1090 = CARTESIAN_POINT('',(-0.333381392081,-0.103377406989));
#1091 = CARTESIAN_POINT('',(-0.289388132844,-1.357532561488E-16));
#1092 = ( GEOMETRIC_REPRESENTATION_CONTEXT(2) 
PARAMETRIC_REPRESENTATION_CONTEXT() REPRESENTATION_CONTEXT('2D SPACE',''
  ) );
#1093 = PCURVE('',#417,#1094);
#1094 = DEFINITIONAL_REPRESENTATION('',(#1095),#1099);
#1095 = HYPERBOLA('',#1096,0.199658703072,0.585);
#1096 = AXIS2_PLACEMENT_2D('',#1097,#1098);
#1097 = CARTESIAN_POINT('',(2.05,-0.699658703072));
#1098 = DIRECTION('',(0.,1.));
#1099 = ( GEOMETRIC_REPRESENTATION_CONTEXT(2) 
PARAMETRIC_REPRESENTATION_CONTEXT() REPRESENTATION_CONTEXT('2D SPACE',''
  ) );
#1100 = ORIENTED_EDGE('',*,*,#372,.T.);
#1101 = ORIENTED_EDGE('',*,*,#995,.T.);
#1102 = ADVANCED_FACE('',(#1103),#417,.T.);
#1103 = FACE_BOUND('',#1104,.T.);
#1104 = EDGE_LOOP('',(#1105,#1106,#1129,#1150,#1151));
#1105 = ORIENTED_EDGE('',*,*,#401,.F.);
#1106 = ORIENTED_EDGE('',*,*,#1107,.T.);
#1107 = EDGE_CURVE('',#402,#1108,#1110,.T.);
#1108 = VERTEX_POINT('',#1109);
#1109 = CARTESIAN_POINT('',(49.675,-76.785,8.0000001));
#1110 = SURFACE_CURVE('',#1111,(#1115,#1122),.PCURVE_S1.);
#1111 = LINE('',#1112,#1113);
#1112 = CARTESIAN_POINT('',(49.675,-76.785,12.0000001));
#1113 = VECTOR('',#1114,1.);
#1114 = DIRECTION('',(0.,-1.224646799147E-16,-1.));
#1115 = PCURVE('',#417,#1116);
#1116 = DEFINITIONAL_REPRESENTATION('',(#1117),#1121);
#1117 = LINE('',#1118,#1119);
#1118 = CARTESIAN_POINT('',(0.,0.));
#1119 = VECTOR('',#1120,1.);
#1120 = DIRECTION('',(0.,-1.));
#1121 = ( GEOMETRIC_REPRESENTATION_CONTEXT(2) 
PARAMETRIC_REPRESENTATION_CONTEXT() REPRESENTATION_CONTEXT('2D SPACE',''
  ) );
#1122 = PCURVE('',#445,#1123);
#1123 = DEFINITIONAL_REPRESENTATION('',(#1124),#1128);
#1124 = LINE('',#1125,#1126);
#1125 = CARTESIAN_POINT('',(1.17,-1.432836755002E-16));
#1126 = VECTOR('',#1127,1.);
#1127 = DIRECTION('',(0.,-1.));
#1128 = ( GEOMETRIC_REPRESENTATION_CONTEXT(2) 
PARAMETRIC_REPRESENTATION_CONTEXT() REPRESENTATION_CONTEXT('2D SPACE',''
  ) );
#1129 = ORIENTED_EDGE('',*,*,#1130,.T.);
#1130 = EDGE_CURVE('',#1108,#1026,#1131,.T.);
#1131 = SURFACE_CURVE('',#1132,(#1136,#1143),.PCURVE_S1.);
#1132 = LINE('',#1133,#1134);
#1133 = CARTESIAN_POINT('',(49.675,-76.785,8.0000001));
#1134 = VECTOR('',#1135,1.);
#1135 = DIRECTION('',(-1.,-0.,0.));
#1136 = PCURVE('',#417,#1137);
#1137 = DEFINITIONAL_REPRESENTATION('',(#1138),#1142);
#1138 = LINE('',#1139,#1140);
#1139 = CARTESIAN_POINT('',(-0.,-4.));
#1140 = VECTOR('',#1141,1.);
#1141 = DIRECTION('',(1.,0.));
#1142 = ( GEOMETRIC_REPRESENTATION_CONTEXT(2) 
PARAMETRIC_REPRESENTATION_CONTEXT() REPRESENTATION_CONTEXT('2D SPACE',''
  ) );
#1143 = PCURVE('',#668,#1144);
#1144 = DEFINITIONAL_REPRESENTATION('',(#1145),#1149);
#1145 = LINE('',#1146,#1147);
#1146 = CARTESIAN_POINT('',(2.05,0.585));
#1147 = VECTOR('',#1148,1.);
#1148 = DIRECTION('',(-1.,0.));
#1149 = ( GEOMETRIC_REPRESENTATION_CONTEXT(2) 
PARAMETRIC_REPRESENTATION_CONTEXT() REPRESENTATION_CONTEXT('2D SPACE',''
  ) );
#1150 = ORIENTED_EDGE('',*,*,#1025,.T.);
#1151 = ORIENTED_EDGE('',*,*,#1073,.T.);
#1152 = ADVANCED_FACE('',(#1153),#445,.T.);
#1153 = FACE_BOUND('',#1154,.T.);
#1154 = EDGE_LOOP('',(#1155,#1178,#1199,#1200));
#1155 = ORIENTED_EDGE('',*,*,#1156,.T.);
#1156 = EDGE_CURVE('',#430,#1157,#1159,.T.);
#1157 = VERTEX_POINT('',#1158);
#1158 = CARTESIAN_POINT('',(49.675,-75.615,8.0000001));
#1159 = SURFACE_CURVE('',#1160,(#1164,#1171),.PCURVE_S1.);
#1160 = LINE('',#1161,#1162);
#1161 = CARTESIAN_POINT('',(49.675,-75.615,12.0000001));
#1162 = VECTOR('',#1163,1.);
#1163 = DIRECTION('',(0.,-1.224646799147E-16,-1.));
#1164 = PCURVE('',#445,#1165);
#1165 = DEFINITIONAL_REPRESENTATION('',(#1166),#1170);
#1166 = LINE('',#1167,#1168);
#1167 = CARTESIAN_POINT('',(0.,0.));
#1168 = VECTOR('',#1169,1.);
#1169 = DIRECTION('',(0.,-1.));
#1170 = ( GEOMETRIC_REPRESENTATION_CONTEXT(2) 
PARAMETRIC_REPRESENTATION_CONTEXT() REPRESENTATION_CONTEXT('2D SPACE',''
  ) );
#1171 = PCURVE('',#473,#1172);
#1172 = DEFINITIONAL_REPRESENTATION('',(#1173),#1177);
#1173 = LINE('',#1174,#1175);
#1174 = CARTESIAN_POINT('',(4.1,0.));
#1175 = VECTOR('',#1176,1.);
#1176 = DIRECTION('',(0.,-1.));
#1177 = ( GEOMETRIC_REPRESENTATION_CONTEXT(2) 
PARAMETRIC_REPRESENTATION_CONTEXT() REPRESENTATION_CONTEXT('2D SPACE',''
  ) );
#1178 = ORIENTED_EDGE('',*,*,#1179,.T.);
#1179 = EDGE_CURVE('',#1157,#1108,#1180,.T.);
#1180 = SURFACE_CURVE('',#1181,(#1185,#1192),.PCURVE_S1.);
#1181 = LINE('',#1182,#1183);
#1182 = CARTESIAN_POINT('',(49.675,-75.615,8.0000001));
#1183 = VECTOR('',#1184,1.);
#1184 = DIRECTION('',(0.,-1.,1.224646799147E-16));
#1185 = PCURVE('',#445,#1186);
#1186 = DEFINITIONAL_REPRESENTATION('',(#1187),#1191);
#1187 = LINE('',#1188,#1189);
#1188 = CARTESIAN_POINT('',(-4.898587196589E-16,-4.));
#1189 = VECTOR('',#1190,1.);
#1190 = DIRECTION('',(1.,0.));
#1191 = ( GEOMETRIC_REPRESENTATION_CONTEXT(2) 
PARAMETRIC_REPRESENTATION_CONTEXT() REPRESENTATION_CONTEXT('2D SPACE',''
  ) );
#1192 = PCURVE('',#668,#1193);
#1193 = DEFINITIONAL_REPRESENTATION('',(#1194),#1198);
#1194 = LINE('',#1195,#1196);
#1195 = CARTESIAN_POINT('',(2.05,-0.585));
#1196 = VECTOR('',#1197,1.);
#1197 = DIRECTION('',(0.,1.));
#1198 = ( GEOMETRIC_REPRESENTATION_CONTEXT(2) 
PARAMETRIC_REPRESENTATION_CONTEXT() REPRESENTATION_CONTEXT('2D SPACE',''
  ) );
#1199 = ORIENTED_EDGE('',*,*,#1107,.F.);
#1200 = ORIENTED_EDGE('',*,*,#429,.F.);
#1201 = ADVANCED_FACE('',(#1202),#473,.T.);
#1202 = FACE_BOUND('',#1203,.T.);
#1203 = EDGE_LOOP('',(#1204,#1205,#1235,#1258,#1279));
#1204 = ORIENTED_EDGE('',*,*,#457,.F.);
#1205 = ORIENTED_EDGE('',*,*,#1206,.T.);
#1206 = EDGE_CURVE('',#458,#1207,#1209,.T.);
#1207 = VERTEX_POINT('',#1208);
#1208 = CARTESIAN_POINT('',(48.21,-75.615,11.582701442658));
#1209 = SURFACE_CURVE('',#1210,(#1215,#1222),.PCURVE_S1.);
#1210 = HYPERBOLA('',#1211,0.199658703072,0.585);
#1211 = AXIS2_PLACEMENT_3D('',#1212,#1213,#1214);
#1212 = CARTESIAN_POINT('',(47.625,-75.615,11.300341396928));
#1213 = DIRECTION('',(0.,-1.,1.224646799147E-16));
#1214 = DIRECTION('',(0.,1.224646799147E-16,1.));
#1215 = PCURVE('',#473,#1216);
#1216 = DEFINITIONAL_REPRESENTATION('',(#1217),#1221);
#1217 = HYPERBOLA('',#1218,0.199658703072,0.585);
#1218 = AXIS2_PLACEMENT_2D('',#1219,#1220);
#1219 = CARTESIAN_POINT('',(2.05,-0.699658703072));
#1220 = DIRECTION('',(0.,1.));
#1221 = ( GEOMETRIC_REPRESENTATION_CONTEXT(2) 
PARAMETRIC_REPRESENTATION_CONTEXT() REPRESENTATION_CONTEXT('2D SPACE',''
  ) );
#1222 = PCURVE('',#502,#1223);
#1223 = DEFINITIONAL_REPRESENTATION('',(#1224),#1234);
#1224 = B_SPLINE_CURVE_WITH_KNOTS('',8,(#1225,#1226,#1227,#1228,#1229,
    #1230,#1231,#1232,#1233),.UNSPECIFIED.,.F.,.F.,(9,9),(
    -1.926120566838,-0.692805265153),.PIECEWISE_BEZIER_KNOTS.);
#1225 = CARTESIAN_POINT('',(-5.993797174336,-1.357532561488E-16));
#1226 = CARTESIAN_POINT('',(-5.949803915099,-0.103377406989));
#1227 = CARTESIAN_POINT('',(-5.898381088934,-0.187750753971));
#1228 = CARTESIAN_POINT('',(-5.838201854869,-0.256863919677));
#1229 = CARTESIAN_POINT('',(-5.767711435466,-0.31349736585));
#1230 = CARTESIAN_POINT('',(-5.685321358782,-0.359752317492));
#1231 = CARTESIAN_POINT('',(-5.589295459875,-0.397214916989));
#1232 = CARTESIAN_POINT('',(-5.478973358315,-0.427064463369));
#1233 = CARTESIAN_POINT('',(-5.355616528796,-0.450136509435));
#1234 = ( GEOMETRIC_REPRESENTATION_CONTEXT(2) 
PARAMETRIC_REPRESENTATION_CONTEXT() REPRESENTATION_CONTEXT('2D SPACE',''
  ) );
#1235 = ORIENTED_EDGE('',*,*,#1236,.T.);
#1236 = EDGE_CURVE('',#1207,#1237,#1239,.T.);
#1237 = VERTEX_POINT('',#1238);
#1238 = CARTESIAN_POINT('',(48.21,-75.615,8.0000001));
#1239 = SURFACE_CURVE('',#1240,(#1244,#1251),.PCURVE_S1.);
#1240 = LINE('',#1241,#1242);
#1241 = CARTESIAN_POINT('',(48.21,-75.615,12.0000001));
#1242 = VECTOR('',#1243,1.);
#1243 = DIRECTION('',(0.,-1.224646799147E-16,-1.));
#1244 = PCURVE('',#473,#1245);
#1245 = DEFINITIONAL_REPRESENTATION('',(#1246),#1250);
#1246 = LINE('',#1247,#1248);
#1247 = CARTESIAN_POINT('',(2.635,0.));
#1248 = VECTOR('',#1249,1.);
#1249 = DIRECTION('',(0.,-1.));
#1250 = ( GEOMETRIC_REPRESENTATION_CONTEXT(2) 
PARAMETRIC_REPRESENTATION_CONTEXT() REPRESENTATION_CONTEXT('2D SPACE',''
  ) );
#1251 = PCURVE('',#530,#1252);
#1252 = DEFINITIONAL_REPRESENTATION('',(#1253),#1257);
#1253 = LINE('',#1254,#1255);
#1254 = CARTESIAN_POINT('',(1.465,-1.794107560751E-16));
#1255 = VECTOR('',#1256,1.);
#1256 = DIRECTION('',(0.,-1.));
#1257 = ( GEOMETRIC_REPRESENTATION_CONTEXT(2) 
PARAMETRIC_REPRESENTATION_CONTEXT() REPRESENTATION_CONTEXT('2D SPACE',''
  ) );
#1258 = ORIENTED_EDGE('',*,*,#1259,.T.);
#1259 = EDGE_CURVE('',#1237,#1157,#1260,.T.);
#1260 = SURFACE_CURVE('',#1261,(#1265,#1272),.PCURVE_S1.);
#1261 = LINE('',#1262,#1263);
#1262 = CARTESIAN_POINT('',(45.575,-75.615,8.0000001));
#1263 = VECTOR('',#1264,1.);
#1264 = DIRECTION('',(1.,0.,0.));
#1265 = PCURVE('',#473,#1266);
#1266 = DEFINITIONAL_REPRESENTATION('',(#1267),#1271);
#1267 = LINE('',#1268,#1269);
#1268 = CARTESIAN_POINT('',(0.,-4.));
#1269 = VECTOR('',#1270,1.);
#1270 = DIRECTION('',(1.,0.));
#1271 = ( GEOMETRIC_REPRESENTATION_CONTEXT(2) 
PARAMETRIC_REPRESENTATION_CONTEXT() REPRESENTATION_CONTEXT('2D SPACE',''
  ) );
#1272 = PCURVE('',#668,#1273);
#1273 = DEFINITIONAL_REPRESENTATION('',(#1274),#1278);
#1274 = LINE('',#1275,#1276);
#1275 = CARTESIAN_POINT('',(-2.05,-0.585));
#1276 = VECTOR('',#1277,1.);
#1277 = DIRECTION('',(1.,0.));
#1278 = ( GEOMETRIC_REPRESENTATION_CONTEXT(2) 
PARAMETRIC_REPRESENTATION_CONTEXT() REPRESENTATION_CONTEXT('2D SPACE',''
  ) );
#1279 = ORIENTED_EDGE('',*,*,#1156,.F.);
#1280 = ADVANCED_FACE('',(#1281),#502,.F.);
#1281 = FACE_BOUND('',#1282,.F.);
#1282 = EDGE_LOOP('',(#1283,#1284,#1285));
#1283 = ORIENTED_EDGE('',*,*,#485,.T.);
#1284 = ORIENTED_EDGE('',*,*,#1206,.T.);
#1285 = ORIENTED_EDGE('',*,*,#1286,.T.);
#1286 = EDGE_CURVE('',#1207,#486,#1287,.T.);
#1287 = SURFACE_CURVE('',#1288,(#1293,#1306),.PCURVE_S1.);
#1288 = HYPERBOLA('',#1289,0.199658703072,0.585);
#1289 = AXIS2_PLACEMENT_3D('',#1290,#1291,#1292);
#1290 = CARTESIAN_POINT('',(48.21,-76.2,11.300341396928));
#1291 = DIRECTION('',(-1.,0.,0.));
#1292 = DIRECTION('',(0.,1.224646799147E-16,1.));
#1293 = PCURVE('',#502,#1294);
#1294 = DEFINITIONAL_REPRESENTATION('',(#1295),#1305);
#1295 = B_SPLINE_CURVE_WITH_KNOTS('',8,(#1296,#1297,#1298,#1299,#1300,
    #1301,#1302,#1303,#1304),.UNSPECIFIED.,.F.,.F.,(9,9),(0.692805265153
    ,1.926120566838),.PIECEWISE_BEZIER_KNOTS.);
#1296 = CARTESIAN_POINT('',(-5.639957758768,-0.450136509435));
#1297 = CARTESIAN_POINT('',(-5.516600929249,-0.427064463369));
#1298 = CARTESIAN_POINT('',(-5.40627882767,-0.397214916989));
#1299 = CARTESIAN_POINT('',(-5.310252928793,-0.359752317492));
#1300 = CARTESIAN_POINT('',(-5.227862852,-0.313497365849));
#1301 = CARTESIAN_POINT('',(-5.157372432728,-0.256863919677));
#1302 = CARTESIAN_POINT('',(-5.097193198615,-0.187750753971));
#1303 = CARTESIAN_POINT('',(-5.045770372465,-0.103377406989));
#1304 = CARTESIAN_POINT('',(-5.001777113228,-1.357532561488E-16));
#1305 = ( GEOMETRIC_REPRESENTATION_CONTEXT(2) 
PARAMETRIC_REPRESENTATION_CONTEXT() REPRESENTATION_CONTEXT('2D SPACE',''
  ) );
#1306 = PCURVE('',#530,#1307);
#1307 = DEFINITIONAL_REPRESENTATION('',(#1308),#1312);
#1308 = HYPERBOLA('',#1309,0.199658703072,0.585);
#1309 = AXIS2_PLACEMENT_2D('',#1310,#1311);
#1310 = CARTESIAN_POINT('',(2.05,-0.699658703072));
#1311 = DIRECTION('',(0.,1.));
#1312 = ( GEOMETRIC_REPRESENTATION_CONTEXT(2) 
PARAMETRIC_REPRESENTATION_CONTEXT() REPRESENTATION_CONTEXT('2D SPACE',''
  ) );
#1313 = ADVANCED_FACE('',(#1314),#530,.T.);
#1314 = FACE_BOUND('',#1315,.T.);
#1315 = EDGE_LOOP('',(#1316,#1317,#1340,#1361,#1362));
#1316 = ORIENTED_EDGE('',*,*,#514,.F.);
#1317 = ORIENTED_EDGE('',*,*,#1318,.T.);
#1318 = EDGE_CURVE('',#515,#1319,#1321,.T.);
#1319 = VERTEX_POINT('',#1320);
#1320 = CARTESIAN_POINT('',(48.21,-74.15,8.0000001));
#1321 = SURFACE_CURVE('',#1322,(#1326,#1333),.PCURVE_S1.);
#1322 = LINE('',#1323,#1324);
#1323 = CARTESIAN_POINT('',(48.21,-74.15,12.0000001));
#1324 = VECTOR('',#1325,1.);
#1325 = DIRECTION('',(0.,-1.224646799147E-16,-1.));
#1326 = PCURVE('',#530,#1327);
#1327 = DEFINITIONAL_REPRESENTATION('',(#1328),#1332);
#1328 = LINE('',#1329,#1330);
#1329 = CARTESIAN_POINT('',(0.,0.));
#1330 = VECTOR('',#1331,1.);
#1331 = DIRECTION('',(0.,-1.));
#1332 = ( GEOMETRIC_REPRESENTATION_CONTEXT(2) 
PARAMETRIC_REPRESENTATION_CONTEXT() REPRESENTATION_CONTEXT('2D SPACE',''
  ) );
#1333 = PCURVE('',#558,#1334);
#1334 = DEFINITIONAL_REPRESENTATION('',(#1335),#1339);
#1335 = LINE('',#1336,#1337);
#1336 = CARTESIAN_POINT('',(1.17,0.));
#1337 = VECTOR('',#1338,1.);
#1338 = DIRECTION('',(0.,-1.));
#1339 = ( GEOMETRIC_REPRESENTATION_CONTEXT(2) 
PARAMETRIC_REPRESENTATION_CONTEXT() REPRESENTATION_CONTEXT('2D SPACE',''
  ) );
#1340 = ORIENTED_EDGE('',*,*,#1341,.T.);
#1341 = EDGE_CURVE('',#1319,#1237,#1342,.T.);
#1342 = SURFACE_CURVE('',#1343,(#1347,#1354),.PCURVE_S1.);
#1343 = LINE('',#1344,#1345);
#1344 = CARTESIAN_POINT('',(48.21,-74.15,8.0000001));
#1345 = VECTOR('',#1346,1.);
#1346 = DIRECTION('',(0.,-1.,1.224646799147E-16));
#1347 = PCURVE('',#530,#1348);
#1348 = DEFINITIONAL_REPRESENTATION('',(#1349),#1353);
#1349 = LINE('',#1350,#1351);
#1350 = CARTESIAN_POINT('',(-4.898587196589E-16,-4.));
#1351 = VECTOR('',#1352,1.);
#1352 = DIRECTION('',(1.,0.));
#1353 = ( GEOMETRIC_REPRESENTATION_CONTEXT(2) 
PARAMETRIC_REPRESENTATION_CONTEXT() REPRESENTATION_CONTEXT('2D SPACE',''
  ) );
#1354 = PCURVE('',#668,#1355);
#1355 = DEFINITIONAL_REPRESENTATION('',(#1356),#1360);
#1356 = LINE('',#1357,#1358);
#1357 = CARTESIAN_POINT('',(0.585,-2.05));
#1358 = VECTOR('',#1359,1.);
#1359 = DIRECTION('',(0.,1.));
#1360 = ( GEOMETRIC_REPRESENTATION_CONTEXT(2) 
PARAMETRIC_REPRESENTATION_CONTEXT() REPRESENTATION_CONTEXT('2D SPACE',''
  ) );
#1361 = ORIENTED_EDGE('',*,*,#1236,.F.);
#1362 = ORIENTED_EDGE('',*,*,#1286,.T.);
#1363 = ADVANCED_FACE('',(#1364),#558,.T.);
#1364 = FACE_BOUND('',#1365,.T.);
#1365 = EDGE_LOOP('',(#1366,#1389,#1410,#1411));
#1366 = ORIENTED_EDGE('',*,*,#1367,.T.);
#1367 = EDGE_CURVE('',#543,#1368,#1370,.T.);
#1368 = VERTEX_POINT('',#1369);
#1369 = CARTESIAN_POINT('',(47.04,-74.15,8.0000001));
#1370 = SURFACE_CURVE('',#1371,(#1375,#1382),.PCURVE_S1.);
#1371 = LINE('',#1372,#1373);
#1372 = CARTESIAN_POINT('',(47.04,-74.15,12.0000001));
#1373 = VECTOR('',#1374,1.);
#1374 = DIRECTION('',(0.,-1.224646799147E-16,-1.));
#1375 = PCURVE('',#558,#1376);
#1376 = DEFINITIONAL_REPRESENTATION('',(#1377),#1381);
#1377 = LINE('',#1378,#1379);
#1378 = CARTESIAN_POINT('',(0.,0.));
#1379 = VECTOR('',#1380,1.);
#1380 = DIRECTION('',(0.,-1.));
#1381 = ( GEOMETRIC_REPRESENTATION_CONTEXT(2) 
PARAMETRIC_REPRESENTATION_CONTEXT() REPRESENTATION_CONTEXT('2D SPACE',''
  ) );
#1382 = PCURVE('',#586,#1383);
#1383 = DEFINITIONAL_REPRESENTATION('',(#1384),#1388);
#1384 = LINE('',#1385,#1386);
#1385 = CARTESIAN_POINT('',(4.1,5.021051876504E-16));
#1386 = VECTOR('',#1387,1.);
#1387 = DIRECTION('',(0.,-1.));
#1388 = ( GEOMETRIC_REPRESENTATION_CONTEXT(2) 
PARAMETRIC_REPRESENTATION_CONTEXT() REPRESENTATION_CONTEXT('2D SPACE',''
  ) );
#1389 = ORIENTED_EDGE('',*,*,#1390,.T.);
#1390 = EDGE_CURVE('',#1368,#1319,#1391,.T.);
#1391 = SURFACE_CURVE('',#1392,(#1396,#1403),.PCURVE_S1.);
#1392 = LINE('',#1393,#1394);
#1393 = CARTESIAN_POINT('',(47.04,-74.15,8.0000001));
#1394 = VECTOR('',#1395,1.);
#1395 = DIRECTION('',(1.,0.,0.));
#1396 = PCURVE('',#558,#1397);
#1397 = DEFINITIONAL_REPRESENTATION('',(#1398),#1402);
#1398 = LINE('',#1399,#1400);
#1399 = CARTESIAN_POINT('',(0.,-4.));
#1400 = VECTOR('',#1401,1.);
#1401 = DIRECTION('',(1.,0.));
#1402 = ( GEOMETRIC_REPRESENTATION_CONTEXT(2) 
PARAMETRIC_REPRESENTATION_CONTEXT() REPRESENTATION_CONTEXT('2D SPACE',''
  ) );
#1403 = PCURVE('',#668,#1404);
#1404 = DEFINITIONAL_REPRESENTATION('',(#1405),#1409);
#1405 = LINE('',#1406,#1407);
#1406 = CARTESIAN_POINT('',(-0.585,-2.05));
#1407 = VECTOR('',#1408,1.);
#1408 = DIRECTION('',(1.,0.));
#1409 = ( GEOMETRIC_REPRESENTATION_CONTEXT(2) 
PARAMETRIC_REPRESENTATION_CONTEXT() REPRESENTATION_CONTEXT('2D SPACE',''
  ) );
#1410 = ORIENTED_EDGE('',*,*,#1318,.F.);
#1411 = ORIENTED_EDGE('',*,*,#542,.F.);
#1412 = ADVANCED_FACE('',(#1413),#586,.T.);
#1413 = FACE_BOUND('',#1414,.T.);
#1414 = EDGE_LOOP('',(#1415,#1416,#1444,#1445,#1466));
#1415 = ORIENTED_EDGE('',*,*,#570,.F.);
#1416 = ORIENTED_EDGE('',*,*,#1417,.T.);
#1417 = EDGE_CURVE('',#571,#681,#1418,.T.);
#1418 = SURFACE_CURVE('',#1419,(#1424,#1431),.PCURVE_S1.);
#1419 = HYPERBOLA('',#1420,0.199658703072,0.585);
#1420 = AXIS2_PLACEMENT_3D('',#1421,#1422,#1423);
#1421 = CARTESIAN_POINT('',(47.04,-76.2,11.300341396928));
#1422 = DIRECTION('',(1.,0.,-0.));
#1423 = DIRECTION('',(0.,1.224646799147E-16,1.));
#1424 = PCURVE('',#586,#1425);
#1425 = DEFINITIONAL_REPRESENTATION('',(#1426),#1430);
#1426 = HYPERBOLA('',#1427,0.199658703072,0.585);
#1427 = AXIS2_PLACEMENT_2D('',#1428,#1429);
#1428 = CARTESIAN_POINT('',(2.05,-0.699658703072));
#1429 = DIRECTION('',(0.,1.));
#1430 = ( GEOMETRIC_REPRESENTATION_CONTEXT(2) 
PARAMETRIC_REPRESENTATION_CONTEXT() REPRESENTATION_CONTEXT('2D SPACE',''
  ) );
#1431 = PCURVE('',#613,#1432);
#1432 = DEFINITIONAL_REPRESENTATION('',(#1433),#1443);
#1433 = B_SPLINE_CURVE_WITH_KNOTS('',8,(#1434,#1435,#1436,#1437,#1438,
    #1439,#1440,#1441,#1442),.UNSPECIFIED.,.F.,.F.,(9,9),(
    -1.926120566838,-0.692805265153),.PIECEWISE_BEZIER_KNOTS.);
#1434 = CARTESIAN_POINT('',(-4.423000847541,-1.357532561488E-16));
#1435 = CARTESIAN_POINT('',(-4.379007588304,-0.103377406989));
#1436 = CARTESIAN_POINT('',(-4.327584762153,-0.187750753972));
#1437 = CARTESIAN_POINT('',(-4.26740552802,-0.256863919677));
#1438 = CARTESIAN_POINT('',(-4.196915108765,-0.31349736585));
#1439 = CARTESIAN_POINT('',(-4.114525031935,-0.359752317492));
#1440 = CARTESIAN_POINT('',(-4.018499133095,-0.397214916989));
#1441 = CARTESIAN_POINT('',(-3.90817703152,-0.427064463369));
#1442 = CARTESIAN_POINT('',(-3.784820202001,-0.450136509435));
#1443 = ( GEOMETRIC_REPRESENTATION_CONTEXT(2) 
PARAMETRIC_REPRESENTATION_CONTEXT() REPRESENTATION_CONTEXT('2D SPACE',''
  ) );
#1444 = ORIENTED_EDGE('',*,*,#680,.F.);
#1445 = ORIENTED_EDGE('',*,*,#1446,.T.);
#1446 = EDGE_CURVE('',#653,#1368,#1447,.T.);
#1447 = SURFACE_CURVE('',#1448,(#1452,#1459),.PCURVE_S1.);
#1448 = LINE('',#1449,#1450);
#1449 = CARTESIAN_POINT('',(47.04,-78.25,8.0000001));
#1450 = VECTOR('',#1451,1.);
#1451 = DIRECTION('',(0.,1.,-1.224646799147E-16));
#1452 = PCURVE('',#586,#1453);
#1453 = DEFINITIONAL_REPRESENTATION('',(#1454),#1458);
#1454 = LINE('',#1455,#1456);
#1455 = CARTESIAN_POINT('',(4.898587196589E-16,-4.));
#1456 = VECTOR('',#1457,1.);
#1457 = DIRECTION('',(1.,0.));
#1458 = ( GEOMETRIC_REPRESENTATION_CONTEXT(2) 
PARAMETRIC_REPRESENTATION_CONTEXT() REPRESENTATION_CONTEXT('2D SPACE',''
  ) );
#1459 = PCURVE('',#668,#1460);
#1460 = DEFINITIONAL_REPRESENTATION('',(#1461),#1465);
#1461 = LINE('',#1462,#1463);
#1462 = CARTESIAN_POINT('',(-0.585,2.05));
#1463 = VECTOR('',#1464,1.);
#1464 = DIRECTION('',(0.,-1.));
#1465 = ( GEOMETRIC_REPRESENTATION_CONTEXT(2) 
PARAMETRIC_REPRESENTATION_CONTEXT() REPRESENTATION_CONTEXT('2D SPACE',''
  ) );
#1466 = ORIENTED_EDGE('',*,*,#1367,.F.);
#1467 = ADVANCED_FACE('',(#1468),#613,.F.);
#1468 = FACE_BOUND('',#1469,.F.);
#1469 = EDGE_LOOP('',(#1470,#1471,#1472));
#1470 = ORIENTED_EDGE('',*,*,#598,.T.);
#1471 = ORIENTED_EDGE('',*,*,#1417,.T.);
#1472 = ORIENTED_EDGE('',*,*,#703,.T.);
#1473 = ADVANCED_FACE('',(#1474),#668,.F.);
#1474 = FACE_BOUND('',#1475,.F.);
#1475 = EDGE_LOOP('',(#1476,#1477,#1478,#1479,#1480,#1481,#1482,#1483,
    #1484,#1485,#1486,#1487));
#1476 = ORIENTED_EDGE('',*,*,#757,.T.);
#1477 = ORIENTED_EDGE('',*,*,#652,.T.);
#1478 = ORIENTED_EDGE('',*,*,#1446,.T.);
#1479 = ORIENTED_EDGE('',*,*,#1390,.T.);
#1480 = ORIENTED_EDGE('',*,*,#1341,.T.);
#1481 = ORIENTED_EDGE('',*,*,#1259,.T.);
#1482 = ORIENTED_EDGE('',*,*,#1179,.T.);
#1483 = ORIENTED_EDGE('',*,*,#1130,.T.);
#1484 = ORIENTED_EDGE('',*,*,#1048,.T.);
#1485 = ORIENTED_EDGE('',*,*,#968,.T.);
#1486 = ORIENTED_EDGE('',*,*,#919,.T.);
#1487 = ORIENTED_EDGE('',*,*,#837,.T.);
#1488 = ( GEOMETRIC_REPRESENTATION_CONTEXT(3) 
GLOBAL_UNCERTAINTY_ASSIGNED_CONTEXT((#1492)) 
GLOBAL_UNIT_ASSIGNED_CONTEXT((#1489,#1490,#1491)) REPRESENTATION_CONTEXT
('Context #1','3D Context with UNIT and UNCERTAINTY') );
#1489 = ( LENGTH_UNIT() NAMED_UNIT(*) SI_UNIT(.MILLI.,.METRE.) );
#1490 = ( NAMED_UNIT(*) PLANE_ANGLE_UNIT() SI_UNIT($,.RADIAN.) );
#1491 = ( NAMED_UNIT(*) SI_UNIT($,.STERADIAN.) SOLID_ANGLE_UNIT() );
#1492 = UNCERTAINTY_MEASURE_WITH_UNIT(LENGTH_MEASURE(1.E-07),#1489,
  'distance_accuracy_value','confusion accuracy');
#1493 = CONTEXT_DEPENDENT_SHAPE_REPRESENTATION(#1494,#1496);
#1494 = ( REPRESENTATION_RELATIONSHIP('','',#67,#32) 
REPRESENTATION_RELATIONSHIP_WITH_TRANSFORMATION(#1495) 
SHAPE_REPRESENTATION_RELATIONSHIP() );
#1495 = ITEM_DEFINED_TRANSFORMATION('','',#11,#33);
#1496 = PRODUCT_DEFINITION_SHAPE('Placement','Placement of an item',
  #1497);
#1497 = NEXT_ASSEMBLY_USAGE_OCCURRENCE('181','','',#27,#62,$);
#1498 = PRODUCT_RELATED_PRODUCT_CATEGORY('part',$,(#64));
#1499 = SHAPE_DEFINITION_REPRESENTATION(#1500,#1506);
#1500 = PRODUCT_DEFINITION_SHAPE('','',#1501);
#1501 = PRODUCT_DEFINITION('design','',#1502,#1505);
#1502 = PRODUCT_DEFINITION_FORMATION('','',#1503);
#1503 = PRODUCT('Open CASCADE STEP translator 7.8 15.1.2',
  'Open CASCADE STEP translator 7.8 15.1.2','',(#1504));
#1504 = PRODUCT_CONTEXT('',#2,'mechanical');
#1505 = PRODUCT_DEFINITION_CONTEXT('part definition',#2,'design');
#1506 = ADVANCED_BREP_SHAPE_REPRESENTATION('',(#11,#1507),#8235);
#1507 = MANIFOLD_SOLID_BREP('',#1508);
#1508 = CLOSED_SHELL('',(#1509,#1896,#3491,#3558,#5223,#5256,#5289,#5322
    ,#5355,#5388,#5395,#5495,#5562,#5629,#5696,#5763,#5830,#5897,#5936,
    #6012,#6061,#6110,#6159,#6208,#6257,#6306,#6333,#6409,#6458,#6507,
    #6556,#6605,#6654,#6703,#6752,#6801,#6850,#6899,#6948,#6997,#7046,
    #7095,#7144,#7193,#7242,#7291,#7340,#7389,#7438,#7487,#7536,#7585,
    #7634,#7683,#7732,#7759,#7770,#7927,#7959,#8035,#8084,#8133,#8194,
    #8227));
#1509 = ADVANCED_FACE('',(#1510),#1530,.T.);
#1510 = FACE_BOUND('',#1511,.T.);
#1511 = EDGE_LOOP('',(#1512,#1636,#1747,#1787));
#1512 = ORIENTED_EDGE('',*,*,#1513,.T.);
#1513 = EDGE_CURVE('',#1514,#1516,#1518,.T.);
#1514 = VERTEX_POINT('',#1515);
#1515 = CARTESIAN_POINT('',(38.645125,-84.0605,12.0000001));
#1516 = VERTEX_POINT('',#1517);
#1517 = CARTESIAN_POINT('',(38.645125,-68.3395,12.0000001));
#1518 = SURFACE_CURVE('',#1519,(#1529,#1618),.PCURVE_S1.);
#1519 = B_SPLINE_CURVE_WITH_KNOTS('',8,(#1520,#1521,#1522,#1523,#1524,
    #1525,#1526,#1527,#1528),.UNSPECIFIED.,.F.,.F.,(9,9),(0.,1.),
  .PIECEWISE_BEZIER_KNOTS.);
#1520 = CARTESIAN_POINT('',(38.645125,-84.0605,12.0000001));
#1521 = CARTESIAN_POINT('',(38.645125,-82.095375,12.0000001));
#1522 = CARTESIAN_POINT('',(38.645125,-80.13025,12.0000001));
#1523 = CARTESIAN_POINT('',(38.645125,-78.165125,12.0000001));
#1524 = CARTESIAN_POINT('',(38.645125,-76.2,12.0000001));
#1525 = CARTESIAN_POINT('',(38.645125,-74.234875,12.0000001));
#1526 = CARTESIAN_POINT('',(38.645125,-72.26975,12.0000001));
#1527 = CARTESIAN_POINT('',(38.645125,-70.304625,12.0000001));
#1528 = CARTESIAN_POINT('',(38.645125,-68.3395,12.0000001));
#1529 = PCURVE('',#1530,#1612);
#1530 = ( BOUNDED_SURFACE() B_SPLINE_SURFACE(8,8,(
    (#1531,#1532,#1533,#1534,#1535,#1536,#1537,#1538,#1539)
    ,(#1540,#1541,#1542,#1543,#1544,#1545,#1546,#1547,#1548)
    ,(#1549,#1550,#1551,#1552,#1553,#1554,#1555,#1556,#1557)
    ,(#1558,#1559,#1560,#1561,#1562,#1563,#1564,#1565,#1566)
    ,(#1567,#1568,#1569,#1570,#1571,#1572,#1573,#1574,#1575)
    ,(#1576,#1577,#1578,#1579,#1580,#1581,#1582,#1583,#1584)
    ,(#1585,#1586,#1587,#1588,#1589,#1590,#1591,#1592,#1593)
    ,(#1594,#1595,#1596,#1597,#1598,#1599,#1600,#1601,#1602)
    ,(#1603,#1604,#1605,#1606,#1607,#1608,#1609,#1610,#1611
)),.UNSPECIFIED.,.F.,.F.,.F.) B_SPLINE_SURFACE_WITH_KNOTS((9,9),(9,9),(
    0.,1.),(0.,1.),.PIECEWISE_BEZIER_KNOTS.) 
GEOMETRIC_REPRESENTATION_ITEM() RATIONAL_B_SPLINE_SURFACE((
    (1.,0.999999999998,1.000000000007,0.999999999989,1.000000000011
      ,0.999999999993,1.000000000003,0.999999999999,1.)
    ,(1.,0.999999999998,1.000000000007,0.999999999989,1.000000000011
      ,0.999999999993,1.000000000003,0.999999999999,1.)
    ,(1.,0.999999999998,1.000000000007,0.999999999989,1.000000000011
      ,0.999999999993,1.000000000003,0.999999999999,1.)
    ,(1.,0.999999999998,1.000000000007,0.999999999989,1.000000000011
      ,0.999999999993,1.000000000003,0.999999999999,1.)
    ,(1.,0.999999999998,1.000000000007,0.999999999989,1.000000000011
      ,0.999999999993,1.000000000003,0.999999999999,1.)
    ,(1.,0.999999999998,1.000000000007,0.999999999989,1.000000000011
      ,0.999999999993,1.000000000003,0.999999999999,1.)
    ,(1.,0.999999999998,1.000000000007,0.999999999989,1.000000000011
      ,0.999999999993,1.000000000003,0.999999999999,1.)
    ,(1.,0.999999999998,1.000000000007,0.999999999989,1.000000000011
      ,0.999999999993,1.000000000003,0.999999999999,1.)
    ,(1.,0.999999999998,1.000000000007,0.999999999989,1.000000000011
      ,0.999999999993,1.000000000003,0.999999999999,1.
))) REPRESENTATION_ITEM('') SURFACE() );
#1531 = CARTESIAN_POINT('',(38.645125,-84.0605,12.0000001));
#1532 = CARTESIAN_POINT('',(38.518721782995,-84.16958403464,
    10.109050780335));
#1533 = CARTESIAN_POINT('',(38.795811507049,-83.83204474215,
    8.853147919599));
#1534 = CARTESIAN_POINT('',(38.566361759154,-83.92080923981,
    6.054939778266));
#1535 = CARTESIAN_POINT('',(39.153066998736,-83.09765860727,
    5.733264695009));
#1536 = CARTESIAN_POINT('',(38.873707573593,-83.23232178651,
    2.616030019783));
#1537 = CARTESIAN_POINT('',(39.674313461191,-81.81352718378,
    1.855487538744));
#1538 = CARTESIAN_POINT('',(40.728419668817,-80.69726082371,
    3.86889443969E-02));
#1539 = CARTESIAN_POINT('',(42.036956377788,-79.09036739079,
    1.000001272899E-07));
#1540 = CARTESIAN_POINT('',(38.645125,-82.095375,12.0000001));
#1541 = CARTESIAN_POINT('',(38.518721782995,-82.17718802597,
    10.109050780335));
#1542 = CARTESIAN_POINT('',(38.795811507049,-81.92403355664,
    8.853147919599));
#1543 = CARTESIAN_POINT('',(38.566361759154,-81.99060692981,
    6.054939778266));
#1544 = CARTESIAN_POINT('',(39.153066998736,-81.3732439555,
    5.733264695009));
#1545 = CARTESIAN_POINT('',(38.873707573593,-81.47424133986,
    2.616030019783));
#1546 = CARTESIAN_POINT('',(39.674313461191,-80.41014538785,
    1.855487538744));
#1547 = CARTESIAN_POINT('',(40.728419668817,-79.57294561778,
    3.86889443969E-02));
#1548 = CARTESIAN_POINT('',(42.036956377788,-78.3677755431,
    1.000001272899E-07));
#1549 = CARTESIAN_POINT('',(38.645125,-80.13025,12.0000001));
#1550 = CARTESIAN_POINT('',(38.518721782995,-80.18479201731,
    10.109050780335));
#1551 = CARTESIAN_POINT('',(38.795811507049,-80.01602237109,
    8.853147919599));
#1552 = CARTESIAN_POINT('',(38.566361759154,-80.06040461987,
    6.054939778266));
#1553 = CARTESIAN_POINT('',(39.153066998736,-79.64882930366,
    5.733264695009));
#1554 = CARTESIAN_POINT('',(38.873707573593,-79.71616089323,
    2.616030019783));
#1555 = CARTESIAN_POINT('',(39.674313461191,-79.0067635919,
    1.855487538744));
#1556 = CARTESIAN_POINT('',(40.728419668817,-78.44863041185,
    3.86889443969E-02));
#1557 = CARTESIAN_POINT('',(42.036956377788,-77.6451836954,
    1.000001272899E-07));
#1558 = CARTESIAN_POINT('',(38.645125,-78.165125,12.0000001));
#1559 = CARTESIAN_POINT('',(38.518721782995,-78.19239600866,
    10.109050780335));
#1560 = CARTESIAN_POINT('',(38.795811507049,-78.10801118554,
    8.853147919599));
#1561 = CARTESIAN_POINT('',(38.566361759154,-78.13020230994,
    6.054939778266));
#1562 = CARTESIAN_POINT('',(39.153066998736,-77.92441465182,
    5.733264695009));
#1563 = CARTESIAN_POINT('',(38.873707573593,-77.95808044662,
    2.616030019783));
#1564 = CARTESIAN_POINT('',(39.674313461191,-77.60338179594,
    1.855487538744));
#1565 = CARTESIAN_POINT('',(40.728419668817,-77.32431520592,
    3.86889443969E-02));
#1566 = CARTESIAN_POINT('',(42.036956377788,-76.9225918477,
    1.000001272899E-07));
#1567 = CARTESIAN_POINT('',(38.645125,-76.2,12.0000001));
#1568 = CARTESIAN_POINT('',(38.518721782995,-76.2,10.109050780335));
#1569 = CARTESIAN_POINT('',(38.795811507049,-76.2,8.853147919599));
#1570 = CARTESIAN_POINT('',(38.566361759154,-76.2,6.054939778266));
#1571 = CARTESIAN_POINT('',(39.153066998736,-76.2,5.733264695009));
#1572 = CARTESIAN_POINT('',(38.873707573593,-76.2,2.616030019783));
#1573 = CARTESIAN_POINT('',(39.674313461191,-76.2,1.855487538744));
#1574 = CARTESIAN_POINT('',(40.728419668817,-76.2,3.86889443969E-02));
#1575 = CARTESIAN_POINT('',(42.036956377788,-76.2,1.000001272899E-07));
#1576 = CARTESIAN_POINT('',(38.645125,-74.234875,12.0000001));
#1577 = CARTESIAN_POINT('',(38.518721782995,-74.20760399134,
    10.109050780335));
#1578 = CARTESIAN_POINT('',(38.795811507049,-74.29198881445,
    8.853147919599));
#1579 = CARTESIAN_POINT('',(38.566361759154,-74.26979769006,
    6.054939778266));
#1580 = CARTESIAN_POINT('',(39.153066998736,-74.47558534816,
    5.733264695009));
#1581 = CARTESIAN_POINT('',(38.873707573593,-74.44191955338,
    2.616030019783));
#1582 = CARTESIAN_POINT('',(39.674313461191,-74.79661820405,
    1.855487538744));
#1583 = CARTESIAN_POINT('',(40.728419668817,-75.07568479407,
    3.86889443969E-02));
#1584 = CARTESIAN_POINT('',(42.036956377788,-75.4774081523,
    1.000001272899E-07));
#1585 = CARTESIAN_POINT('',(38.645125,-72.26975,12.0000001));
#1586 = CARTESIAN_POINT('',(38.518721782995,-72.21520798268,
    10.109050780335));
#1587 = CARTESIAN_POINT('',(38.795811507049,-72.3839776289,
    8.853147919599));
#1588 = CARTESIAN_POINT('',(38.566361759154,-72.33959538012,
    6.054939778266));
#1589 = CARTESIAN_POINT('',(39.153066998736,-72.75117069633,
    5.733264695009));
#1590 = CARTESIAN_POINT('',(38.873707573593,-72.68383910676,
    2.616030019783));
#1591 = CARTESIAN_POINT('',(39.674313461191,-73.3932364081,
    1.855487538744));
#1592 = CARTESIAN_POINT('',(40.728419668817,-73.95136958814,
    3.86889443969E-02));
#1593 = CARTESIAN_POINT('',(42.036956377788,-74.7548163046,
    1.000001272899E-07));
#1594 = CARTESIAN_POINT('',(38.645125,-70.304625,12.0000001));
#1595 = CARTESIAN_POINT('',(38.518721782995,-70.22281197402,
    10.109050780335));
#1596 = CARTESIAN_POINT('',(38.795811507049,-70.47596644335,
    8.853147919599));
#1597 = CARTESIAN_POINT('',(38.566361759154,-70.40939307017,
    6.054939778266));
#1598 = CARTESIAN_POINT('',(39.153066998736,-71.0267560445,
    5.733264695009));
#1599 = CARTESIAN_POINT('',(38.873707573593,-70.92575866013,
    2.616030019783));
#1600 = CARTESIAN_POINT('',(39.674313461191,-71.98985461215,
    1.855487538744));
#1601 = CARTESIAN_POINT('',(40.728419668817,-72.82705438221,
    3.86889443969E-02));
#1602 = CARTESIAN_POINT('',(42.036956377788,-74.0322244569,
    1.000001272899E-07));
#1603 = CARTESIAN_POINT('',(38.645125,-68.3395,12.0000001));
#1604 = CARTESIAN_POINT('',(38.518721782999,-68.23041596538,
    10.109050780334));
#1605 = CARTESIAN_POINT('',(38.795811507036,-68.56795525776,
    8.853147919602));
#1606 = CARTESIAN_POINT('',(38.566361759175,-68.4791907603,
    6.054939778262));
#1607 = CARTESIAN_POINT('',(39.153066998714,-69.3023413926,
    5.733264695011));
#1608 = CARTESIAN_POINT('',(38.873707573609,-69.16767821355,
    2.616030019782));
#1609 = CARTESIAN_POINT('',(39.674313461185,-70.58647281618,
    1.855487538744));
#1610 = CARTESIAN_POINT('',(40.728419668819,-71.70273917629,
    3.86889443969E-02));
#1611 = CARTESIAN_POINT('',(42.036956377788,-73.3096326092,
    1.000001272899E-07));
#1612 = DEFINITIONAL_REPRESENTATION('',(#1613),#1617);
#1613 = LINE('',#1614,#1615);
#1614 = CARTESIAN_POINT('',(0.,0.));
#1615 = VECTOR('',#1616,1.);
#1616 = DIRECTION('',(1.,0.));
#1617 = ( GEOMETRIC_REPRESENTATION_CONTEXT(2) 
PARAMETRIC_REPRESENTATION_CONTEXT() REPRESENTATION_CONTEXT('2D SPACE',''
  ) );
#1618 = PCURVE('',#1619,#1624);
#1619 = PLANE('',#1620);
#1620 = AXIS2_PLACEMENT_3D('',#1621,#1622,#1623);
#1621 = CARTESIAN_POINT('',(38.645125,-84.0605,12.0000001));
#1622 = DIRECTION('',(0.,-1.224646799147E-16,-1.));
#1623 = DIRECTION('',(0.729896125442,0.683558078048,-8.371172123129E-17)
  );
#1624 = DEFINITIONAL_REPRESENTATION('',(#1625),#1635);
#1625 = B_SPLINE_CURVE_WITH_KNOTS('',8,(#1626,#1627,#1628,#1629,#1630,
    #1631,#1632,#1633,#1634),.UNSPECIFIED.,.F.,.F.,(9,9),(0.,1.),
  .PIECEWISE_BEZIER_KNOTS.);
#1626 = CARTESIAN_POINT('',(0.,0.));
#1627 = CARTESIAN_POINT('',(1.343277068124,-1.434337123509));
#1628 = CARTESIAN_POINT('',(2.686554136249,-2.868674247018));
#1629 = CARTESIAN_POINT('',(4.029831204373,-4.303011370527));
#1630 = CARTESIAN_POINT('',(5.373108272497,-5.737348494037));
#1631 = CARTESIAN_POINT('',(6.716385340621,-7.171685617546));
#1632 = CARTESIAN_POINT('',(8.059662408746,-8.606022741055));
#1633 = CARTESIAN_POINT('',(9.40293947687,-10.04035986456));
#1634 = CARTESIAN_POINT('',(10.746216544994,-11.47469698807));
#1635 = ( GEOMETRIC_REPRESENTATION_CONTEXT(2) 
PARAMETRIC_REPRESENTATION_CONTEXT() REPRESENTATION_CONTEXT('2D SPACE',''
  ) );
#1636 = ORIENTED_EDGE('',*,*,#1637,.T.);
#1637 = EDGE_CURVE('',#1516,#1638,#1640,.T.);
#1638 = VERTEX_POINT('',#1639);
#1639 = CARTESIAN_POINT('',(42.036956377788,-73.3096326092,
    1.000001272899E-07));
#1640 = SURFACE_CURVE('',#1641,(#1651,#1658),.PCURVE_S1.);
#1641 = ( BOUNDED_CURVE() B_SPLINE_CURVE(8,(#1642,#1643,#1644,#1645,
    #1646,#1647,#1648,#1649,#1650),.UNSPECIFIED.,.F.,.F.) 
B_SPLINE_CURVE_WITH_KNOTS((9,9),(0.,1.),.PIECEWISE_BEZIER_KNOTS.) CURVE(
) GEOMETRIC_REPRESENTATION_ITEM() RATIONAL_B_SPLINE_CURVE((1.,
    0.999999999998,1.000000000007,0.999999999989,1.000000000011,
    0.999999999993,1.000000000003,0.999999999999,1.)) 
REPRESENTATION_ITEM('') );
#1642 = CARTESIAN_POINT('',(38.645125,-68.3395,12.0000001));
#1643 = CARTESIAN_POINT('',(38.518721782999,-68.23041596538,
    10.109050780334));
#1644 = CARTESIAN_POINT('',(38.795811507036,-68.56795525776,
    8.853147919602));
#1645 = CARTESIAN_POINT('',(38.566361759175,-68.4791907603,
    6.054939778262));
#1646 = CARTESIAN_POINT('',(39.153066998714,-69.3023413926,
    5.733264695011));
#1647 = CARTESIAN_POINT('',(38.873707573609,-69.16767821355,
    2.616030019782));
#1648 = CARTESIAN_POINT('',(39.674313461185,-70.58647281618,
    1.855487538744));
#1649 = CARTESIAN_POINT('',(40.728419668819,-71.70273917629,
    3.86889443969E-02));
#1650 = CARTESIAN_POINT('',(42.036956377788,-73.3096326092,
    1.000001272899E-07));
#1651 = PCURVE('',#1530,#1652);
#1652 = DEFINITIONAL_REPRESENTATION('',(#1653),#1657);
#1653 = LINE('',#1654,#1655);
#1654 = CARTESIAN_POINT('',(1.,0.));
#1655 = VECTOR('',#1656,1.);
#1656 = DIRECTION('',(0.,1.));
#1657 = ( GEOMETRIC_REPRESENTATION_CONTEXT(2) 
PARAMETRIC_REPRESENTATION_CONTEXT() REPRESENTATION_CONTEXT('2D SPACE',''
  ) );
#1658 = PCURVE('',#1659,#1741);
#1659 = ( BOUNDED_SURFACE() B_SPLINE_SURFACE(8,8,(
    (#1660,#1661,#1662,#1663,#1664,#1665,#1666,#1667,#1668)
    ,(#1669,#1670,#1671,#1672,#1673,#1674,#1675,#1676,#1677)
    ,(#1678,#1679,#1680,#1681,#1682,#1683,#1684,#1685,#1686)
    ,(#1687,#1688,#1689,#1690,#1691,#1692,#1693,#1694,#1695)
    ,(#1696,#1697,#1698,#1699,#1700,#1701,#1702,#1703,#1704)
    ,(#1705,#1706,#1707,#1708,#1709,#1710,#1711,#1712,#1713)
    ,(#1714,#1715,#1716,#1717,#1718,#1719,#1720,#1721,#1722)
    ,(#1723,#1724,#1725,#1726,#1727,#1728,#1729,#1730,#1731)
    ,(#1732,#1733,#1734,#1735,#1736,#1737,#1738,#1739,#1740
)),.UNSPECIFIED.,.F.,.F.,.F.) B_SPLINE_SURFACE_WITH_KNOTS((9,9),(9,9),(
    1.,2.),(0.,1.),.PIECEWISE_BEZIER_KNOTS.) 
GEOMETRIC_REPRESENTATION_ITEM() RATIONAL_B_SPLINE_SURFACE((
    (1.,0.999999999998,1.000000000007,0.999999999989,1.000000000011
      ,0.999999999993,1.000000000003,0.999999999999,1.)
    ,(1.,0.999999999998,1.000000000007,0.999999999989,1.000000000011
      ,0.999999999993,1.000000000003,0.999999999999,1.)
    ,(1.,0.999999999998,1.000000000007,0.999999999989,1.000000000011
      ,0.999999999993,1.000000000003,0.999999999999,1.)
    ,(1.,0.999999999998,1.000000000007,0.999999999989,1.000000000011
      ,0.999999999993,1.000000000003,0.999999999999,1.)
    ,(1.,0.999999999998,1.000000000007,0.999999999989,1.000000000011
      ,0.999999999993,1.000000000003,0.999999999999,1.)
    ,(1.,0.999999999998,1.000000000007,0.999999999989,1.000000000011
      ,0.999999999993,1.000000000003,0.999999999999,1.)
    ,(1.,0.999999999998,1.000000000007,0.999999999989,1.000000000011
      ,0.999999999993,1.000000000003,0.999999999999,1.)
    ,(1.,0.999999999998,1.000000000007,0.999999999989,1.000000000011
      ,0.999999999993,1.000000000003,0.999999999999,1.)
    ,(1.,0.999999999998,1.000000000007,0.999999999989,1.000000000011
      ,0.999999999993,1.000000000003,0.999999999999,1.
))) REPRESENTATION_ITEM('') SURFACE() );
#1660 = CARTESIAN_POINT('',(38.645125,-68.3395,12.0000001));
#1661 = CARTESIAN_POINT('',(38.518721782999,-68.23041596538,
    10.109050780334));
#1662 = CARTESIAN_POINT('',(38.795811507036,-68.56795525776,
    8.853147919602));
#1663 = CARTESIAN_POINT('',(38.566361759175,-68.4791907603,
    6.054939778262));
#1664 = CARTESIAN_POINT('',(39.153066998714,-69.3023413926,
    5.733264695011));
#1665 = CARTESIAN_POINT('',(38.873707573609,-69.16767821355,
    2.616030019782));
#1666 = CARTESIAN_POINT('',(39.674313461185,-70.58647281618,
    1.855487538744));
#1667 = CARTESIAN_POINT('',(40.728419668819,-71.70273917629,
    3.86889443969E-02));
#1668 = CARTESIAN_POINT('',(42.036956377788,-73.3096326092,
    1.000001272899E-07));
#1669 = CARTESIAN_POINT('',(38.645125,-68.11971123271,12.0000001));
#1670 = CARTESIAN_POINT('',(38.518721782993,-68.00722658455,
    10.109050780353));
#1671 = CARTESIAN_POINT('',(38.795811507056,-68.33289663207,
    8.853147919548));
#1672 = CARTESIAN_POINT('',(38.566361759142,-68.21650865005,
    6.054939778344));
#1673 = CARTESIAN_POINT('',(39.153066998748,-68.99323333832,
    5.733264694934));
#1674 = CARTESIAN_POINT('',(38.873707573586,-68.83015911759,
    2.61603001983));
#1675 = CARTESIAN_POINT('',(39.674313461195,-70.12757264997,
    1.855487538726));
#1676 = CARTESIAN_POINT('',(40.728419668817,-71.23163389264,
    3.868894440057E-02));
#1677 = CARTESIAN_POINT('',(42.036956377788,-72.7799451198,
    1.000002800566E-07));
#1678 = CARTESIAN_POINT('',(38.694446526163,-67.89992337675,12.0000001)
  );
#1679 = CARTESIAN_POINT('',(38.568811233622,-67.78404294167,
    10.109050780354));
#1680 = CARTESIAN_POINT('',(38.848549838418,-68.09782916541,
    8.853147919544));
#1681 = CARTESIAN_POINT('',(38.625315157646,-67.9538340546,
    6.054939778351));
#1682 = CARTESIAN_POINT('',(39.222426210171,-68.68412062609,
    5.733264694923));
#1683 = CARTESIAN_POINT('',(38.94944871835,-68.49264185768,
    2.616030019839));
#1684 = CARTESIAN_POINT('',(39.777289988021,-69.66867178097,
    1.855487538721));
#1685 = CARTESIAN_POINT('',(40.834135668247,-70.76052854967,
    3.86889444013E-02));
#1686 = CARTESIAN_POINT('',(42.155818120905,-72.25025746367,
    9.999965655538E-08));
#1687 = CARTESIAN_POINT('',(38.793083014853,-67.69304298565,12.0000001)
  );
#1688 = CARTESIAN_POINT('',(38.668953632399,-67.57394144551,
    10.109050780333));
#1689 = CARTESIAN_POINT('',(38.954080337387,-67.87661695228,
    8.853147919605));
#1690 = CARTESIAN_POINT('',(38.74317427267,-67.70655249545,
    6.054939778258));
#1691 = CARTESIAN_POINT('',(39.361172226553,-68.39319168925,
    5.73326469502));
#1692 = CARTESIAN_POINT('',(39.100918222403,-68.17494370446,
    2.616030019775));
#1693 = CARTESIAN_POINT('',(39.983245491663,-69.23673414448,
    1.855487538749));
#1694 = CARTESIAN_POINT('',(41.045566077223,-70.31710012264,
    3.868894439631E-02));
#1695 = CARTESIAN_POINT('',(42.393540439709,-71.7516888836,
    1.00000884018E-07));
#1696 = CARTESIAN_POINT('',(38.936996622976,-67.51199662297,12.0000001)
  );
#1697 = CARTESIAN_POINT('',(38.815130858949,-67.39013085897,
    10.109050780344));
#1698 = CARTESIAN_POINT('',(39.107916982754,-67.68291698269,
    8.853147919575));
#1699 = CARTESIAN_POINT('',(38.915222993187,-67.49022299326,
    6.054939778304));
#1700 = CARTESIAN_POINT('',(39.563524832134,-68.13852483207,
    5.733264694966));
#1701 = CARTESIAN_POINT('',(39.321922818028,-67.89692281805,
    2.616030019813));
#1702 = CARTESIAN_POINT('',(40.28370479822,-68.85870479821,
    1.855487538729));
#1703 = CARTESIAN_POINT('',(41.354021621028,-69.92902162102,
    3.868894439954E-02));
#1704 = CARTESIAN_POINT('',(42.740351834869,-71.31535183486,
    9.999934214022E-08));
#1705 = CARTESIAN_POINT('',(39.118042985654,-67.36808301485,12.0000001)
  );
#1706 = CARTESIAN_POINT('',(38.998941445546,-67.24395363239,
    10.109050780321));
#1707 = CARTESIAN_POINT('',(39.3016169522,-67.52908033739,8.85314791964)
  );
#1708 = CARTESIAN_POINT('',(39.131552495571,-67.31817427266,
    6.054939778204));
#1709 = CARTESIAN_POINT('',(39.818191689163,-67.93617222653,
    5.73326469507));
#1710 = CARTESIAN_POINT('',(39.599943704512,-67.67591822242,
    2.616030019744));
#1711 = CARTESIAN_POINT('',(40.661734144465,-68.55824549165,
    1.85548753876));
#1712 = CARTESIAN_POINT('',(41.742100122647,-69.62056607722,
    3.868894439411E-02));
#1713 = CARTESIAN_POINT('',(43.176688883609,-70.9685404397,
    1.000006975005E-07));
#1714 = CARTESIAN_POINT('',(39.32492337676,-67.26944652616,12.0000001));
#1715 = CARTESIAN_POINT('',(39.209042941658,-67.14381123363,
    10.10905078034));
#1716 = CARTESIAN_POINT('',(39.522829165471,-67.42354983838,
    8.853147919586));
#1717 = CARTESIAN_POINT('',(39.378834054525,-67.20031515769,
    6.054939778286));
#1718 = CARTESIAN_POINT('',(40.109120626168,-67.79742621013,
    5.733264694987));
#1719 = CARTESIAN_POINT('',(39.917641857646,-67.52444871836,
    2.616030019797));
#1720 = CARTESIAN_POINT('',(41.093671780986,-68.35228998801,
    1.855487538738));
#1721 = CARTESIAN_POINT('',(42.185528549672,-69.40913566824,
    3.868894439807E-02));
#1722 = CARTESIAN_POINT('',(43.675257463673,-70.7308181209,
    9.999983419107E-08));
#1723 = CARTESIAN_POINT('',(39.544711232712,-67.220125,12.0000001));
#1724 = CARTESIAN_POINT('',(39.432226584555,-67.09372178298,
    10.109050780336));
#1725 = CARTESIAN_POINT('',(39.757896632063,-67.37081150706,
    8.853147919597));
#1726 = CARTESIAN_POINT('',(39.641508650068,-67.14136175913,
    6.054939778269));
#1727 = CARTESIAN_POINT('',(40.418233338319,-67.72806699875,
    5.733264695006));
#1728 = CARTESIAN_POINT('',(40.255159117592,-67.44870757358,
    2.616030019785));
#1729 = CARTESIAN_POINT('',(41.55257264997,-68.24931346119,
    1.855487538743));
#1730 = CARTESIAN_POINT('',(42.656633892645,-69.30341966881,
    3.868894439719E-02));
#1731 = CARTESIAN_POINT('',(44.204945119802,-70.61195637778,
    1.000002178841E-07));
#1732 = CARTESIAN_POINT('',(39.7645,-67.220125,12.0000001));
#1733 = CARTESIAN_POINT('',(39.655415965354,-67.09372178299,
    10.109050780335));
#1734 = CARTESIAN_POINT('',(39.992955257842,-67.37081150704,
    8.853147919599));
#1735 = CARTESIAN_POINT('',(39.904190760184,-67.14136175915,
    6.054939778266));
#1736 = CARTESIAN_POINT('',(40.727341392721,-67.72806699873,
    5.733264695009));
#1737 = CARTESIAN_POINT('',(40.592678213484,-67.44870757359,
    2.616030019783));
#1738 = CARTESIAN_POINT('',(42.011472816214,-68.24931346119,
    1.855487538744));
#1739 = CARTESIAN_POINT('',(43.127739176289,-69.30341966881,
    3.86889443969E-02));
#1740 = CARTESIAN_POINT('',(44.734632609201,-70.61195637778,
    1.000001272899E-07));
#1741 = DEFINITIONAL_REPRESENTATION('',(#1742),#1746);
#1742 = LINE('',#1743,#1744);
#1743 = CARTESIAN_POINT('',(1.,0.));
#1744 = VECTOR('',#1745,1.);
#1745 = DIRECTION('',(0.,1.));
#1746 = ( GEOMETRIC_REPRESENTATION_CONTEXT(2) 
PARAMETRIC_REPRESENTATION_CONTEXT() REPRESENTATION_CONTEXT('2D SPACE',''
  ) );
#1747 = ORIENTED_EDGE('',*,*,#1748,.F.);
#1748 = EDGE_CURVE('',#1749,#1638,#1751,.T.);
#1749 = VERTEX_POINT('',#1750);
#1750 = CARTESIAN_POINT('',(42.036956377788,-79.09036739079,
    1.000001272899E-07));
#1751 = SURFACE_CURVE('',#1752,(#1762,#1769),.PCURVE_S1.);
#1752 = B_SPLINE_CURVE_WITH_KNOTS('',8,(#1753,#1754,#1755,#1756,#1757,
    #1758,#1759,#1760,#1761),.UNSPECIFIED.,.F.,.F.,(9,9),(0.,1.),
  .PIECEWISE_BEZIER_KNOTS.);
#1753 = CARTESIAN_POINT('',(42.036956377788,-79.09036739079,
    1.000001272899E-07));
#1754 = CARTESIAN_POINT('',(42.036956377788,-78.3677755431,
    1.000001272899E-07));
#1755 = CARTESIAN_POINT('',(42.036956377788,-77.6451836954,
    1.000001272899E-07));
#1756 = CARTESIAN_POINT('',(42.036956377788,-76.9225918477,
    1.000001272899E-07));
#1757 = CARTESIAN_POINT('',(42.036956377788,-76.2,1.000001272899E-07));
#1758 = CARTESIAN_POINT('',(42.036956377788,-75.4774081523,
    1.000001272899E-07));
#1759 = CARTESIAN_POINT('',(42.036956377788,-74.7548163046,
    1.000001272899E-07));
#1760 = CARTESIAN_POINT('',(42.036956377788,-74.0322244569,
    1.000001272899E-07));
#1761 = CARTESIAN_POINT('',(42.036956377788,-73.3096326092,
    1.000001272899E-07));
#1762 = PCURVE('',#1530,#1763);
#1763 = DEFINITIONAL_REPRESENTATION('',(#1764),#1768);
#1764 = LINE('',#1765,#1766);
#1765 = CARTESIAN_POINT('',(0.,1.));
#1766 = VECTOR('',#1767,1.);
#1767 = DIRECTION('',(1.,0.));
#1768 = ( GEOMETRIC_REPRESENTATION_CONTEXT(2) 
PARAMETRIC_REPRESENTATION_CONTEXT() REPRESENTATION_CONTEXT('2D SPACE',''
  ) );
#1769 = PCURVE('',#1770,#1775);
#1770 = PLANE('',#1771);
#1771 = AXIS2_PLACEMENT_3D('',#1772,#1773,#1774);
#1772 = CARTESIAN_POINT('',(42.036956377788,-79.09036739079,
    1.000001272899E-07));
#1773 = DIRECTION('',(4.121378948945E-17,6.085676121721E-17,-1.));
#1774 = DIRECTION('',(0.827324590189,0.56172415158,6.828189406213E-17));
#1775 = DEFINITIONAL_REPRESENTATION('',(#1776),#1786);
#1776 = B_SPLINE_CURVE_WITH_KNOTS('',8,(#1777,#1778,#1779,#1780,#1781,
    #1782,#1783,#1784,#1785),.UNSPECIFIED.,.F.,.F.,(9,9),(0.,1.),
  .PIECEWISE_BEZIER_KNOTS.);
#1777 = CARTESIAN_POINT('',(0.,0.));
#1778 = CARTESIAN_POINT('',(0.405897292588,-0.597818004273));
#1779 = CARTESIAN_POINT('',(0.811794585175,-1.195636008545));
#1780 = CARTESIAN_POINT('',(1.217691877763,-1.793454012818));
#1781 = CARTESIAN_POINT('',(1.62358917035,-2.39127201709));
#1782 = CARTESIAN_POINT('',(2.029486462938,-2.989090021363));
#1783 = CARTESIAN_POINT('',(2.435383755525,-3.586908025635));
#1784 = CARTESIAN_POINT('',(2.841281048113,-4.184726029908));
#1785 = CARTESIAN_POINT('',(3.2471783407,-4.78254403418));
#1786 = ( GEOMETRIC_REPRESENTATION_CONTEXT(2) 
PARAMETRIC_REPRESENTATION_CONTEXT() REPRESENTATION_CONTEXT('2D SPACE',''
  ) );
#1787 = ORIENTED_EDGE('',*,*,#1788,.F.);
#1788 = EDGE_CURVE('',#1514,#1749,#1789,.T.);
#1789 = SURFACE_CURVE('',#1790,(#1800,#1807),.PCURVE_S1.);
#1790 = ( BOUNDED_CURVE() B_SPLINE_CURVE(8,(#1791,#1792,#1793,#1794,
    #1795,#1796,#1797,#1798,#1799),.UNSPECIFIED.,.F.,.F.) 
B_SPLINE_CURVE_WITH_KNOTS((9,9),(0.,1.),.PIECEWISE_BEZIER_KNOTS.) CURVE(
) GEOMETRIC_REPRESENTATION_ITEM() RATIONAL_B_SPLINE_CURVE((1.,
    0.999999999998,1.000000000007,0.999999999989,1.000000000011,
    0.999999999993,1.000000000003,0.999999999999,1.)) 
REPRESENTATION_ITEM('') );
#1791 = CARTESIAN_POINT('',(38.645125,-84.0605,12.0000001));
#1792 = CARTESIAN_POINT('',(38.518721782995,-84.16958403464,
    10.109050780335));
#1793 = CARTESIAN_POINT('',(38.795811507049,-83.83204474215,
    8.853147919599));
#1794 = CARTESIAN_POINT('',(38.566361759154,-83.92080923981,
    6.054939778266));
#1795 = CARTESIAN_POINT('',(39.153066998736,-83.09765860727,
    5.733264695009));
#1796 = CARTESIAN_POINT('',(38.873707573593,-83.23232178651,
    2.616030019783));
#1797 = CARTESIAN_POINT('',(39.674313461191,-81.81352718378,
    1.855487538744));
#1798 = CARTESIAN_POINT('',(40.728419668817,-80.69726082371,
    3.86889443969E-02));
#1799 = CARTESIAN_POINT('',(42.036956377788,-79.09036739079,
    1.000001272899E-07));
#1800 = PCURVE('',#1530,#1801);
#1801 = DEFINITIONAL_REPRESENTATION('',(#1802),#1806);
#1802 = LINE('',#1803,#1804);
#1803 = CARTESIAN_POINT('',(0.,0.));
#1804 = VECTOR('',#1805,1.);
#1805 = DIRECTION('',(0.,1.));
#1806 = ( GEOMETRIC_REPRESENTATION_CONTEXT(2) 
PARAMETRIC_REPRESENTATION_CONTEXT() REPRESENTATION_CONTEXT('2D SPACE',''
  ) );
#1807 = PCURVE('',#1808,#1890);
#1808 = ( BOUNDED_SURFACE() B_SPLINE_SURFACE(8,8,(
    (#1809,#1810,#1811,#1812,#1813,#1814,#1815,#1816,#1817)
    ,(#1818,#1819,#1820,#1821,#1822,#1823,#1824,#1825,#1826)
    ,(#1827,#1828,#1829,#1830,#1831,#1832,#1833,#1834,#1835)
    ,(#1836,#1837,#1838,#1839,#1840,#1841,#1842,#1843,#1844)
    ,(#1845,#1846,#1847,#1848,#1849,#1850,#1851,#1852,#1853)
    ,(#1854,#1855,#1856,#1857,#1858,#1859,#1860,#1861,#1862)
    ,(#1863,#1864,#1865,#1866,#1867,#1868,#1869,#1870,#1871)
    ,(#1872,#1873,#1874,#1875,#1876,#1877,#1878,#1879,#1880)
    ,(#1881,#1882,#1883,#1884,#1885,#1886,#1887,#1888,#1889
)),.UNSPECIFIED.,.F.,.F.,.F.) B_SPLINE_SURFACE_WITH_KNOTS((9,9),(9,9),(
    7.,8.),(0.,1.),.PIECEWISE_BEZIER_KNOTS.) 
GEOMETRIC_REPRESENTATION_ITEM() RATIONAL_B_SPLINE_SURFACE((
    (1.,0.999999999998,1.000000000007,0.999999999989,1.000000000011
      ,0.999999999993,1.000000000003,0.999999999999,1.)
    ,(1.,0.999999999998,1.000000000007,0.999999999989,1.000000000011
      ,0.999999999993,1.000000000003,0.999999999999,1.)
    ,(1.,0.999999999998,1.000000000007,0.999999999989,1.000000000011
      ,0.999999999993,1.000000000003,0.999999999999,1.)
    ,(1.,0.999999999998,1.000000000007,0.999999999989,1.000000000011
      ,0.999999999993,1.000000000003,0.999999999999,1.)
    ,(1.,0.999999999998,1.000000000007,0.999999999989,1.000000000011
      ,0.999999999993,1.000000000003,0.999999999999,1.)
    ,(1.,0.999999999998,1.000000000007,0.999999999989,1.000000000011
      ,0.999999999993,1.000000000003,0.999999999999,1.)
    ,(1.,0.999999999998,1.000000000007,0.999999999989,1.000000000011
      ,0.999999999993,1.000000000003,0.999999999999,1.)
    ,(1.,0.999999999998,1.000000000007,0.999999999989,1.000000000011
      ,0.999999999993,1.000000000003,0.999999999999,1.)
    ,(1.,0.999999999998,1.000000000007,0.999999999989,1.000000000011
      ,0.999999999993,1.000000000003,0.999999999999,1.
))) REPRESENTATION_ITEM('') SURFACE() );
#1809 = CARTESIAN_POINT('',(39.7645,-85.179875,12.0000001));
#1810 = CARTESIAN_POINT('',(39.655415965373,-85.306278217,
    10.109050780334));
#1811 = CARTESIAN_POINT('',(39.992955257787,-85.02918849296,
    8.853147919602));
#1812 = CARTESIAN_POINT('',(39.90419076027,-85.25863824082,
    6.054939778262));
#1813 = CARTESIAN_POINT('',(40.727341392638,-84.67193300128,
    5.733264695011));
#1814 = CARTESIAN_POINT('',(40.592678213537,-84.95129242639,
    2.616030019782));
#1815 = CARTESIAN_POINT('',(42.011472816194,-84.15068653881,
    1.855487538744));
#1816 = CARTESIAN_POINT('',(43.127739176293,-83.09658033118,
    3.86889443969E-02));
#1817 = CARTESIAN_POINT('',(44.734632609201,-81.78804362221,
    1.000001272899E-07));
#1818 = CARTESIAN_POINT('',(39.544711232712,-85.179875,12.0000001));
#1819 = CARTESIAN_POINT('',(39.432226584559,-85.306278217,
    10.109050780353));
#1820 = CARTESIAN_POINT('',(39.75789663205,-85.02918849295,
    8.853147919546));
#1821 = CARTESIAN_POINT('',(39.641508650089,-85.25863824083,
    6.054939778348));
#1822 = CARTESIAN_POINT('',(40.418233338298,-84.67193300127,
    5.733264694929));
#1823 = CARTESIAN_POINT('',(40.255159117606,-84.95129242639,
    2.616030019834));
#1824 = CARTESIAN_POINT('',(41.552572649964,-84.15068653881,
    1.855487538724));
#1825 = CARTESIAN_POINT('',(42.656633892646,-83.09658033118,
    3.868894440101E-02));
#1826 = CARTESIAN_POINT('',(44.204945119802,-81.78804362221,
    1.000002178841E-07));
#1827 = CARTESIAN_POINT('',(39.324923376759,-85.13055347383,12.0000001)
  );
#1828 = CARTESIAN_POINT('',(39.209042941672,-85.25618876634,
    10.109050780297));
#1829 = CARTESIAN_POINT('',(39.522829165434,-84.97645016166,
    8.853147919712));
#1830 = CARTESIAN_POINT('',(39.378834054577,-85.19968484222,
    6.054939778091));
#1831 = CARTESIAN_POINT('',(40.109120626123,-84.60257378994,
    5.733264695179));
#1832 = CARTESIAN_POINT('',(39.917641857672,-84.87555128157,
    2.616030019675));
#1833 = CARTESIAN_POINT('',(41.093671780976,-84.047710012,1.855487538786
    ));
#1834 = CARTESIAN_POINT('',(42.185528549674,-82.99086433174,
    3.868894438823E-02));
#1835 = CARTESIAN_POINT('',(43.675257463673,-81.66918187909,
    9.999979866393E-08));
#1836 = CARTESIAN_POINT('',(39.118042985654,-85.03191698514,12.0000001)
  );
#1837 = CARTESIAN_POINT('',(38.998941445481,-85.15604636761,
    10.109050780324));
#1838 = CARTESIAN_POINT('',(39.301616952384,-84.87091966259,
    8.853147919631));
#1839 = CARTESIAN_POINT('',(39.1315524953,-85.08182572735,6.05493977822)
  );
#1840 = CARTESIAN_POINT('',(39.818191689413,-84.46382777343,
    5.733264695052));
#1841 = CARTESIAN_POINT('',(39.59994370436,-84.7240817776,2.616030019758
    ));
#1842 = CARTESIAN_POINT('',(40.661734144523,-83.84175450833,
    1.855487538753));
#1843 = CARTESIAN_POINT('',(41.742100122636,-82.77943392277,
    3.868894439587E-02));
#1844 = CARTESIAN_POINT('',(43.176688883609,-81.43145956029,
    1.000007454621E-07));
#1845 = CARTESIAN_POINT('',(38.936996622976,-84.88800337702,12.0000001)
  );
#1846 = CARTESIAN_POINT('',(38.815130859007,-85.00986914103,
    10.109050780333));
#1847 = CARTESIAN_POINT('',(39.10791698259,-84.71708301729,
    8.853147919606));
#1848 = CARTESIAN_POINT('',(38.915222993425,-84.90977700674,
    6.054939778252));
#1849 = CARTESIAN_POINT('',(39.563524831917,-84.26147516792,
    5.733264695023));
#1850 = CARTESIAN_POINT('',(39.321922818159,-84.50307718194,
    2.616030019772));
#1851 = CARTESIAN_POINT('',(40.28370479817,-83.54129520179,1.85548753875
    ));
#1852 = CARTESIAN_POINT('',(41.354021621038,-82.47097837897,
    3.868894439528E-02));
#1853 = CARTESIAN_POINT('',(42.740351834869,-81.08464816513,
    9.999940786543E-08));
#1854 = CARTESIAN_POINT('',(38.793083014853,-84.70695701434,12.0000001)
  );
#1855 = CARTESIAN_POINT('',(38.668953632396,-84.82605855448,
    10.109050780348));
#1856 = CARTESIAN_POINT('',(38.954080337391,-84.52338304772,
    8.853147919561));
#1857 = CARTESIAN_POINT('',(38.743174272673,-84.69344750454,
    6.054939778328));
#1858 = CARTESIAN_POINT('',(39.36117222654,-84.00680831073,
    5.733264694945));
#1859 = CARTESIAN_POINT('',(39.100918222415,-84.22505629554,
    2.616030019827));
#1860 = CARTESIAN_POINT('',(39.983245491656,-83.16326585551,
    1.855487538725));
#1861 = CARTESIAN_POINT('',(41.045566077223,-82.08289987735,
    3.868894440116E-02));
#1862 = CARTESIAN_POINT('',(42.393540439709,-80.64831111639,
    1.00000685066E-07));
#1863 = CARTESIAN_POINT('',(38.694446526163,-84.50007662324,12.0000001)
  );
#1864 = CARTESIAN_POINT('',(38.568811233672,-84.61595705834,
    10.109050780338));
#1865 = CARTESIAN_POINT('',(38.848549838275,-84.30217083453,
    8.853147919591));
#1866 = CARTESIAN_POINT('',(38.625315157861,-84.44616594547,
    6.054939778277));
#1867 = CARTESIAN_POINT('',(39.22242620997,-83.71587937383,5.733264695)
  );
#1868 = CARTESIAN_POINT('',(38.949448718473,-83.90735814235,
    2.616030019787));
#1869 = CARTESIAN_POINT('',(39.777289987975,-82.73132821901,
    1.855487538744));
#1870 = CARTESIAN_POINT('',(40.834135668256,-81.63947145032,
    3.868894439675E-02));
#1871 = CARTESIAN_POINT('',(42.155818120906,-80.14974253632,
    9.999985373099E-08));
#1872 = CARTESIAN_POINT('',(38.645125,-84.28028876728,12.0000001));
#1873 = CARTESIAN_POINT('',(38.518721783001,-84.39277341546,
    10.109050780359));
#1874 = CARTESIAN_POINT('',(38.795811507032,-84.06710336788,
    8.85314791953));
#1875 = CARTESIAN_POINT('',(38.566361759182,-84.18349135001,
    6.054939778374));
#1876 = CARTESIAN_POINT('',(39.153066998707,-83.4067666616,
    5.733264694902));
#1877 = CARTESIAN_POINT('',(38.873707573614,-83.56984088245,
    2.616030019852));
#1878 = CARTESIAN_POINT('',(39.674313461183,-82.27242735001,
    1.855487538717));
#1879 = CARTESIAN_POINT('',(40.728419668819,-81.16836610735,
    3.868894440248E-02));
#1880 = CARTESIAN_POINT('',(42.036956377788,-79.62005488019,
    1.000001983442E-07));
#1881 = CARTESIAN_POINT('',(38.645125,-84.0605,12.0000001));
#1882 = CARTESIAN_POINT('',(38.518721782983,-84.16958403462,
    10.109050780334));
#1883 = CARTESIAN_POINT('',(38.795811507084,-83.83204474221,
    8.853147919602));
#1884 = CARTESIAN_POINT('',(38.566361759101,-83.92080923973,
    6.054939778262));
#1885 = CARTESIAN_POINT('',(39.153066998786,-83.09765860735,
    5.733264695011));
#1886 = CARTESIAN_POINT('',(38.873707573563,-83.23232178646,
    2.616030019782));
#1887 = CARTESIAN_POINT('',(39.674313461203,-81.8135271838,
    1.855487538744));
#1888 = CARTESIAN_POINT('',(40.728419668815,-80.6972608237,
    3.86889443969E-02));
#1889 = CARTESIAN_POINT('',(42.036956377788,-79.09036739079,
    1.000001272899E-07));
#1890 = DEFINITIONAL_REPRESENTATION('',(#1891),#1895);
#1891 = LINE('',#1892,#1893);
#1892 = CARTESIAN_POINT('',(8.,0.));
#1893 = VECTOR('',#1894,1.);
#1894 = DIRECTION('',(0.,1.));
#1895 = ( GEOMETRIC_REPRESENTATION_CONTEXT(2) 
PARAMETRIC_REPRESENTATION_CONTEXT() REPRESENTATION_CONTEXT('2D SPACE',''
  ) );
#1896 = ADVANCED_FACE('',(#1897,#2553),#1619,.F.);
#1897 = FACE_BOUND('',#1898,.F.);
#1898 = EDGE_LOOP('',(#1899,#1900,#1935,#2052,#2169,#2286,#2403,#2520));
#1899 = ORIENTED_EDGE('',*,*,#1513,.T.);
#1900 = ORIENTED_EDGE('',*,*,#1901,.T.);
#1901 = EDGE_CURVE('',#1516,#1902,#1904,.T.);
#1902 = VERTEX_POINT('',#1903);
#1903 = CARTESIAN_POINT('',(39.7645,-67.220125,12.0000001));
#1904 = SURFACE_CURVE('',#1905,(#1915,#1928),.PCURVE_S1.);
#1905 = B_SPLINE_CURVE_WITH_KNOTS('',8,(#1906,#1907,#1908,#1909,#1910,
    #1911,#1912,#1913,#1914),.UNSPECIFIED.,.F.,.F.,(9,9),(1.,2.),
  .PIECEWISE_BEZIER_KNOTS.);
#1906 = CARTESIAN_POINT('',(38.645125,-68.3395,12.0000001));
#1907 = CARTESIAN_POINT('',(38.645125,-68.11971123271,12.0000001));
#1908 = CARTESIAN_POINT('',(38.694446526163,-67.89992337675,12.0000001)
  );
#1909 = CARTESIAN_POINT('',(38.793083014853,-67.69304298565,12.0000001)
  );
#1910 = CARTESIAN_POINT('',(38.936996622976,-67.51199662297,12.0000001)
  );
#1911 = CARTESIAN_POINT('',(39.118042985654,-67.36808301485,12.0000001)
  );
#1912 = CARTESIAN_POINT('',(39.32492337676,-67.26944652616,12.0000001));
#1913 = CARTESIAN_POINT('',(39.544711232712,-67.220125,12.0000001));
#1914 = CARTESIAN_POINT('',(39.7645,-67.220125,12.0000001));
#1915 = PCURVE('',#1619,#1916);
#1916 = DEFINITIONAL_REPRESENTATION('',(#1917),#1927);
#1917 = B_SPLINE_CURVE_WITH_KNOTS('',8,(#1918,#1919,#1920,#1921,#1922,
    #1923,#1924,#1925,#1926),.UNSPECIFIED.,.F.,.F.,(9,9),(1.,2.),
  .PIECEWISE_BEZIER_KNOTS.);
#1918 = CARTESIAN_POINT('',(10.746216544994,-11.47469698807));
#1919 = CARTESIAN_POINT('',(10.896454932338,-11.63511995773));
#1920 = CARTESIAN_POINT('',(11.082692287578,-11.76182813458));
#1921 = CARTESIAN_POINT('',(11.29610144103,-11.84540556184));
#1922 = CARTESIAN_POINT('',(11.524899129708,-11.87917729111));
#1923 = CARTESIAN_POINT('',(11.755417477725,-11.86046357237));
#1924 = CARTESIAN_POINT('',(11.973842442257,-11.79104320076));
#1925 = CARTESIAN_POINT('',(12.167978874366,-11.67680502721));
#1926 = CARTESIAN_POINT('',(12.328401844026,-11.52656663987));
#1927 = ( GEOMETRIC_REPRESENTATION_CONTEXT(2) 
PARAMETRIC_REPRESENTATION_CONTEXT() REPRESENTATION_CONTEXT('2D SPACE',''
  ) );
#1928 = PCURVE('',#1659,#1929);
#1929 = DEFINITIONAL_REPRESENTATION('',(#1930),#1934);
#1930 = LINE('',#1931,#1932);
#1931 = CARTESIAN_POINT('',(0.,0.));
#1932 = VECTOR('',#1933,1.);
#1933 = DIRECTION('',(1.,0.));
#1934 = ( GEOMETRIC_REPRESENTATION_CONTEXT(2) 
PARAMETRIC_REPRESENTATION_CONTEXT() REPRESENTATION_CONTEXT('2D SPACE',''
  ) );
#1935 = ORIENTED_EDGE('',*,*,#1936,.T.);
#1936 = EDGE_CURVE('',#1902,#1937,#1939,.T.);
#1937 = VERTEX_POINT('',#1938);
#1938 = CARTESIAN_POINT('',(55.4855,-67.220125,12.0000001));
#1939 = SURFACE_CURVE('',#1940,(#1950,#1963),.PCURVE_S1.);
#1940 = B_SPLINE_CURVE_WITH_KNOTS('',8,(#1941,#1942,#1943,#1944,#1945,
    #1946,#1947,#1948,#1949),.UNSPECIFIED.,.F.,.F.,(9,9),(2.,3.),
  .PIECEWISE_BEZIER_KNOTS.);
#1941 = CARTESIAN_POINT('',(39.7645,-67.220125,12.0000001));
#1942 = CARTESIAN_POINT('',(41.729625,-67.220125,12.0000001));
#1943 = CARTESIAN_POINT('',(43.69475,-67.220125,12.0000001));
#1944 = CARTESIAN_POINT('',(45.659875,-67.220125,12.0000001));
#1945 = CARTESIAN_POINT('',(47.625,-67.220125,12.0000001));
#1946 = CARTESIAN_POINT('',(49.590125,-67.220125,12.0000001));
#1947 = CARTESIAN_POINT('',(51.55525,-67.220125,12.0000001));
#1948 = CARTESIAN_POINT('',(53.520375,-67.220125,12.0000001));
#1949 = CARTESIAN_POINT('',(55.4855,-67.220125,12.0000001));
#1950 = PCURVE('',#1619,#1951);
#1951 = DEFINITIONAL_REPRESENTATION('',(#1952),#1962);
#1952 = B_SPLINE_CURVE_WITH_KNOTS('',8,(#1953,#1954,#1955,#1956,#1957,
    #1958,#1959,#1960,#1961),.UNSPECIFIED.,.F.,.F.,(9,9),(2.,3.),
  .PIECEWISE_BEZIER_KNOTS.);
#1953 = CARTESIAN_POINT('',(12.328401844026,-11.52656663987));
#1954 = CARTESIAN_POINT('',(13.762738967535,-10.18328957175));
#1955 = CARTESIAN_POINT('',(15.197076091044,-8.840012503626));
#1956 = CARTESIAN_POINT('',(16.631413214553,-7.496735435502));
#1957 = CARTESIAN_POINT('',(18.065750338062,-6.153458367378));
#1958 = CARTESIAN_POINT('',(19.500087461572,-4.810181299253));
#1959 = CARTESIAN_POINT('',(20.934424585081,-3.466904231129));
#1960 = CARTESIAN_POINT('',(22.36876170859,-2.123627163005));
#1961 = CARTESIAN_POINT('',(23.803098832099,-0.780350094881));
#1962 = ( GEOMETRIC_REPRESENTATION_CONTEXT(2) 
PARAMETRIC_REPRESENTATION_CONTEXT() REPRESENTATION_CONTEXT('2D SPACE',''
  ) );
#1963 = PCURVE('',#1964,#2046);
#1964 = ( BOUNDED_SURFACE() B_SPLINE_SURFACE(8,8,(
    (#1965,#1966,#1967,#1968,#1969,#1970,#1971,#1972,#1973)
    ,(#1974,#1975,#1976,#1977,#1978,#1979,#1980,#1981,#1982)
    ,(#1983,#1984,#1985,#1986,#1987,#1988,#1989,#1990,#1991)
    ,(#1992,#1993,#1994,#1995,#1996,#1997,#1998,#1999,#2000)
    ,(#2001,#2002,#2003,#2004,#2005,#2006,#2007,#2008,#2009)
    ,(#2010,#2011,#2012,#2013,#2014,#2015,#2016,#2017,#2018)
    ,(#2019,#2020,#2021,#2022,#2023,#2024,#2025,#2026,#2027)
    ,(#2028,#2029,#2030,#2031,#2032,#2033,#2034,#2035,#2036)
    ,(#2037,#2038,#2039,#2040,#2041,#2042,#2043,#2044,#2045
)),.UNSPECIFIED.,.F.,.F.,.F.) B_SPLINE_SURFACE_WITH_KNOTS((9,9),(9,9),(
    2.,3.),(0.,1.),.PIECEWISE_BEZIER_KNOTS.) 
GEOMETRIC_REPRESENTATION_ITEM() RATIONAL_B_SPLINE_SURFACE((
    (1.,0.999999999998,1.000000000007,0.999999999989,1.000000000011
      ,0.999999999993,1.000000000003,0.999999999999,1.)
    ,(1.,0.999999999998,1.000000000007,0.999999999989,1.000000000011
      ,0.999999999993,1.000000000003,0.999999999999,1.)
    ,(1.,0.999999999998,1.000000000007,0.999999999989,1.000000000011
      ,0.999999999993,1.000000000003,0.999999999999,1.)
    ,(1.,0.999999999998,1.000000000007,0.999999999989,1.000000000011
      ,0.999999999993,1.000000000003,0.999999999999,1.)
    ,(1.,0.999999999998,1.000000000007,0.999999999989,1.000000000011
      ,0.999999999993,1.000000000003,0.999999999999,1.)
    ,(1.,0.999999999998,1.000000000007,0.999999999989,1.000000000011
      ,0.999999999993,1.000000000003,0.999999999999,1.)
    ,(1.,0.999999999998,1.000000000007,0.999999999989,1.000000000011
      ,0.999999999993,1.000000000003,0.999999999999,1.)
    ,(1.,0.999999999998,1.000000000007,0.999999999989,1.000000000011
      ,0.999999999993,1.000000000003,0.999999999999,1.)
    ,(1.,0.999999999998,1.000000000007,0.999999999989,1.000000000011
      ,0.999999999993,1.000000000003,0.999999999999,1.
))) REPRESENTATION_ITEM('') SURFACE() );
#1965 = CARTESIAN_POINT('',(39.7645,-67.220125,12.0000001));
#1966 = CARTESIAN_POINT('',(39.655415965354,-67.09372178299,
    10.109050780335));
#1967 = CARTESIAN_POINT('',(39.992955257842,-67.37081150704,
    8.853147919599));
#1968 = CARTESIAN_POINT('',(39.904190760184,-67.14136175915,
    6.054939778266));
#1969 = CARTESIAN_POINT('',(40.727341392721,-67.72806699873,
    5.733264695009));
#1970 = CARTESIAN_POINT('',(40.592678213484,-67.44870757359,
    2.616030019783));
#1971 = CARTESIAN_POINT('',(42.011472816214,-68.24931346119,
    1.855487538744));
#1972 = CARTESIAN_POINT('',(43.127739176289,-69.30341966881,
    3.86889443969E-02));
#1973 = CARTESIAN_POINT('',(44.734632609201,-70.61195637778,
    1.000001272899E-07));
#1974 = CARTESIAN_POINT('',(41.729625,-67.220125,12.0000001));
#1975 = CARTESIAN_POINT('',(41.647811974025,-67.09372178299,
    10.109050780335));
#1976 = CARTESIAN_POINT('',(41.900966443354,-67.37081150704,
    8.853147919599));
#1977 = CARTESIAN_POINT('',(41.834393070181,-67.14136175915,
    6.054939778266));
#1978 = CARTESIAN_POINT('',(42.451756044499,-67.72806699873,
    5.733264695009));
#1979 = CARTESIAN_POINT('',(42.35075866014,-67.44870757359,
    2.616030019783));
#1980 = CARTESIAN_POINT('',(43.41485461215,-68.24931346119,
    1.855487538744));
#1981 = CARTESIAN_POINT('',(44.252054382219,-69.30341966881,
    3.86889443969E-02));
#1982 = CARTESIAN_POINT('',(45.4572244569,-70.61195637778,
    1.000001272899E-07));
#1983 = CARTESIAN_POINT('',(43.69475,-67.220125,12.0000001));
#1984 = CARTESIAN_POINT('',(43.640207982684,-67.09372178299,
    10.109050780335));
#1985 = CARTESIAN_POINT('',(43.808977628901,-67.37081150704,
    8.853147919599));
#1986 = CARTESIAN_POINT('',(43.764595380123,-67.14136175915,
    6.054939778266));
#1987 = CARTESIAN_POINT('',(44.176170696331,-67.72806699873,
    5.733264695009));
#1988 = CARTESIAN_POINT('',(44.108839106761,-67.44870757359,
    2.616030019783));
#1989 = CARTESIAN_POINT('',(44.8182364081,-68.24931346119,1.855487538744
    ));
#1990 = CARTESIAN_POINT('',(45.376369588146,-69.30341966881,
    3.86889443969E-02));
#1991 = CARTESIAN_POINT('',(46.1798163046,-70.61195637778,
    1.000001272899E-07));
#1992 = CARTESIAN_POINT('',(45.659875,-67.220125,12.0000001));
#1993 = CARTESIAN_POINT('',(45.632603991337,-67.09372178299,
    10.109050780335));
#1994 = CARTESIAN_POINT('',(45.716988814465,-67.37081150704,
    8.853147919599));
#1995 = CARTESIAN_POINT('',(45.69479769004,-67.14136175915,
    6.054939778266));
#1996 = CARTESIAN_POINT('',(45.900585348186,-67.72806699873,
    5.733264695009));
#1997 = CARTESIAN_POINT('',(45.866919553368,-67.44870757359,
    2.616030019783));
#1998 = CARTESIAN_POINT('',(46.221618204054,-68.24931346119,
    1.855487538744));
#1999 = CARTESIAN_POINT('',(46.500684794072,-69.30341966881,
    3.86889443969E-02));
#2000 = CARTESIAN_POINT('',(46.9024081523,-70.61195637778,
    1.000001272899E-07));
#2001 = CARTESIAN_POINT('',(47.625,-67.220125,12.0000001));
#2002 = CARTESIAN_POINT('',(47.625,-67.09372178299,10.109050780335));
#2003 = CARTESIAN_POINT('',(47.625,-67.37081150704,8.853147919599));
#2004 = CARTESIAN_POINT('',(47.625,-67.14136175915,6.054939778266));
#2005 = CARTESIAN_POINT('',(47.625,-67.72806699873,5.733264695009));
#2006 = CARTESIAN_POINT('',(47.625,-67.44870757359,2.616030019783));
#2007 = CARTESIAN_POINT('',(47.625,-68.24931346119,1.855487538744));
#2008 = CARTESIAN_POINT('',(47.625,-69.30341966881,3.86889443969E-02));
#2009 = CARTESIAN_POINT('',(47.625,-70.61195637778,1.000001272899E-07));
#2010 = CARTESIAN_POINT('',(49.590125,-67.220125,12.0000001));
#2011 = CARTESIAN_POINT('',(49.617396008658,-67.09372178299,
    10.109050780335));
#2012 = CARTESIAN_POINT('',(49.533011185549,-67.37081150704,
    8.853147919599));
#2013 = CARTESIAN_POINT('',(49.555202309939,-67.14136175915,
    6.054939778266));
#2014 = CARTESIAN_POINT('',(49.349414651834,-67.72806699873,
    5.733264695009));
#2015 = CARTESIAN_POINT('',(49.38308044662,-67.44870757359,
    2.616030019783));
#2016 = CARTESIAN_POINT('',(49.02838179595,-68.24931346119,
    1.855487538744));
#2017 = CARTESIAN_POINT('',(48.749315205927,-69.30341966881,
    3.86889443969E-02));
#2018 = CARTESIAN_POINT('',(48.3475918477,-70.61195637778,
    1.000001272899E-07));
#2019 = CARTESIAN_POINT('',(51.55525,-67.220125,12.0000001));
#2020 = CARTESIAN_POINT('',(51.609792017316,-67.09372178299,
    10.109050780335));
#2021 = CARTESIAN_POINT('',(51.441022371099,-67.37081150704,
    8.853147919599));
#2022 = CARTESIAN_POINT('',(51.485404619877,-67.14136175915,
    6.054939778266));
#2023 = CARTESIAN_POINT('',(51.073829303669,-67.72806699873,
    5.733264695009));
#2024 = CARTESIAN_POINT('',(51.141160893239,-67.44870757359,
    2.616030019783));
#2025 = CARTESIAN_POINT('',(50.4317635919,-68.24931346119,1.855487538744
    ));
#2026 = CARTESIAN_POINT('',(49.873630411854,-69.30341966881,
    3.86889443969E-02));
#2027 = CARTESIAN_POINT('',(49.0701836954,-70.61195637778,
    1.000001272899E-07));
#2028 = CARTESIAN_POINT('',(53.520375,-67.220125,12.0000001));
#2029 = CARTESIAN_POINT('',(53.602188025976,-67.09372178299,
    10.109050780335));
#2030 = CARTESIAN_POINT('',(53.349033556642,-67.37081150704,
    8.853147919599));
#2031 = CARTESIAN_POINT('',(53.415606929824,-67.14136175915,
    6.054939778266));
#2032 = CARTESIAN_POINT('',(52.798243955495,-67.72806699873,
    5.733264695009));
#2033 = CARTESIAN_POINT('',(52.899241339864,-67.44870757359,
    2.616030019783));
#2034 = CARTESIAN_POINT('',(51.835145387848,-68.24931346119,
    1.855487538744));
#2035 = CARTESIAN_POINT('',(50.997945617781,-69.30341966881,
    3.86889443969E-02));
#2036 = CARTESIAN_POINT('',(49.7927755431,-70.61195637778,
    1.000001272899E-07));
#2037 = CARTESIAN_POINT('',(55.4855,-67.220125,12.0000001));
#2038 = CARTESIAN_POINT('',(55.594584034637,-67.09372178296,
    10.109050780361));
#2039 = CARTESIAN_POINT('',(55.257044742184,-67.37081150714,
    8.853147919526));
#2040 = CARTESIAN_POINT('',(55.345809239776,-67.141361759,6.054939778378
    ));
#2041 = CARTESIAN_POINT('',(54.522658607317,-67.72806699887,5.7332646949
    ));
#2042 = CARTESIAN_POINT('',(54.657321786492,-67.4487075735,
    2.616030019851));
#2043 = CARTESIAN_POINT('',(53.238527183795,-68.24931346122,
    1.855487538718));
#2044 = CARTESIAN_POINT('',(52.122260823709,-69.30341966881,
    3.868894440204E-02));
#2045 = CARTESIAN_POINT('',(50.515367390799,-70.61195637778,
    1.000001361717E-07));
#2046 = DEFINITIONAL_REPRESENTATION('',(#2047),#2051);
#2047 = LINE('',#2048,#2049);
#2048 = CARTESIAN_POINT('',(0.,0.));
#2049 = VECTOR('',#2050,1.);
#2050 = DIRECTION('',(1.,0.));
#2051 = ( GEOMETRIC_REPRESENTATION_CONTEXT(2) 
PARAMETRIC_REPRESENTATION_CONTEXT() REPRESENTATION_CONTEXT('2D SPACE',''
  ) );
#2052 = ORIENTED_EDGE('',*,*,#2053,.T.);
#2053 = EDGE_CURVE('',#1937,#2054,#2056,.T.);
#2054 = VERTEX_POINT('',#2055);
#2055 = CARTESIAN_POINT('',(56.604875,-68.3395,12.0000001));
#2056 = SURFACE_CURVE('',#2057,(#2067,#2080),.PCURVE_S1.);
#2057 = B_SPLINE_CURVE_WITH_KNOTS('',8,(#2058,#2059,#2060,#2061,#2062,
    #2063,#2064,#2065,#2066),.UNSPECIFIED.,.F.,.F.,(9,9),(3.,4.),
  .PIECEWISE_BEZIER_KNOTS.);
#2058 = CARTESIAN_POINT('',(55.4855,-67.220125,12.0000001));
#2059 = CARTESIAN_POINT('',(55.705288767288,-67.220125,12.0000001));
#2060 = CARTESIAN_POINT('',(55.925076623241,-67.26944652616,12.0000001)
  );
#2061 = CARTESIAN_POINT('',(56.131957014346,-67.36808301485,12.0000001)
  );
#2062 = CARTESIAN_POINT('',(56.313003377024,-67.51199662297,12.0000001)
  );
#2063 = CARTESIAN_POINT('',(56.456916985147,-67.69304298565,12.0000001)
  );
#2064 = CARTESIAN_POINT('',(56.555553473837,-67.89992337675,12.0000001)
  );
#2065 = CARTESIAN_POINT('',(56.604875,-68.11971123271,12.0000001));
#2066 = CARTESIAN_POINT('',(56.604875,-68.3395,12.0000001));
#2067 = PCURVE('',#1619,#2068);
#2068 = DEFINITIONAL_REPRESENTATION('',(#2069),#2079);
#2069 = B_SPLINE_CURVE_WITH_KNOTS('',8,(#2070,#2071,#2072,#2073,#2074,
    #2075,#2076,#2077,#2078),.UNSPECIFIED.,.F.,.F.,(9,9),(3.,4.),
  .PIECEWISE_BEZIER_KNOTS.);
#2070 = CARTESIAN_POINT('',(23.803098832099,-0.780350094881));
#2071 = CARTESIAN_POINT('',(23.963521801758,-0.630111707536));
#2072 = CARTESIAN_POINT('',(24.090229978607,-0.443874352296));
#2073 = CARTESIAN_POINT('',(24.17380740587,-0.230465198844));
#2074 = CARTESIAN_POINT('',(24.207579135141,-1.667510167067E-03));
#2075 = CARTESIAN_POINT('',(24.188865416398,0.22885083785));
#2076 = CARTESIAN_POINT('',(24.119445044791,0.447275802383));
#2077 = CARTESIAN_POINT('',(24.005206871245,0.641412234492));
#2078 = CARTESIAN_POINT('',(23.8549684839,0.801835204151));
#2079 = ( GEOMETRIC_REPRESENTATION_CONTEXT(2) 
PARAMETRIC_REPRESENTATION_CONTEXT() REPRESENTATION_CONTEXT('2D SPACE',''
  ) );
#2080 = PCURVE('',#2081,#2163);
#2081 = ( BOUNDED_SURFACE() B_SPLINE_SURFACE(8,8,(
    (#2082,#2083,#2084,#2085,#2086,#2087,#2088,#2089,#2090)
    ,(#2091,#2092,#2093,#2094,#2095,#2096,#2097,#2098,#2099)
    ,(#2100,#2101,#2102,#2103,#2104,#2105,#2106,#2107,#2108)
    ,(#2109,#2110,#2111,#2112,#2113,#2114,#2115,#2116,#2117)
    ,(#2118,#2119,#2120,#2121,#2122,#2123,#2124,#2125,#2126)
    ,(#2127,#2128,#2129,#2130,#2131,#2132,#2133,#2134,#2135)
    ,(#2136,#2137,#2138,#2139,#2140,#2141,#2142,#2143,#2144)
    ,(#2145,#2146,#2147,#2148,#2149,#2150,#2151,#2152,#2153)
    ,(#2154,#2155,#2156,#2157,#2158,#2159,#2160,#2161,#2162
)),.UNSPECIFIED.,.F.,.F.,.F.) B_SPLINE_SURFACE_WITH_KNOTS((9,9),(9,9),(
    3.,4.),(0.,1.),.PIECEWISE_BEZIER_KNOTS.) 
GEOMETRIC_REPRESENTATION_ITEM() RATIONAL_B_SPLINE_SURFACE((
    (1.,0.999999999998,1.000000000007,0.999999999989,1.000000000011
      ,0.999999999993,1.000000000003,0.999999999999,1.)
    ,(1.,0.999999999998,1.000000000007,0.999999999989,1.000000000011
      ,0.999999999993,1.000000000003,0.999999999999,1.)
    ,(1.,0.999999999998,1.000000000007,0.999999999989,1.000000000011
      ,0.999999999993,1.000000000003,0.999999999999,1.)
    ,(1.,0.999999999998,1.000000000007,0.999999999989,1.000000000011
      ,0.999999999993,1.000000000003,0.999999999999,1.)
    ,(1.,0.999999999998,1.000000000007,0.999999999989,1.000000000011
      ,0.999999999993,1.000000000003,0.999999999999,1.)
    ,(1.,0.999999999998,1.000000000007,0.999999999989,1.000000000011
      ,0.999999999993,1.000000000003,0.999999999999,1.)
    ,(1.,0.999999999998,1.000000000007,0.999999999989,1.000000000011
      ,0.999999999993,1.000000000003,0.999999999999,1.)
    ,(1.,0.999999999998,1.000000000007,0.999999999989,1.000000000011
      ,0.999999999993,1.000000000003,0.999999999999,1.)
    ,(1.,0.999999999998,1.000000000007,0.999999999989,1.000000000011
      ,0.999999999993,1.000000000003,0.999999999999,1.
))) REPRESENTATION_ITEM('') SURFACE() );
#2082 = CARTESIAN_POINT('',(55.4855,-67.220125,12.0000001));
#2083 = CARTESIAN_POINT('',(55.594584034637,-67.09372178296,
    10.109050780361));
#2084 = CARTESIAN_POINT('',(55.257044742184,-67.37081150714,
    8.853147919526));
#2085 = CARTESIAN_POINT('',(55.345809239776,-67.141361759,6.054939778378
    ));
#2086 = CARTESIAN_POINT('',(54.522658607317,-67.72806699887,5.7332646949
    ));
#2087 = CARTESIAN_POINT('',(54.657321786492,-67.4487075735,
    2.616030019851));
#2088 = CARTESIAN_POINT('',(53.238527183795,-68.24931346122,
    1.855487538718));
#2089 = CARTESIAN_POINT('',(52.122260823709,-69.30341966881,
    3.868894440204E-02));
#2090 = CARTESIAN_POINT('',(50.515367390799,-70.61195637778,
    1.000001361717E-07));
#2091 = CARTESIAN_POINT('',(55.705288767288,-67.220125,12.0000001));
#2092 = CARTESIAN_POINT('',(55.817773415454,-67.093721783,
    10.109050780332));
#2093 = CARTESIAN_POINT('',(55.492103367911,-67.370811507,8.853147919608
    ));
#2094 = CARTESIAN_POINT('',(55.60849134997,-67.14136175922,
    6.054939778253));
#2095 = CARTESIAN_POINT('',(54.831766661646,-67.72806699866,
    5.73326469502));
#2096 = CARTESIAN_POINT('',(54.994840882429,-67.44870757363,
    2.616030019777));
#2097 = CARTESIAN_POINT('',(53.697427350022,-68.24931346117,
    1.855487538746));
#2098 = CARTESIAN_POINT('',(52.593366107357,-69.30341966882,
    3.868894439675E-02));
#2099 = CARTESIAN_POINT('',(51.045054880198,-70.61195637778,
    1.000002693985E-07));
#2100 = CARTESIAN_POINT('',(55.925076623241,-67.26944652616,12.0000001)
  );
#2101 = CARTESIAN_POINT('',(56.04095705834,-67.14381123363,
    10.109050780342));
#2102 = CARTESIAN_POINT('',(55.727170834531,-67.42354983838,
    8.85314791958));
#2103 = CARTESIAN_POINT('',(55.871165945477,-67.20031515769,
    6.054939778293));
#2104 = CARTESIAN_POINT('',(55.140879373827,-67.79742621013,
    5.733264694984));
#2105 = CARTESIAN_POINT('',(55.33235814236,-67.52444871837,
    2.616030019796));
#2106 = CARTESIAN_POINT('',(54.156328219011,-68.35228998801,
    1.855487538738));
#2107 = CARTESIAN_POINT('',(53.064471450329,-69.40913566824,
    3.868894439734E-02));
#2108 = CARTESIAN_POINT('',(51.574742536327,-70.7308181209,
    9.999963701546E-08));
#2109 = CARTESIAN_POINT('',(56.131957014346,-67.36808301485,12.0000001)
  );
#2110 = CARTESIAN_POINT('',(56.251058554449,-67.24395363235,
    10.109050780334));
#2111 = CARTESIAN_POINT('',(55.948383047818,-67.52908033752,
    8.853147919599));
#2112 = CARTESIAN_POINT('',(56.118447504394,-67.31817427247,
    6.054939778271));
#2113 = CARTESIAN_POINT('',(55.431808310879,-67.93617222672,
    5.733264694997));
#2114 = CARTESIAN_POINT('',(55.650056295457,-67.6759182223,
    2.616030019798));
#2115 = CARTESIAN_POINT('',(54.588265855548,-68.5582454917,
    1.855487538738));
#2116 = CARTESIAN_POINT('',(53.50789987735,-69.62056607721,
    3.868894439939E-02));
#2117 = CARTESIAN_POINT('',(52.073311116391,-70.9685404397,
    1.000009710594E-07));
#2118 = CARTESIAN_POINT('',(56.313003377024,-67.51199662297,12.0000001)
  );
#2119 = CARTESIAN_POINT('',(56.434869141021,-67.39013085899,
    10.109050780356));
#2120 = CARTESIAN_POINT('',(56.142083017331,-67.68291698263,
    8.853147919542));
#2121 = CARTESIAN_POINT('',(56.334777006691,-67.49022299335,
    6.054939778349));
#2122 = CARTESIAN_POINT('',(55.686475167974,-68.13852483198,
    5.733264694934));
#2123 = CARTESIAN_POINT('',(55.928077181909,-67.89692281811,
    2.616030019824));
#2124 = CARTESIAN_POINT('',(54.966295201803,-68.85870479818,
    1.855487538728));
#2125 = CARTESIAN_POINT('',(53.895978378968,-69.92902162103,
    3.86889443988E-02));
#2126 = CARTESIAN_POINT('',(52.509648165131,-71.31535183486,
    9.999920891346E-08));
#2127 = CARTESIAN_POINT('',(56.456916985147,-67.69304298565,12.0000001)
  );
#2128 = CARTESIAN_POINT('',(56.581046367614,-67.5739414455,
    10.109050780336));
#2129 = CARTESIAN_POINT('',(56.295919662579,-67.87661695232,
    8.853147919594));
#2130 = CARTESIAN_POINT('',(56.506825727375,-67.70655249539,
    6.054939778279));
#2131 = CARTESIAN_POINT('',(55.888827773413,-68.39319168932,
    5.733264694988));
#2132 = CARTESIAN_POINT('',(56.149081777612,-68.17494370441,
    2.616030019803));
#2133 = CARTESIAN_POINT('',(55.266754508334,-69.2367341445,
    1.855487538736));
#2134 = CARTESIAN_POINT('',(54.204433922778,-70.31710012264,
    3.868894439969E-02));
#2135 = CARTESIAN_POINT('',(52.856459560291,-71.7516888836,
    1.0000083428E-07));
#2136 = CARTESIAN_POINT('',(56.555553473837,-67.89992337675,12.0000001)
  );
#2137 = CARTESIAN_POINT('',(56.681188766369,-67.78404294169,
    10.109050780328));
#2138 = CARTESIAN_POINT('',(56.401450161606,-68.09782916538,
    8.85314791962));
#2139 = CARTESIAN_POINT('',(56.624684842321,-67.95383405465,
    6.054939778232));
#2140 = CARTESIAN_POINT('',(56.027573789856,-68.68412062604,
    5.733264695043));
#2141 = CARTESIAN_POINT('',(56.300551281637,-68.49264185771,
    2.616030019759));
#2142 = CARTESIAN_POINT('',(55.472710011982,-69.66867178095,
    1.855487538753));
#2143 = CARTESIAN_POINT('',(54.415864331753,-70.76052854967,
    3.868894439469E-02));
#2144 = CARTESIAN_POINT('',(53.094181879095,-72.25025746367,
    9.999976136044E-08));
#2145 = CARTESIAN_POINT('',(56.604875,-68.11971123271,12.0000001));
#2146 = CARTESIAN_POINT('',(56.731278217007,-68.00722658455,
    10.109050780352));
#2147 = CARTESIAN_POINT('',(56.454188492944,-68.33289663207,
    8.853147919551));
#2148 = CARTESIAN_POINT('',(56.683638240858,-68.21650865004,
    6.054939778342));
#2149 = CARTESIAN_POINT('',(56.096933001252,-68.99323333833,
    5.733264694932));
#2150 = CARTESIAN_POINT('',(56.376292426414,-68.83015911758,
    2.616030019834));
#2151 = CARTESIAN_POINT('',(55.575686538806,-70.12757264997,
    1.855487538723));
#2152 = CARTESIAN_POINT('',(54.521580331183,-71.23163389264,
    3.86889444013E-02));
#2153 = CARTESIAN_POINT('',(53.213043622212,-72.7799451198,
    1.000002303186E-07));
#2154 = CARTESIAN_POINT('',(56.604875,-68.3395,12.0000001));
#2155 = CARTESIAN_POINT('',(56.731278217005,-68.23041596535,
    10.109050780335));
#2156 = CARTESIAN_POINT('',(56.454188492951,-68.56795525784,
    8.853147919599));
#2157 = CARTESIAN_POINT('',(56.683638240846,-68.47919076018,
    6.054939778266));
#2158 = CARTESIAN_POINT('',(56.096933001264,-69.30234139272,
    5.733264695009));
#2159 = CARTESIAN_POINT('',(56.376292426407,-69.16767821348,
    2.616030019783));
#2160 = CARTESIAN_POINT('',(55.575686538809,-70.58647281621,
    1.855487538744));
#2161 = CARTESIAN_POINT('',(54.521580331183,-71.70273917628,
    3.86889443969E-02));
#2162 = CARTESIAN_POINT('',(53.213043622212,-73.3096326092,
    1.000001272899E-07));
#2163 = DEFINITIONAL_REPRESENTATION('',(#2164),#2168);
#2164 = LINE('',#2165,#2166);
#2165 = CARTESIAN_POINT('',(0.,0.));
#2166 = VECTOR('',#2167,1.);
#2167 = DIRECTION('',(1.,0.));
#2168 = ( GEOMETRIC_REPRESENTATION_CONTEXT(2) 
PARAMETRIC_REPRESENTATION_CONTEXT() REPRESENTATION_CONTEXT('2D SPACE',''
  ) );
#2169 = ORIENTED_EDGE('',*,*,#2170,.T.);
#2170 = EDGE_CURVE('',#2054,#2171,#2173,.T.);
#2171 = VERTEX_POINT('',#2172);
#2172 = CARTESIAN_POINT('',(56.604875,-84.0605,12.0000001));
#2173 = SURFACE_CURVE('',#2174,(#2184,#2197),.PCURVE_S1.);
#2174 = B_SPLINE_CURVE_WITH_KNOTS('',8,(#2175,#2176,#2177,#2178,#2179,
    #2180,#2181,#2182,#2183),.UNSPECIFIED.,.F.,.F.,(9,9),(4.,5.),
  .PIECEWISE_BEZIER_KNOTS.);
#2175 = CARTESIAN_POINT('',(56.604875,-68.3395,12.0000001));
#2176 = CARTESIAN_POINT('',(56.604875,-70.304625,12.0000001));
#2177 = CARTESIAN_POINT('',(56.604875,-72.26975,12.0000001));
#2178 = CARTESIAN_POINT('',(56.604875,-74.234875,12.0000001));
#2179 = CARTESIAN_POINT('',(56.604875,-76.2,12.0000001));
#2180 = CARTESIAN_POINT('',(56.604875,-78.165125,12.0000001));
#2181 = CARTESIAN_POINT('',(56.604875,-80.13025,12.0000001));
#2182 = CARTESIAN_POINT('',(56.604875,-82.095375,12.0000001));
#2183 = CARTESIAN_POINT('',(56.604875,-84.0605,12.0000001));
#2184 = PCURVE('',#1619,#2185);
#2185 = DEFINITIONAL_REPRESENTATION('',(#2186),#2196);
#2186 = B_SPLINE_CURVE_WITH_KNOTS('',8,(#2187,#2188,#2189,#2190,#2191,
    #2192,#2193,#2194,#2195),.UNSPECIFIED.,.F.,.F.,(9,9),(4.,5.),
  .PIECEWISE_BEZIER_KNOTS.);
#2187 = CARTESIAN_POINT('',(23.8549684839,0.801835204151));
#2188 = CARTESIAN_POINT('',(22.511691415776,2.23617232766));
#2189 = CARTESIAN_POINT('',(21.168414347652,3.670509451169));
#2190 = CARTESIAN_POINT('',(19.825137279528,5.104846574679));
#2191 = CARTESIAN_POINT('',(18.481860211403,6.539183698188));
#2192 = CARTESIAN_POINT('',(17.138583143279,7.973520821697));
#2193 = CARTESIAN_POINT('',(15.795306075155,9.407857945206));
#2194 = CARTESIAN_POINT('',(14.452029007031,10.842195068715));
#2195 = CARTESIAN_POINT('',(13.108751938906,12.276532192224));
#2196 = ( GEOMETRIC_REPRESENTATION_CONTEXT(2) 
PARAMETRIC_REPRESENTATION_CONTEXT() REPRESENTATION_CONTEXT('2D SPACE',''
  ) );
#2197 = PCURVE('',#2198,#2280);
#2198 = ( BOUNDED_SURFACE() B_SPLINE_SURFACE(8,8,(
    (#2199,#2200,#2201,#2202,#2203,#2204,#2205,#2206,#2207)
    ,(#2208,#2209,#2210,#2211,#2212,#2213,#2214,#2215,#2216)
    ,(#2217,#2218,#2219,#2220,#2221,#2222,#2223,#2224,#2225)
    ,(#2226,#2227,#2228,#2229,#2230,#2231,#2232,#2233,#2234)
    ,(#2235,#2236,#2237,#2238,#2239,#2240,#2241,#2242,#2243)
    ,(#2244,#2245,#2246,#2247,#2248,#2249,#2250,#2251,#2252)
    ,(#2253,#2254,#2255,#2256,#2257,#2258,#2259,#2260,#2261)
    ,(#2262,#2263,#2264,#2265,#2266,#2267,#2268,#2269,#2270)
    ,(#2271,#2272,#2273,#2274,#2275,#2276,#2277,#2278,#2279
)),.UNSPECIFIED.,.F.,.F.,.F.) B_SPLINE_SURFACE_WITH_KNOTS((9,9),(9,9),(
    4.,5.),(0.,1.),.PIECEWISE_BEZIER_KNOTS.) 
GEOMETRIC_REPRESENTATION_ITEM() RATIONAL_B_SPLINE_SURFACE((
    (1.,0.999999999998,1.000000000007,0.999999999989,1.000000000011
      ,0.999999999993,1.000000000003,0.999999999999,1.)
    ,(1.,0.999999999998,1.000000000007,0.999999999989,1.000000000011
      ,0.999999999993,1.000000000003,0.999999999999,1.)
    ,(1.,0.999999999998,1.000000000007,0.999999999989,1.000000000011
      ,0.999999999993,1.000000000003,0.999999999999,1.)
    ,(1.,0.999999999998,1.000000000007,0.999999999989,1.000000000011
      ,0.999999999993,1.000000000003,0.999999999999,1.)
    ,(1.,0.999999999998,1.000000000007,0.999999999989,1.000000000011
      ,0.999999999993,1.000000000003,0.999999999999,1.)
    ,(1.,0.999999999998,1.000000000007,0.999999999989,1.000000000011
      ,0.999999999993,1.000000000003,0.999999999999,1.)
    ,(1.,0.999999999998,1.000000000007,0.999999999989,1.000000000011
      ,0.999999999993,1.000000000003,0.999999999999,1.)
    ,(1.,0.999999999998,1.000000000007,0.999999999989,1.000000000011
      ,0.999999999993,1.000000000003,0.999999999999,1.)
    ,(1.,0.999999999998,1.000000000007,0.999999999989,1.000000000011
      ,0.999999999993,1.000000000003,0.999999999999,1.
))) REPRESENTATION_ITEM('') SURFACE() );
#2199 = CARTESIAN_POINT('',(56.604875,-68.3395,12.0000001));
#2200 = CARTESIAN_POINT('',(56.731278217005,-68.23041596535,
    10.109050780335));
#2201 = CARTESIAN_POINT('',(56.454188492951,-68.56795525784,
    8.853147919599));
#2202 = CARTESIAN_POINT('',(56.683638240846,-68.47919076018,
    6.054939778266));
#2203 = CARTESIAN_POINT('',(56.096933001264,-69.30234139272,
    5.733264695009));
#2204 = CARTESIAN_POINT('',(56.376292426407,-69.16767821348,
    2.616030019783));
#2205 = CARTESIAN_POINT('',(55.575686538809,-70.58647281621,
    1.855487538744));
#2206 = CARTESIAN_POINT('',(54.521580331183,-71.70273917628,
    3.86889443969E-02));
#2207 = CARTESIAN_POINT('',(53.213043622212,-73.3096326092,
    1.000001272899E-07));
#2208 = CARTESIAN_POINT('',(56.604875,-70.304625,12.0000001));
#2209 = CARTESIAN_POINT('',(56.731278217005,-70.22281197402,
    10.109050780335));
#2210 = CARTESIAN_POINT('',(56.454188492951,-70.47596644335,
    8.853147919599));
#2211 = CARTESIAN_POINT('',(56.683638240846,-70.40939307018,
    6.054939778266));
#2212 = CARTESIAN_POINT('',(56.096933001264,-71.02675604449,
    5.733264695009));
#2213 = CARTESIAN_POINT('',(56.376292426407,-70.92575866014,
    2.616030019783));
#2214 = CARTESIAN_POINT('',(55.575686538809,-71.98985461215,
    1.855487538744));
#2215 = CARTESIAN_POINT('',(54.521580331183,-72.82705438221,
    3.86889443969E-02));
#2216 = CARTESIAN_POINT('',(53.213043622212,-74.0322244569,
    1.000001272899E-07));
#2217 = CARTESIAN_POINT('',(56.604875,-72.26975,12.0000001));
#2218 = CARTESIAN_POINT('',(56.731278217005,-72.21520798268,
    10.109050780335));
#2219 = CARTESIAN_POINT('',(56.454188492951,-72.3839776289,
    8.853147919599));
#2220 = CARTESIAN_POINT('',(56.683638240846,-72.33959538012,
    6.054939778266));
#2221 = CARTESIAN_POINT('',(56.096933001264,-72.75117069633,
    5.733264695009));
#2222 = CARTESIAN_POINT('',(56.376292426407,-72.68383910676,
    2.616030019783));
#2223 = CARTESIAN_POINT('',(55.575686538809,-73.3932364081,
    1.855487538744));
#2224 = CARTESIAN_POINT('',(54.521580331183,-73.95136958814,
    3.86889443969E-02));
#2225 = CARTESIAN_POINT('',(53.213043622212,-74.7548163046,
    1.000001272899E-07));
#2226 = CARTESIAN_POINT('',(56.604875,-74.234875,12.0000001));
#2227 = CARTESIAN_POINT('',(56.731278217005,-74.20760399133,
    10.109050780335));
#2228 = CARTESIAN_POINT('',(56.454188492951,-74.29198881446,
    8.853147919599));
#2229 = CARTESIAN_POINT('',(56.683638240846,-74.26979769004,
    6.054939778266));
#2230 = CARTESIAN_POINT('',(56.096933001264,-74.47558534818,
    5.733264695009));
#2231 = CARTESIAN_POINT('',(56.376292426407,-74.44191955336,
    2.616030019783));
#2232 = CARTESIAN_POINT('',(55.575686538809,-74.79661820405,
    1.855487538744));
#2233 = CARTESIAN_POINT('',(54.521580331183,-75.07568479407,
    3.86889443969E-02));
#2234 = CARTESIAN_POINT('',(53.213043622212,-75.4774081523,
    1.000001272899E-07));
#2235 = CARTESIAN_POINT('',(56.604875,-76.2,12.0000001));
#2236 = CARTESIAN_POINT('',(56.731278217005,-76.2,10.109050780335));
#2237 = CARTESIAN_POINT('',(56.454188492951,-76.2,8.853147919599));
#2238 = CARTESIAN_POINT('',(56.683638240846,-76.2,6.054939778266));
#2239 = CARTESIAN_POINT('',(56.096933001264,-76.2,5.733264695009));
#2240 = CARTESIAN_POINT('',(56.376292426407,-76.2,2.616030019783));
#2241 = CARTESIAN_POINT('',(55.575686538809,-76.2,1.855487538744));
#2242 = CARTESIAN_POINT('',(54.521580331183,-76.2,3.86889443969E-02));
#2243 = CARTESIAN_POINT('',(53.213043622212,-76.2,1.000001272899E-07));
#2244 = CARTESIAN_POINT('',(56.604875,-78.165125,12.0000001));
#2245 = CARTESIAN_POINT('',(56.731278217005,-78.19239600865,
    10.109050780335));
#2246 = CARTESIAN_POINT('',(56.454188492951,-78.10801118554,
    8.853147919599));
#2247 = CARTESIAN_POINT('',(56.683638240846,-78.13020230993,
    6.054939778266));
#2248 = CARTESIAN_POINT('',(56.096933001264,-77.92441465183,
    5.733264695009));
#2249 = CARTESIAN_POINT('',(56.376292426407,-77.95808044662,
    2.616030019783));
#2250 = CARTESIAN_POINT('',(55.575686538809,-77.60338179595,
    1.855487538744));
#2251 = CARTESIAN_POINT('',(54.521580331183,-77.32431520592,
    3.86889443969E-02));
#2252 = CARTESIAN_POINT('',(53.213043622212,-76.9225918477,
    1.000001272899E-07));
#2253 = CARTESIAN_POINT('',(56.604875,-80.13025,12.0000001));
#2254 = CARTESIAN_POINT('',(56.731278217005,-80.18479201731,
    10.109050780335));
#2255 = CARTESIAN_POINT('',(56.454188492951,-80.01602237109,
    8.853147919599));
#2256 = CARTESIAN_POINT('',(56.683638240846,-80.06040461988,
    6.054939778266));
#2257 = CARTESIAN_POINT('',(56.096933001264,-79.64882930366,
    5.733264695009));
#2258 = CARTESIAN_POINT('',(56.376292426407,-79.71616089324,
    2.616030019783));
#2259 = CARTESIAN_POINT('',(55.575686538809,-79.00676359189,
    1.855487538744));
#2260 = CARTESIAN_POINT('',(54.521580331183,-78.44863041185,
    3.86889443969E-02));
#2261 = CARTESIAN_POINT('',(53.213043622212,-77.6451836954,
    1.000001272899E-07));
#2262 = CARTESIAN_POINT('',(56.604875,-82.095375,12.0000001));
#2263 = CARTESIAN_POINT('',(56.731278217005,-82.17718802597,
    10.109050780335));
#2264 = CARTESIAN_POINT('',(56.454188492951,-81.92403355664,
    8.853147919599));
#2265 = CARTESIAN_POINT('',(56.683638240846,-81.99060692982,
    6.054939778266));
#2266 = CARTESIAN_POINT('',(56.096933001264,-81.37324395549,
    5.733264695009));
#2267 = CARTESIAN_POINT('',(56.376292426407,-81.47424133986,
    2.616030019783));
#2268 = CARTESIAN_POINT('',(55.575686538809,-80.41014538784,
    1.855487538744));
#2269 = CARTESIAN_POINT('',(54.521580331183,-79.57294561778,
    3.86889443969E-02));
#2270 = CARTESIAN_POINT('',(53.213043622212,-78.3677755431,
    1.000001272899E-07));
#2271 = CARTESIAN_POINT('',(56.604875,-84.0605,12.0000001));
#2272 = CARTESIAN_POINT('',(56.731278217028,-84.16958403462,
    10.109050780334));
#2273 = CARTESIAN_POINT('',(56.454188492885,-83.83204474223,
    8.853147919602));
#2274 = CARTESIAN_POINT('',(56.683638240947,-83.92080923969,
    6.054939778262));
#2275 = CARTESIAN_POINT('',(56.096933001168,-83.09765860739,
    5.733264695011));
#2276 = CARTESIAN_POINT('',(56.376292426466,-83.23232178644,
    2.616030019782));
#2277 = CARTESIAN_POINT('',(55.575686538786,-81.81352718381,
    1.855487538744));
#2278 = CARTESIAN_POINT('',(54.521580331187,-80.6972608237,
    3.86889443969E-02));
#2279 = CARTESIAN_POINT('',(53.213043622212,-79.09036739079,
    1.000001272899E-07));
#2280 = DEFINITIONAL_REPRESENTATION('',(#2281),#2285);
#2281 = LINE('',#2282,#2283);
#2282 = CARTESIAN_POINT('',(0.,0.));
#2283 = VECTOR('',#2284,1.);
#2284 = DIRECTION('',(1.,0.));
#2285 = ( GEOMETRIC_REPRESENTATION_CONTEXT(2) 
PARAMETRIC_REPRESENTATION_CONTEXT() REPRESENTATION_CONTEXT('2D SPACE',''
  ) );
#2286 = ORIENTED_EDGE('',*,*,#2287,.T.);
#2287 = EDGE_CURVE('',#2171,#2288,#2290,.T.);
#2288 = VERTEX_POINT('',#2289);
#2289 = CARTESIAN_POINT('',(55.4855,-85.179875,12.0000001));
#2290 = SURFACE_CURVE('',#2291,(#2301,#2314),.PCURVE_S1.);
#2291 = B_SPLINE_CURVE_WITH_KNOTS('',8,(#2292,#2293,#2294,#2295,#2296,
    #2297,#2298,#2299,#2300),.UNSPECIFIED.,.F.,.F.,(9,9),(5.,6.),
  .PIECEWISE_BEZIER_KNOTS.);
#2292 = CARTESIAN_POINT('',(56.604875,-84.0605,12.0000001));
#2293 = CARTESIAN_POINT('',(56.604875,-84.28028876728,12.0000001));
#2294 = CARTESIAN_POINT('',(56.555553473837,-84.50007662324,12.0000001)
  );
#2295 = CARTESIAN_POINT('',(56.456916985147,-84.70695701434,12.0000001)
  );
#2296 = CARTESIAN_POINT('',(56.313003377024,-84.88800337702,12.0000001)
  );
#2297 = CARTESIAN_POINT('',(56.131957014346,-85.03191698514,12.0000001)
  );
#2298 = CARTESIAN_POINT('',(55.925076623241,-85.13055347383,12.0000001)
  );
#2299 = CARTESIAN_POINT('',(55.705288767288,-85.179875,12.0000001));
#2300 = CARTESIAN_POINT('',(55.4855,-85.179875,12.0000001));
#2301 = PCURVE('',#1619,#2302);
#2302 = DEFINITIONAL_REPRESENTATION('',(#2303),#2313);
#2303 = B_SPLINE_CURVE_WITH_KNOTS('',8,(#2304,#2305,#2306,#2307,#2308,
    #2309,#2310,#2311,#2312),.UNSPECIFIED.,.F.,.F.,(9,9),(5.,6.),
  .PIECEWISE_BEZIER_KNOTS.);
#2304 = CARTESIAN_POINT('',(13.108751938906,12.276532192224));
#2305 = CARTESIAN_POINT('',(12.958513551562,12.436955161884));
#2306 = CARTESIAN_POINT('',(12.772276196322,12.563663338732));
#2307 = CARTESIAN_POINT('',(12.55886704287,12.647240765995));
#2308 = CARTESIAN_POINT('',(12.330069354193,12.681012495267));
#2309 = CARTESIAN_POINT('',(12.099551006175,12.662298776523));
#2310 = CARTESIAN_POINT('',(11.881126041643,12.592878404916));
#2311 = CARTESIAN_POINT('',(11.686989609534,12.47864023137));
#2312 = CARTESIAN_POINT('',(11.526566639875,12.328401844026));
#2313 = ( GEOMETRIC_REPRESENTATION_CONTEXT(2) 
PARAMETRIC_REPRESENTATION_CONTEXT() REPRESENTATION_CONTEXT('2D SPACE',''
  ) );
#2314 = PCURVE('',#2315,#2397);
#2315 = ( BOUNDED_SURFACE() B_SPLINE_SURFACE(8,8,(
    (#2316,#2317,#2318,#2319,#2320,#2321,#2322,#2323,#2324)
    ,(#2325,#2326,#2327,#2328,#2329,#2330,#2331,#2332,#2333)
    ,(#2334,#2335,#2336,#2337,#2338,#2339,#2340,#2341,#2342)
    ,(#2343,#2344,#2345,#2346,#2347,#2348,#2349,#2350,#2351)
    ,(#2352,#2353,#2354,#2355,#2356,#2357,#2358,#2359,#2360)
    ,(#2361,#2362,#2363,#2364,#2365,#2366,#2367,#2368,#2369)
    ,(#2370,#2371,#2372,#2373,#2374,#2375,#2376,#2377,#2378)
    ,(#2379,#2380,#2381,#2382,#2383,#2384,#2385,#2386,#2387)
    ,(#2388,#2389,#2390,#2391,#2392,#2393,#2394,#2395,#2396
)),.UNSPECIFIED.,.F.,.F.,.F.) B_SPLINE_SURFACE_WITH_KNOTS((9,9),(9,9),(
    5.,6.),(0.,1.),.PIECEWISE_BEZIER_KNOTS.) 
GEOMETRIC_REPRESENTATION_ITEM() RATIONAL_B_SPLINE_SURFACE((
    (1.,0.999999999998,1.000000000007,0.999999999989,1.000000000011
      ,0.999999999993,1.000000000003,0.999999999999,1.)
    ,(1.,0.999999999998,1.000000000007,0.999999999989,1.000000000011
      ,0.999999999993,1.000000000003,0.999999999999,1.)
    ,(1.,0.999999999998,1.000000000007,0.999999999989,1.000000000011
      ,0.999999999993,1.000000000003,0.999999999999,1.)
    ,(1.,0.999999999998,1.000000000007,0.999999999989,1.000000000011
      ,0.999999999993,1.000000000003,0.999999999999,1.)
    ,(1.,0.999999999998,1.000000000007,0.999999999989,1.000000000011
      ,0.999999999993,1.000000000003,0.999999999999,1.)
    ,(1.,0.999999999998,1.000000000007,0.999999999989,1.000000000011
      ,0.999999999993,1.000000000003,0.999999999999,1.)
    ,(1.,0.999999999998,1.000000000007,0.999999999989,1.000000000011
      ,0.999999999993,1.000000000003,0.999999999999,1.)
    ,(1.,0.999999999998,1.000000000007,0.999999999989,1.000000000011
      ,0.999999999993,1.000000000003,0.999999999999,1.)
    ,(1.,0.999999999998,1.000000000007,0.999999999989,1.000000000011
      ,0.999999999993,1.000000000003,0.999999999999,1.
))) REPRESENTATION_ITEM('') SURFACE() );
#2316 = CARTESIAN_POINT('',(56.604875,-84.0605,12.0000001));
#2317 = CARTESIAN_POINT('',(56.731278217028,-84.16958403462,
    10.109050780334));
#2318 = CARTESIAN_POINT('',(56.454188492885,-83.83204474223,
    8.853147919602));
#2319 = CARTESIAN_POINT('',(56.683638240947,-83.92080923969,
    6.054939778262));
#2320 = CARTESIAN_POINT('',(56.096933001168,-83.09765860739,
    5.733264695011));
#2321 = CARTESIAN_POINT('',(56.376292426466,-83.23232178644,
    2.616030019782));
#2322 = CARTESIAN_POINT('',(55.575686538786,-81.81352718381,
    1.855487538744));
#2323 = CARTESIAN_POINT('',(54.521580331187,-80.6972608237,
    3.86889443969E-02));
#2324 = CARTESIAN_POINT('',(53.213043622212,-79.09036739079,
    1.000001272899E-07));
#2325 = CARTESIAN_POINT('',(56.604875,-84.28028876728,12.0000001));
#2326 = CARTESIAN_POINT('',(56.731278217016,-84.39277341546,
    10.109050780353));
#2327 = CARTESIAN_POINT('',(56.454188492919,-84.06710336789,
    8.853147919548));
#2328 = CARTESIAN_POINT('',(56.683638240895,-84.18349135,6.054939778345)
  );
#2329 = CARTESIAN_POINT('',(56.096933001217,-83.40676666161,
    5.733264694931));
#2330 = CARTESIAN_POINT('',(56.376292426436,-83.56984088244,
    2.616030019833));
#2331 = CARTESIAN_POINT('',(55.575686538797,-82.27242735001,
    1.855487538724));
#2332 = CARTESIAN_POINT('',(54.521580331185,-81.16836610735,
    3.868894440101E-02));
#2333 = CARTESIAN_POINT('',(53.213043622212,-79.62005488019,
    1.000000988682E-07));
#2334 = CARTESIAN_POINT('',(56.555553473837,-84.50007662324,12.0000001)
  );
#2335 = CARTESIAN_POINT('',(56.681188766349,-84.61595705835,
    10.109050780341));
#2336 = CARTESIAN_POINT('',(56.401450161661,-84.30217083449,
    8.853147919583));
#2337 = CARTESIAN_POINT('',(56.624684842237,-84.44616594553,
    6.05493977829));
#2338 = CARTESIAN_POINT('',(56.027573789936,-83.71587937376,
    5.733264694987));
#2339 = CARTESIAN_POINT('',(56.300551281584,-83.90735814239,
    2.616030019794));
#2340 = CARTESIAN_POINT('',(55.472710012004,-82.73132821899,
    1.855487538741));
#2341 = CARTESIAN_POINT('',(54.415864331748,-81.63947145033,
    3.868894439704E-02));
#2342 = CARTESIAN_POINT('',(53.094181879094,-80.14974253632,
    1.00000232095E-07));
#2343 = CARTESIAN_POINT('',(56.456916985147,-84.70695701434,12.0000001)
  );
#2344 = CARTESIAN_POINT('',(56.581046367612,-84.8260585545,
    10.109050780332));
#2345 = CARTESIAN_POINT('',(56.295919662587,-84.52338304765,
    8.853147919609));
#2346 = CARTESIAN_POINT('',(56.506825727362,-84.69344750464,
    6.054939778253));
#2347 = CARTESIAN_POINT('',(55.888827773426,-84.00680831064,
    5.733264695016));
#2348 = CARTESIAN_POINT('',(56.14908177761,-84.2250562956,2.616030019784
    ));
#2349 = CARTESIAN_POINT('',(55.266754508332,-83.16326585549,
    1.855487538741));
#2350 = CARTESIAN_POINT('',(54.204433922779,-82.08289987736,
    3.868894439807E-02));
#2351 = CARTESIAN_POINT('',(52.856459560292,-80.64831111639,
    9.999992300891E-08));
#2352 = CARTESIAN_POINT('',(56.313003377024,-84.88800337702,12.0000001)
  );
#2353 = CARTESIAN_POINT('',(56.434869141013,-85.00986914101,
    10.109050780333));
#2354 = CARTESIAN_POINT('',(56.142083017353,-84.71708301735,
    8.853147919605));
#2355 = CARTESIAN_POINT('',(56.334777006656,-84.90977700665,
    6.054939778255));
#2356 = CARTESIAN_POINT('',(55.686475168008,-84.26147516799,
    5.733264695023));
#2357 = CARTESIAN_POINT('',(55.928077181882,-84.50307718189,
    2.616030019768));
#2358 = CARTESIAN_POINT('',(54.966295201816,-83.5412952018,
    1.855487538753));
#2359 = CARTESIAN_POINT('',(53.895978378965,-82.47097837896,
    3.868894439469E-02));
#2360 = CARTESIAN_POINT('',(52.509648165131,-81.08464816513,
    1.000003830853E-07));
#2361 = CARTESIAN_POINT('',(56.131957014346,-85.03191698514,12.0000001)
  );
#2362 = CARTESIAN_POINT('',(56.251058554474,-85.1560463676,
    10.10905078033));
#2363 = CARTESIAN_POINT('',(55.948383047742,-84.8709196626,
    8.853147919614));
#2364 = CARTESIAN_POINT('',(56.118447504514,-85.08182572732,
    6.054939778246));
#2365 = CARTESIAN_POINT('',(55.431808310763,-84.46382777347,
    5.733264695022));
#2366 = CARTESIAN_POINT('',(55.650056295535,-84.72408177757,
    2.616030019781));
#2367 = CARTESIAN_POINT('',(54.588265855516,-83.84175450835,
    1.855487538742));
#2368 = CARTESIAN_POINT('',(53.507899877357,-82.77943392277,
    3.868894439778E-02));
#2369 = CARTESIAN_POINT('',(52.073311116392,-81.43145956029,
    9.99999070217E-08));
#2370 = CARTESIAN_POINT('',(55.925076623241,-85.13055347383,12.0000001)
  );
#2371 = CARTESIAN_POINT('',(56.040957058308,-85.25618876636,
    10.109050780341));
#2372 = CARTESIAN_POINT('',(55.727170834627,-84.97645016161,
    8.853147919582));
#2373 = CARTESIAN_POINT('',(55.871165945328,-85.1996848423,6.05493977829
    ));
#2374 = CARTESIAN_POINT('',(55.140879373969,-84.60257378986,
    5.733264694989));
#2375 = CARTESIAN_POINT('',(55.332358142269,-84.87555128163,
    2.616030019792));
#2376 = CARTESIAN_POINT('',(54.156328219047,-84.04771001198,
    1.855487538742));
#2377 = CARTESIAN_POINT('',(53.064471450322,-82.99086433175,
    3.868894439719E-02));
#2378 = CARTESIAN_POINT('',(51.574742536327,-81.66918187909,
    1.000002480822E-07));
#2379 = CARTESIAN_POINT('',(55.705288767288,-85.179875,12.0000001));
#2380 = CARTESIAN_POINT('',(55.817773415455,-85.30627821703,
    10.10905078035));
#2381 = CARTESIAN_POINT('',(55.492103367908,-85.02918849288,
    8.853147919556));
#2382 = CARTESIAN_POINT('',(55.608491349976,-85.25863824095,
    6.054939778333));
#2383 = CARTESIAN_POINT('',(54.831766661639,-84.67193300116,
    5.733264694942));
#2384 = CARTESIAN_POINT('',(54.994840882435,-84.95129242646,
    2.616030019826));
#2385 = CARTESIAN_POINT('',(53.697427350019,-84.15068653878,
    1.855487538727));
#2386 = CARTESIAN_POINT('',(52.593366107357,-83.09658033118,
    3.868894440042E-02));
#2387 = CARTESIAN_POINT('',(51.045054880198,-81.78804362221,
    1.000000899865E-07));
#2388 = CARTESIAN_POINT('',(55.4855,-85.179875,12.0000001));
#2389 = CARTESIAN_POINT('',(55.594584034646,-85.306278217,
    10.109050780335));
#2390 = CARTESIAN_POINT('',(55.257044742158,-85.02918849295,
    8.853147919599));
#2391 = CARTESIAN_POINT('',(55.345809239816,-85.25863824084,
    6.054939778266));
#2392 = CARTESIAN_POINT('',(54.522658607279,-84.67193300126,
    5.733264695009));
#2393 = CARTESIAN_POINT('',(54.657321786516,-84.9512924264,
    2.616030019783));
#2394 = CARTESIAN_POINT('',(53.238527183786,-84.1506865388,
    1.855487538744));
#2395 = CARTESIAN_POINT('',(52.122260823711,-83.09658033118,
    3.86889443969E-02));
#2396 = CARTESIAN_POINT('',(50.515367390799,-81.78804362221,
    1.000001272899E-07));
#2397 = DEFINITIONAL_REPRESENTATION('',(#2398),#2402);
#2398 = LINE('',#2399,#2400);
#2399 = CARTESIAN_POINT('',(0.,0.));
#2400 = VECTOR('',#2401,1.);
#2401 = DIRECTION('',(1.,0.));
#2402 = ( GEOMETRIC_REPRESENTATION_CONTEXT(2) 
PARAMETRIC_REPRESENTATION_CONTEXT() REPRESENTATION_CONTEXT('2D SPACE',''
  ) );
#2403 = ORIENTED_EDGE('',*,*,#2404,.T.);
#2404 = EDGE_CURVE('',#2288,#2405,#2407,.T.);
#2405 = VERTEX_POINT('',#2406);
#2406 = CARTESIAN_POINT('',(39.7645,-85.179875,12.0000001));
#2407 = SURFACE_CURVE('',#2408,(#2418,#2431),.PCURVE_S1.);
#2408 = B_SPLINE_CURVE_WITH_KNOTS('',8,(#2409,#2410,#2411,#2412,#2413,
    #2414,#2415,#2416,#2417),.UNSPECIFIED.,.F.,.F.,(9,9),(6.,7.),
  .PIECEWISE_BEZIER_KNOTS.);
#2409 = CARTESIAN_POINT('',(55.4855,-85.179875,12.0000001));
#2410 = CARTESIAN_POINT('',(53.520375,-85.179875,12.0000001));
#2411 = CARTESIAN_POINT('',(51.55525,-85.179875,12.0000001));
#2412 = CARTESIAN_POINT('',(49.590125,-85.179875,12.0000001));
#2413 = CARTESIAN_POINT('',(47.625,-85.179875,12.0000001));
#2414 = CARTESIAN_POINT('',(45.659875,-85.179875,12.0000001));
#2415 = CARTESIAN_POINT('',(43.69475,-85.179875,12.0000001));
#2416 = CARTESIAN_POINT('',(41.729625,-85.179875,12.0000001));
#2417 = CARTESIAN_POINT('',(39.7645,-85.179875,12.0000001));
#2418 = PCURVE('',#1619,#2419);
#2419 = DEFINITIONAL_REPRESENTATION('',(#2420),#2430);
#2420 = B_SPLINE_CURVE_WITH_KNOTS('',8,(#2421,#2422,#2423,#2424,#2425,
    #2426,#2427,#2428,#2429),.UNSPECIFIED.,.F.,.F.,(9,9),(6.,7.),
  .PIECEWISE_BEZIER_KNOTS.);
#2421 = CARTESIAN_POINT('',(11.526566639875,12.328401844026));
#2422 = CARTESIAN_POINT('',(10.092229516365,10.985124775902));
#2423 = CARTESIAN_POINT('',(8.657892392856,9.641847707777));
#2424 = CARTESIAN_POINT('',(7.223555269347,8.298570639653));
#2425 = CARTESIAN_POINT('',(5.789218145838,6.955293571529));
#2426 = CARTESIAN_POINT('',(4.354881022329,5.612016503404));
#2427 = CARTESIAN_POINT('',(2.92054389882,4.26873943528));
#2428 = CARTESIAN_POINT('',(1.486206775311,2.925462367156));
#2429 = CARTESIAN_POINT('',(5.18696518015E-02,1.582185299032));
#2430 = ( GEOMETRIC_REPRESENTATION_CONTEXT(2) 
PARAMETRIC_REPRESENTATION_CONTEXT() REPRESENTATION_CONTEXT('2D SPACE',''
  ) );
#2431 = PCURVE('',#2432,#2514);
#2432 = ( BOUNDED_SURFACE() B_SPLINE_SURFACE(8,8,(
    (#2433,#2434,#2435,#2436,#2437,#2438,#2439,#2440,#2441)
    ,(#2442,#2443,#2444,#2445,#2446,#2447,#2448,#2449,#2450)
    ,(#2451,#2452,#2453,#2454,#2455,#2456,#2457,#2458,#2459)
    ,(#2460,#2461,#2462,#2463,#2464,#2465,#2466,#2467,#2468)
    ,(#2469,#2470,#2471,#2472,#2473,#2474,#2475,#2476,#2477)
    ,(#2478,#2479,#2480,#2481,#2482,#2483,#2484,#2485,#2486)
    ,(#2487,#2488,#2489,#2490,#2491,#2492,#2493,#2494,#2495)
    ,(#2496,#2497,#2498,#2499,#2500,#2501,#2502,#2503,#2504)
    ,(#2505,#2506,#2507,#2508,#2509,#2510,#2511,#2512,#2513
)),.UNSPECIFIED.,.F.,.F.,.F.) B_SPLINE_SURFACE_WITH_KNOTS((9,9),(9,9),(
    6.,7.),(0.,1.),.PIECEWISE_BEZIER_KNOTS.) 
GEOMETRIC_REPRESENTATION_ITEM() RATIONAL_B_SPLINE_SURFACE((
    (1.,0.999999999998,1.000000000007,0.999999999989,1.000000000011
      ,0.999999999993,1.000000000003,0.999999999999,1.)
    ,(1.,0.999999999998,1.000000000007,0.999999999989,1.000000000011
      ,0.999999999993,1.000000000003,0.999999999999,1.)
    ,(1.,0.999999999998,1.000000000007,0.999999999989,1.000000000011
      ,0.999999999993,1.000000000003,0.999999999999,1.)
    ,(1.,0.999999999998,1.000000000007,0.999999999989,1.000000000011
      ,0.999999999993,1.000000000003,0.999999999999,1.)
    ,(1.,0.999999999998,1.000000000007,0.999999999989,1.000000000011
      ,0.999999999993,1.000000000003,0.999999999999,1.)
    ,(1.,0.999999999998,1.000000000007,0.999999999989,1.000000000011
      ,0.999999999993,1.000000000003,0.999999999999,1.)
    ,(1.,0.999999999998,1.000000000007,0.999999999989,1.000000000011
      ,0.999999999993,1.000000000003,0.999999999999,1.)
    ,(1.,0.999999999998,1.000000000007,0.999999999989,1.000000000011
      ,0.999999999993,1.000000000003,0.999999999999,1.)
    ,(1.,0.999999999998,1.000000000007,0.999999999989,1.000000000011
      ,0.999999999993,1.000000000003,0.999999999999,1.
))) REPRESENTATION_ITEM('') SURFACE() );
#2433 = CARTESIAN_POINT('',(55.4855,-85.179875,12.0000001));
#2434 = CARTESIAN_POINT('',(55.594584034646,-85.306278217,
    10.109050780335));
#2435 = CARTESIAN_POINT('',(55.257044742158,-85.02918849295,
    8.853147919599));
#2436 = CARTESIAN_POINT('',(55.345809239816,-85.25863824084,
    6.054939778266));
#2437 = CARTESIAN_POINT('',(54.522658607279,-84.67193300126,
    5.733264695009));
#2438 = CARTESIAN_POINT('',(54.657321786516,-84.9512924264,
    2.616030019783));
#2439 = CARTESIAN_POINT('',(53.238527183786,-84.1506865388,
    1.855487538744));
#2440 = CARTESIAN_POINT('',(52.122260823711,-83.09658033118,
    3.86889443969E-02));
#2441 = CARTESIAN_POINT('',(50.515367390799,-81.78804362221,
    1.000001272899E-07));
#2442 = CARTESIAN_POINT('',(53.520375,-85.179875,12.0000001));
#2443 = CARTESIAN_POINT('',(53.602188025975,-85.306278217,
    10.109050780335));
#2444 = CARTESIAN_POINT('',(53.349033556646,-85.02918849295,
    8.853147919599));
#2445 = CARTESIAN_POINT('',(53.415606929819,-85.25863824084,
    6.054939778266));
#2446 = CARTESIAN_POINT('',(52.798243955501,-84.67193300126,
    5.733264695009));
#2447 = CARTESIAN_POINT('',(52.89924133986,-84.9512924264,2.616030019783
    ));
#2448 = CARTESIAN_POINT('',(51.83514538785,-84.1506865388,1.855487538744
    ));
#2449 = CARTESIAN_POINT('',(50.997945617781,-83.09658033118,
    3.86889443969E-02));
#2450 = CARTESIAN_POINT('',(49.7927755431,-81.78804362221,
    1.000001272899E-07));
#2451 = CARTESIAN_POINT('',(51.55525,-85.179875,12.0000001));
#2452 = CARTESIAN_POINT('',(51.609792017316,-85.306278217,
    10.109050780335));
#2453 = CARTESIAN_POINT('',(51.441022371099,-85.02918849295,
    8.853147919599));
#2454 = CARTESIAN_POINT('',(51.485404619877,-85.25863824084,
    6.054939778266));
#2455 = CARTESIAN_POINT('',(51.073829303669,-84.67193300126,
    5.733264695009));
#2456 = CARTESIAN_POINT('',(51.141160893239,-84.9512924264,
    2.616030019783));
#2457 = CARTESIAN_POINT('',(50.4317635919,-84.1506865388,1.855487538744)
  );
#2458 = CARTESIAN_POINT('',(49.873630411854,-83.09658033118,
    3.86889443969E-02));
#2459 = CARTESIAN_POINT('',(49.0701836954,-81.78804362221,
    1.000001272899E-07));
#2460 = CARTESIAN_POINT('',(49.590125,-85.179875,12.0000001));
#2461 = CARTESIAN_POINT('',(49.61739600866,-85.306278217,10.109050780335
    ));
#2462 = CARTESIAN_POINT('',(49.533011185545,-85.02918849295,
    8.853147919599));
#2463 = CARTESIAN_POINT('',(49.555202309945,-85.25863824084,
    6.054939778266));
#2464 = CARTESIAN_POINT('',(49.349414651828,-84.67193300126,
    5.733264695009));
#2465 = CARTESIAN_POINT('',(49.383080446623,-84.9512924264,
    2.616030019783));
#2466 = CARTESIAN_POINT('',(49.028381795949,-84.1506865388,
    1.855487538744));
#2467 = CARTESIAN_POINT('',(48.749315205927,-83.09658033118,
    3.86889443969E-02));
#2468 = CARTESIAN_POINT('',(48.3475918477,-81.78804362221,
    1.000001272899E-07));
#2469 = CARTESIAN_POINT('',(47.625,-85.179875,12.0000001));
#2470 = CARTESIAN_POINT('',(47.625,-85.306278217,10.109050780335));
#2471 = CARTESIAN_POINT('',(47.625,-85.02918849295,8.853147919599));
#2472 = CARTESIAN_POINT('',(47.625,-85.25863824084,6.054939778266));
#2473 = CARTESIAN_POINT('',(47.625,-84.67193300126,5.733264695009));
#2474 = CARTESIAN_POINT('',(47.625,-84.9512924264,2.616030019783));
#2475 = CARTESIAN_POINT('',(47.625,-84.1506865388,1.855487538744));
#2476 = CARTESIAN_POINT('',(47.625,-83.09658033118,3.86889443969E-02));
#2477 = CARTESIAN_POINT('',(47.625,-81.78804362221,1.000001272899E-07));
#2478 = CARTESIAN_POINT('',(45.659875,-85.179875,12.0000001));
#2479 = CARTESIAN_POINT('',(45.632603991342,-85.306278217,
    10.109050780335));
#2480 = CARTESIAN_POINT('',(45.716988814451,-85.02918849295,
    8.853147919599));
#2481 = CARTESIAN_POINT('',(45.694797690061,-85.25863824084,
    6.054939778266));
#2482 = CARTESIAN_POINT('',(45.900585348166,-84.67193300126,
    5.733264695009));
#2483 = CARTESIAN_POINT('',(45.86691955338,-84.9512924264,2.616030019783
    ));
#2484 = CARTESIAN_POINT('',(46.22161820405,-84.1506865388,1.855487538744
    ));
#2485 = CARTESIAN_POINT('',(46.500684794073,-83.09658033118,
    3.86889443969E-02));
#2486 = CARTESIAN_POINT('',(46.9024081523,-81.78804362221,
    1.000001272899E-07));
#2487 = CARTESIAN_POINT('',(43.69475,-85.179875,12.0000001));
#2488 = CARTESIAN_POINT('',(43.640207982682,-85.306278217,
    10.109050780335));
#2489 = CARTESIAN_POINT('',(43.808977628907,-85.02918849295,
    8.853147919599));
#2490 = CARTESIAN_POINT('',(43.764595380115,-85.25863824084,
    6.054939778266));
#2491 = CARTESIAN_POINT('',(44.176170696338,-84.67193300126,
    5.733264695009));
#2492 = CARTESIAN_POINT('',(44.108839106756,-84.9512924264,
    2.616030019783));
#2493 = CARTESIAN_POINT('',(44.818236408102,-84.1506865388,
    1.855487538744));
#2494 = CARTESIAN_POINT('',(45.376369588146,-83.09658033118,
    3.86889443969E-02));
#2495 = CARTESIAN_POINT('',(46.1798163046,-81.78804362221,
    1.000001272899E-07));
#2496 = CARTESIAN_POINT('',(41.729625,-85.179875,12.0000001));
#2497 = CARTESIAN_POINT('',(41.647811974024,-85.306278217,
    10.109050780335));
#2498 = CARTESIAN_POINT('',(41.900966443358,-85.02918849295,
    8.853147919599));
#2499 = CARTESIAN_POINT('',(41.834393070176,-85.25863824084,
    6.054939778266));
#2500 = CARTESIAN_POINT('',(42.451756044505,-84.67193300126,
    5.733264695009));
#2501 = CARTESIAN_POINT('',(42.350758660136,-84.9512924264,
    2.616030019783));
#2502 = CARTESIAN_POINT('',(43.414854612152,-84.1506865388,
    1.855487538744));
#2503 = CARTESIAN_POINT('',(44.252054382219,-83.09658033118,
    3.86889443969E-02));
#2504 = CARTESIAN_POINT('',(45.4572244569,-81.78804362221,
    1.000001272899E-07));
#2505 = CARTESIAN_POINT('',(39.7645,-85.179875,12.0000001));
#2506 = CARTESIAN_POINT('',(39.655415965373,-85.306278217,
    10.109050780334));
#2507 = CARTESIAN_POINT('',(39.992955257787,-85.02918849296,
    8.853147919602));
#2508 = CARTESIAN_POINT('',(39.90419076027,-85.25863824082,
    6.054939778262));
#2509 = CARTESIAN_POINT('',(40.727341392638,-84.67193300128,
    5.733264695011));
#2510 = CARTESIAN_POINT('',(40.592678213537,-84.95129242639,
    2.616030019782));
#2511 = CARTESIAN_POINT('',(42.011472816194,-84.15068653881,
    1.855487538744));
#2512 = CARTESIAN_POINT('',(43.127739176293,-83.09658033118,
    3.86889443969E-02));
#2513 = CARTESIAN_POINT('',(44.734632609201,-81.78804362221,
    1.000001272899E-07));
#2514 = DEFINITIONAL_REPRESENTATION('',(#2515),#2519);
#2515 = LINE('',#2516,#2517);
#2516 = CARTESIAN_POINT('',(0.,0.));
#2517 = VECTOR('',#2518,1.);
#2518 = DIRECTION('',(1.,0.));
#2519 = ( GEOMETRIC_REPRESENTATION_CONTEXT(2) 
PARAMETRIC_REPRESENTATION_CONTEXT() REPRESENTATION_CONTEXT('2D SPACE',''
  ) );
#2520 = ORIENTED_EDGE('',*,*,#2521,.T.);
#2521 = EDGE_CURVE('',#2405,#1514,#2522,.T.);
#2522 = SURFACE_CURVE('',#2523,(#2533,#2546),.PCURVE_S1.);
#2523 = B_SPLINE_CURVE_WITH_KNOTS('',8,(#2524,#2525,#2526,#2527,#2528,
    #2529,#2530,#2531,#2532),.UNSPECIFIED.,.F.,.F.,(9,9),(7.,8.),
  .PIECEWISE_BEZIER_KNOTS.);
#2524 = CARTESIAN_POINT('',(39.7645,-85.179875,12.0000001));
#2525 = CARTESIAN_POINT('',(39.544711232712,-85.179875,12.0000001));
#2526 = CARTESIAN_POINT('',(39.324923376759,-85.13055347383,12.0000001)
  );
#2527 = CARTESIAN_POINT('',(39.118042985654,-85.03191698514,12.0000001)
  );
#2528 = CARTESIAN_POINT('',(38.936996622976,-84.88800337702,12.0000001)
  );
#2529 = CARTESIAN_POINT('',(38.793083014853,-84.70695701434,12.0000001)
  );
#2530 = CARTESIAN_POINT('',(38.694446526163,-84.50007662324,12.0000001)
  );
#2531 = CARTESIAN_POINT('',(38.645125,-84.28028876728,12.0000001));
#2532 = CARTESIAN_POINT('',(38.645125,-84.0605,12.0000001));
#2533 = PCURVE('',#1619,#2534);
#2534 = DEFINITIONAL_REPRESENTATION('',(#2535),#2545);
#2535 = B_SPLINE_CURVE_WITH_KNOTS('',8,(#2536,#2537,#2538,#2539,#2540,
    #2541,#2542,#2543,#2544),.UNSPECIFIED.,.F.,.F.,(9,9),(7.,8.),
  .PIECEWISE_BEZIER_KNOTS.);
#2536 = CARTESIAN_POINT('',(5.18696518015E-02,1.582185299032));
#2537 = CARTESIAN_POINT('',(-0.108553317858,1.431946911688));
#2538 = CARTESIAN_POINT('',(-0.235261494706,1.245709556447));
#2539 = CARTESIAN_POINT('',(-0.318838921969,1.032300402995));
#2540 = CARTESIAN_POINT('',(-0.352610651241,0.803502714318));
#2541 = CARTESIAN_POINT('',(-0.333896932497,0.572984366301));
#2542 = CARTESIAN_POINT('',(-0.26447656089,0.354559401768));
#2543 = CARTESIAN_POINT('',(-0.150238387344,0.160422969659));
#2544 = CARTESIAN_POINT('',(-1.06581410364E-14,-1.42108547152E-14));
#2545 = ( GEOMETRIC_REPRESENTATION_CONTEXT(2) 
PARAMETRIC_REPRESENTATION_CONTEXT() REPRESENTATION_CONTEXT('2D SPACE',''
  ) );
#2546 = PCURVE('',#1808,#2547);
#2547 = DEFINITIONAL_REPRESENTATION('',(#2548),#2552);
#2548 = LINE('',#2549,#2550);
#2549 = CARTESIAN_POINT('',(0.,0.));
#2550 = VECTOR('',#2551,1.);
#2551 = DIRECTION('',(1.,0.));
#2552 = ( GEOMETRIC_REPRESENTATION_CONTEXT(2) 
PARAMETRIC_REPRESENTATION_CONTEXT() REPRESENTATION_CONTEXT('2D SPACE',''
  ) );
#2553 = FACE_BOUND('',#2554,.F.);
#2554 = EDGE_LOOP('',(#2555,#2674,#2791,#2908,#3025,#3142,#3259,#3376));
#2555 = ORIENTED_EDGE('',*,*,#2556,.F.);
#2556 = EDGE_CURVE('',#2557,#2559,#2561,.T.);
#2557 = VERTEX_POINT('',#2558);
#2558 = CARTESIAN_POINT('',(39.953888561953,-82.91487871031,12.0000001)
  );
#2559 = VERTEX_POINT('',#2560);
#2560 = CARTESIAN_POINT('',(39.953888561953,-69.48512128968,12.0000001)
  );
#2561 = SURFACE_CURVE('',#2562,(#2572,#2585),.PCURVE_S1.);
#2562 = B_SPLINE_CURVE_WITH_KNOTS('',8,(#2563,#2564,#2565,#2566,#2567,
    #2568,#2569,#2570,#2571),.UNSPECIFIED.,.F.,.F.,(9,9),(0.,1.),
  .PIECEWISE_BEZIER_KNOTS.);
#2563 = CARTESIAN_POINT('',(39.953888561953,-82.91487871031,12.0000001)
  );
#2564 = CARTESIAN_POINT('',(39.953888561953,-81.23615903273,12.0000001)
  );
#2565 = CARTESIAN_POINT('',(39.953888561953,-79.55743935515,12.0000001)
  );
#2566 = CARTESIAN_POINT('',(39.953888561953,-77.87871967757,12.0000001)
  );
#2567 = CARTESIAN_POINT('',(39.953888561953,-76.2,12.0000001));
#2568 = CARTESIAN_POINT('',(39.953888561953,-74.52128032242,12.0000001)
  );
#2569 = CARTESIAN_POINT('',(39.953888561953,-72.84256064484,12.0000001)
  );
#2570 = CARTESIAN_POINT('',(39.953888561953,-71.16384096726,12.0000001)
  );
#2571 = CARTESIAN_POINT('',(39.953888561953,-69.48512128968,12.0000001)
  );
#2572 = PCURVE('',#1619,#2573);
#2573 = DEFINITIONAL_REPRESENTATION('',(#2574),#2584);
#2574 = B_SPLINE_CURVE_WITH_KNOTS('',8,(#2575,#2576,#2577,#2578,#2579,
    #2580,#2581,#2582,#2583),.UNSPECIFIED.,.F.,.F.,(9,9),(0.,1.),
  .PIECEWISE_BEZIER_KNOTS.);
#2575 = CARTESIAN_POINT('',(1.738360139939,5.843136446131E-02));
#2576 = CARTESIAN_POINT('',(2.885862536326,-1.166859623906));
#2577 = CARTESIAN_POINT('',(4.033364932713,-2.392150612274));
#2578 = CARTESIAN_POINT('',(5.180867329099,-3.617441600641));
#2579 = CARTESIAN_POINT('',(6.328369725486,-4.842732589009));
#2580 = CARTESIAN_POINT('',(7.475872121873,-6.068023577376));
#2581 = CARTESIAN_POINT('',(8.62337451826,-7.293314565743));
#2582 = CARTESIAN_POINT('',(9.770876914647,-8.518605554111));
#2583 = CARTESIAN_POINT('',(10.918379311034,-9.743896542478));
#2584 = ( GEOMETRIC_REPRESENTATION_CONTEXT(2) 
PARAMETRIC_REPRESENTATION_CONTEXT() REPRESENTATION_CONTEXT('2D SPACE',''
  ) );
#2585 = PCURVE('',#2586,#2668);
#2586 = ( BOUNDED_SURFACE() B_SPLINE_SURFACE(8,8,(
    (#2587,#2588,#2589,#2590,#2591,#2592,#2593,#2594,#2595)
    ,(#2596,#2597,#2598,#2599,#2600,#2601,#2602,#2603,#2604)
    ,(#2605,#2606,#2607,#2608,#2609,#2610,#2611,#2612,#2613)
    ,(#2614,#2615,#2616,#2617,#2618,#2619,#2620,#2621,#2622)
    ,(#2623,#2624,#2625,#2626,#2627,#2628,#2629,#2630,#2631)
    ,(#2632,#2633,#2634,#2635,#2636,#2637,#2638,#2639,#2640)
    ,(#2641,#2642,#2643,#2644,#2645,#2646,#2647,#2648,#2649)
    ,(#2650,#2651,#2652,#2653,#2654,#2655,#2656,#2657,#2658)
    ,(#2659,#2660,#2661,#2662,#2663,#2664,#2665,#2666,#2667
)),.UNSPECIFIED.,.F.,.F.,.F.) B_SPLINE_SURFACE_WITH_KNOTS((9,9),(9,9),(
    0.,1.),(0.,1.),.PIECEWISE_BEZIER_KNOTS.) 
GEOMETRIC_REPRESENTATION_ITEM() RATIONAL_B_SPLINE_SURFACE((
    (1.,0.999999999999,1.000000000004,0.999999999994,1.000000000006
      ,0.999999999996,1.000000000001,1.,1.)
    ,(1.,0.999999999999,1.000000000004,0.999999999994,1.000000000006
      ,0.999999999996,1.000000000001,1.,1.)
    ,(1.,0.999999999999,1.000000000004,0.999999999994,1.000000000006
      ,0.999999999996,1.000000000001,1.,1.)
    ,(1.,0.999999999999,1.000000000004,0.999999999994,1.000000000006
      ,0.999999999996,1.000000000001,1.,1.)
    ,(1.,0.999999999999,1.000000000004,0.999999999994,1.000000000006
      ,0.999999999996,1.000000000001,1.,1.)
    ,(1.,0.999999999999,1.000000000004,0.999999999994,1.000000000006
      ,0.999999999996,1.000000000001,1.,1.)
    ,(1.,0.999999999999,1.000000000004,0.999999999994,1.000000000006
      ,0.999999999996,1.000000000001,1.,1.)
    ,(1.,0.999999999999,1.000000000004,0.999999999994,1.000000000006
      ,0.999999999996,1.000000000001,1.,1.)
    ,(1.,0.999999999999,1.000000000004,0.999999999994,1.000000000006
,0.999999999996,1.000000000001,1.,1.
  ))) REPRESENTATION_ITEM('') SURFACE() );
#2587 = CARTESIAN_POINT('',(39.953888561953,-82.91487871031,12.0000001)
  );
#2588 = CARTESIAN_POINT('',(39.999533081473,-83.04722691096,
    10.446767717684));
#2589 = CARTESIAN_POINT('',(39.63729501924,-82.55212673446,
    8.840705507884));
#2590 = CARTESIAN_POINT('',(40.839694706432,-82.89347754779,
    7.262415588888));
#2591 = CARTESIAN_POINT('',(39.192912691404,-82.05915552151,
    6.075731686694));
#2592 = CARTESIAN_POINT('',(41.268966955737,-81.89656646977,
    3.452533405902));
#2593 = CARTESIAN_POINT('',(41.658232587749,-79.86424483282,
    3.813120876151));
#2594 = CARTESIAN_POINT('',(42.855225252033,-79.67178028236,
    2.090756066052));
#2595 = CARTESIAN_POINT('',(43.889641548791,-78.13208195752,1.8000001));
#2596 = CARTESIAN_POINT('',(39.953888561953,-81.23615903273,12.0000001)
  );
#2597 = CARTESIAN_POINT('',(39.999533081473,-81.33542018322,
    10.446767717684));
#2598 = CARTESIAN_POINT('',(39.63729501924,-80.96409505085,
    8.840705507884));
#2599 = CARTESIAN_POINT('',(40.839694706432,-81.22010816083,
    7.262415588888));
#2600 = CARTESIAN_POINT('',(39.192912691404,-80.59436664115,
    6.075731686694));
#2601 = CARTESIAN_POINT('',(41.268966955737,-80.47242485232,
    3.452533405902));
#2602 = CARTESIAN_POINT('',(41.658232587749,-78.94818362461,
    3.813120876151));
#2603 = CARTESIAN_POINT('',(42.855225252033,-78.80383521177,
    2.090756066052));
#2604 = CARTESIAN_POINT('',(43.889641548791,-77.64906146814,1.8000001));
#2605 = CARTESIAN_POINT('',(39.953888561953,-79.55743935515,12.0000001)
  );
#2606 = CARTESIAN_POINT('',(39.999533081473,-79.62361345547,
    10.446767717684));
#2607 = CARTESIAN_POINT('',(39.63729501924,-79.37606336724,
    8.840705507884));
#2608 = CARTESIAN_POINT('',(40.839694706432,-79.54673877388,
    7.262415588888));
#2609 = CARTESIAN_POINT('',(39.192912691404,-79.12957776077,
    6.075731686694));
#2610 = CARTESIAN_POINT('',(41.268966955737,-79.04828323487,
    3.452533405902));
#2611 = CARTESIAN_POINT('',(41.658232587749,-78.03212241641,
    3.813120876151));
#2612 = CARTESIAN_POINT('',(42.855225252033,-77.93589014118,
    2.090756066052));
#2613 = CARTESIAN_POINT('',(43.889641548791,-77.16604097876,1.8000001));
#2614 = CARTESIAN_POINT('',(39.953888561953,-77.87871967757,12.0000001)
  );
#2615 = CARTESIAN_POINT('',(39.999533081473,-77.91180672773,
    10.446767717684));
#2616 = CARTESIAN_POINT('',(39.63729501924,-77.78803168362,
    8.840705507884));
#2617 = CARTESIAN_POINT('',(40.839694706432,-77.87336938693,
    7.262415588888));
#2618 = CARTESIAN_POINT('',(39.192912691404,-77.66478888039,
    6.075731686694));
#2619 = CARTESIAN_POINT('',(41.268966955737,-77.62414161743,
    3.452533405902));
#2620 = CARTESIAN_POINT('',(41.658232587749,-77.1160612082,
    3.813120876151));
#2621 = CARTESIAN_POINT('',(42.855225252033,-77.06794507059,
    2.090756066052));
#2622 = CARTESIAN_POINT('',(43.889641548791,-76.68302048938,1.8000001));
#2623 = CARTESIAN_POINT('',(39.953888561953,-76.2,12.0000001));
#2624 = CARTESIAN_POINT('',(39.999533081473,-76.2,10.446767717684));
#2625 = CARTESIAN_POINT('',(39.63729501924,-76.2,8.840705507884));
#2626 = CARTESIAN_POINT('',(40.839694706432,-76.2,7.262415588888));
#2627 = CARTESIAN_POINT('',(39.192912691404,-76.2,6.075731686694));
#2628 = CARTESIAN_POINT('',(41.268966955737,-76.2,3.452533405902));
#2629 = CARTESIAN_POINT('',(41.658232587749,-76.2,3.813120876151));
#2630 = CARTESIAN_POINT('',(42.855225252033,-76.2,2.090756066052));
#2631 = CARTESIAN_POINT('',(43.889641548791,-76.2,1.8000001));
#2632 = CARTESIAN_POINT('',(39.953888561953,-74.52128032242,12.0000001)
  );
#2633 = CARTESIAN_POINT('',(39.999533081473,-74.48819327225,
    10.446767717684));
#2634 = CARTESIAN_POINT('',(39.63729501924,-74.61196831638,
    8.840705507884));
#2635 = CARTESIAN_POINT('',(40.839694706432,-74.52663061305,
    7.262415588888));
#2636 = CARTESIAN_POINT('',(39.192912691404,-74.73521111961,
    6.075731686694));
#2637 = CARTESIAN_POINT('',(41.268966955737,-74.77585838255,
    3.452533405902));
#2638 = CARTESIAN_POINT('',(41.658232587749,-75.28393879179,
    3.813120876151));
#2639 = CARTESIAN_POINT('',(42.855225252033,-75.3320549294,
    2.090756066052));
#2640 = CARTESIAN_POINT('',(43.889641548791,-75.71697951062,1.8000001));
#2641 = CARTESIAN_POINT('',(39.953888561953,-72.84256064484,12.0000001)
  );
#2642 = CARTESIAN_POINT('',(39.999533081473,-72.77638654452,
    10.446767717684));
#2643 = CARTESIAN_POINT('',(39.63729501924,-73.02393663275,
    8.840705507884));
#2644 = CARTESIAN_POINT('',(40.839694706432,-72.85326122612,
    7.262415588888));
#2645 = CARTESIAN_POINT('',(39.192912691404,-73.27042223922,
    6.075731686694));
#2646 = CARTESIAN_POINT('',(41.268966955737,-73.35171676512,
    3.452533405902));
#2647 = CARTESIAN_POINT('',(41.658232587749,-74.36787758358,
    3.813120876151));
#2648 = CARTESIAN_POINT('',(42.855225252033,-74.46410985881,
    2.090756066052));
#2649 = CARTESIAN_POINT('',(43.889641548791,-75.23395902123,1.8000001));
#2650 = CARTESIAN_POINT('',(39.953888561953,-71.16384096726,12.0000001)
  );
#2651 = CARTESIAN_POINT('',(39.999533081473,-71.06457981677,
    10.446767717684));
#2652 = CARTESIAN_POINT('',(39.63729501924,-71.43590494915,
    8.840705507884));
#2653 = CARTESIAN_POINT('',(40.839694706432,-71.17989183914,
    7.262415588888));
#2654 = CARTESIAN_POINT('',(39.192912691404,-71.80563335886,
    6.075731686694));
#2655 = CARTESIAN_POINT('',(41.268966955737,-71.92757514766,
    3.452533405902));
#2656 = CARTESIAN_POINT('',(41.658232587749,-73.45181637538,
    3.813120876151));
#2657 = CARTESIAN_POINT('',(42.855225252033,-73.59616478822,
    2.090756066052));
#2658 = CARTESIAN_POINT('',(43.889641548791,-74.75093853185,1.8000001));
#2659 = CARTESIAN_POINT('',(39.953888561953,-69.48512128968,12.0000001)
  );
#2660 = CARTESIAN_POINT('',(39.999533081472,-69.35277308903,
    10.446767717685));
#2661 = CARTESIAN_POINT('',(39.637295019243,-69.84787326552,
    8.840705507884));
#2662 = CARTESIAN_POINT('',(40.839694706428,-69.50652245222,
    7.262415588888));
#2663 = CARTESIAN_POINT('',(39.192912691408,-70.34084447845,
    6.075731686693));
#2664 = CARTESIAN_POINT('',(41.268966955734,-70.50343353024,
    3.452533405902));
#2665 = CARTESIAN_POINT('',(41.65823258775,-72.53575516717,3.81312087615
    ));
#2666 = CARTESIAN_POINT('',(42.855225252033,-72.72821971763,
    2.090756066052));
#2667 = CARTESIAN_POINT('',(43.889641548791,-74.26791804247,1.8000001));
#2668 = DEFINITIONAL_REPRESENTATION('',(#2669),#2673);
#2669 = LINE('',#2670,#2671);
#2670 = CARTESIAN_POINT('',(0.,0.));
#2671 = VECTOR('',#2672,1.);
#2672 = DIRECTION('',(1.,0.));
#2673 = ( GEOMETRIC_REPRESENTATION_CONTEXT(2) 
PARAMETRIC_REPRESENTATION_CONTEXT() REPRESENTATION_CONTEXT('2D SPACE',''
  ) );
#2674 = ORIENTED_EDGE('',*,*,#2675,.F.);
#2675 = EDGE_CURVE('',#2676,#2557,#2678,.T.);
#2676 = VERTEX_POINT('',#2677);
#2677 = CARTESIAN_POINT('',(40.910121289687,-83.87111143804,12.0000001)
  );
#2678 = SURFACE_CURVE('',#2679,(#2689,#2702),.PCURVE_S1.);
#2679 = B_SPLINE_CURVE_WITH_KNOTS('',8,(#2680,#2681,#2682,#2683,#2684,
    #2685,#2686,#2687,#2688),.UNSPECIFIED.,.F.,.F.,(9,9),(7.,8.),
  .PIECEWISE_BEZIER_KNOTS.);
#2680 = CARTESIAN_POINT('',(40.910121289687,-83.87111143804,12.0000001)
  );
#2681 = CARTESIAN_POINT('',(40.722365432652,-83.87111143804,12.0000001)
  );
#2682 = CARTESIAN_POINT('',(40.53461035413,-83.82897823201,12.0000001));
#2683 = CARTESIAN_POINT('',(40.35788155395,-83.74471742698,12.0000001));
#2684 = CARTESIAN_POINT('',(40.203221625659,-83.62177837434,12.0000001)
  );
#2685 = CARTESIAN_POINT('',(40.080282573016,-83.46711844605,12.0000001)
  );
#2686 = CARTESIAN_POINT('',(39.996021767982,-83.29038964587,12.0000001)
  );
#2687 = CARTESIAN_POINT('',(39.953888561953,-83.10263456734,12.0000001)
  );
#2688 = CARTESIAN_POINT('',(39.953888561953,-82.91487871031,12.0000001)
  );
#2689 = PCURVE('',#1619,#2690);
#2690 = DEFINITIONAL_REPRESENTATION('',(#2691),#2701);
#2691 = B_SPLINE_CURVE_WITH_KNOTS('',8,(#2692,#2693,#2694,#2695,#2696,
    #2697,#2698,#2699,#2700),.UNSPECIFIED.,.F.,.F.,(9,9),(7.,8.),
  .PIECEWISE_BEZIER_KNOTS.);
#2692 = CARTESIAN_POINT('',(1.782670097396,1.410022532992));
#2693 = CARTESIAN_POINT('',(1.645627824817,1.281680500215));
#2694 = CARTESIAN_POINT('',(1.537386613807,1.122586135763));
#2695 = CARTESIAN_POINT('',(1.465990101245,0.940280101656));
#2696 = CARTESIAN_POINT('',(1.437140401367,0.744828320133));
#2697 = CARTESIAN_POINT('',(1.45312670651,0.54790665517));
#2698 = CARTESIAN_POINT('',(1.512429470376,0.361315834721));
#2699 = CARTESIAN_POINT('',(1.610018107161,0.195473637041));
#2700 = CARTESIAN_POINT('',(1.738360139939,5.843136446131E-02));
#2701 = ( GEOMETRIC_REPRESENTATION_CONTEXT(2) 
PARAMETRIC_REPRESENTATION_CONTEXT() REPRESENTATION_CONTEXT('2D SPACE',''
  ) );
#2702 = PCURVE('',#2703,#2785);
#2703 = ( BOUNDED_SURFACE() B_SPLINE_SURFACE(8,8,(
    (#2704,#2705,#2706,#2707,#2708,#2709,#2710,#2711,#2712)
    ,(#2713,#2714,#2715,#2716,#2717,#2718,#2719,#2720,#2721)
    ,(#2722,#2723,#2724,#2725,#2726,#2727,#2728,#2729,#2730)
    ,(#2731,#2732,#2733,#2734,#2735,#2736,#2737,#2738,#2739)
    ,(#2740,#2741,#2742,#2743,#2744,#2745,#2746,#2747,#2748)
    ,(#2749,#2750,#2751,#2752,#2753,#2754,#2755,#2756,#2757)
    ,(#2758,#2759,#2760,#2761,#2762,#2763,#2764,#2765,#2766)
    ,(#2767,#2768,#2769,#2770,#2771,#2772,#2773,#2774,#2775)
    ,(#2776,#2777,#2778,#2779,#2780,#2781,#2782,#2783,#2784
)),.UNSPECIFIED.,.F.,.F.,.F.) B_SPLINE_SURFACE_WITH_KNOTS((9,9),(9,9),(
    7.,8.),(0.,1.),.PIECEWISE_BEZIER_KNOTS.) 
GEOMETRIC_REPRESENTATION_ITEM() RATIONAL_B_SPLINE_SURFACE((
    (1.,0.999999999999,1.000000000004,0.999999999994,1.000000000006
      ,0.999999999996,1.000000000001,1.,1.)
    ,(1.,0.999999999999,1.000000000004,0.999999999994,1.000000000006
      ,0.999999999996,1.000000000001,1.,1.)
    ,(1.,0.999999999999,1.000000000004,0.999999999994,1.000000000006
      ,0.999999999996,1.000000000001,1.,1.)
    ,(1.,0.999999999999,1.000000000004,0.999999999994,1.000000000006
      ,0.999999999996,1.000000000001,1.,1.)
    ,(1.,0.999999999999,1.000000000004,0.999999999994,1.000000000006
      ,0.999999999996,1.000000000001,1.,1.)
    ,(1.,0.999999999999,1.000000000004,0.999999999994,1.000000000006
      ,0.999999999996,1.000000000001,1.,1.)
    ,(1.,0.999999999999,1.000000000004,0.999999999994,1.000000000006
      ,0.999999999996,1.000000000001,1.,1.)
    ,(1.,0.999999999999,1.000000000004,0.999999999994,1.000000000006
      ,0.999999999996,1.000000000001,1.,1.)
    ,(1.,0.999999999999,1.000000000004,0.999999999994,1.000000000006
,0.999999999996,1.000000000001,1.,1.
  ))) REPRESENTATION_ITEM('') SURFACE() );
#2704 = CARTESIAN_POINT('',(40.910121289687,-83.87111143804,12.0000001)
  );
#2705 = CARTESIAN_POINT('',(40.777773089044,-83.82546691853,
    10.446767717685));
#2706 = CARTESIAN_POINT('',(41.272873265507,-84.18770498074,
    8.840705507884));
#2707 = CARTESIAN_POINT('',(40.93152245225,-82.98530529359,
    7.262415588888));
#2708 = CARTESIAN_POINT('',(41.765844478437,-84.63208730856,
    6.075731686693));
#2709 = CARTESIAN_POINT('',(41.928433530253,-82.55603304428,
    3.452533405902));
#2710 = CARTESIAN_POINT('',(43.960755167169,-82.16676741224,
    3.81312087615));
#2711 = CARTESIAN_POINT('',(44.153219717634,-80.96977474796,
    2.090756066052));
#2712 = CARTESIAN_POINT('',(45.692918042478,-79.9353584512,1.8000001));
#2713 = CARTESIAN_POINT('',(40.722365432652,-83.87111143804,12.0000001)
  );
#2714 = CARTESIAN_POINT('',(40.624966020875,-83.82546691852,
    10.446767717692));
#2715 = CARTESIAN_POINT('',(40.951728227864,-84.18770498076,
    8.840705507861));
#2716 = CARTESIAN_POINT('',(40.913492116467,-82.98530529356,
    7.262415588924));
#2717 = CARTESIAN_POINT('',(41.260650503468,-84.63208730859,
    6.075731686658));
#2718 = CARTESIAN_POINT('',(41.79894757111,-82.55603304426,
    3.452533405924));
#2719 = CARTESIAN_POINT('',(43.508655915916,-82.16676741225,
    3.813120876142));
#2720 = CARTESIAN_POINT('',(43.898359100286,-80.96977474796,
    2.090756066053));
#2721 = CARTESIAN_POINT('',(45.338845530918,-79.9353584512,1.8000001));
#2722 = CARTESIAN_POINT('',(40.53461035413,-83.82897823201,12.0000001));
#2723 = CARTESIAN_POINT('',(40.47216376116,-83.79117219326,
    10.446767717683));
#2724 = CARTESIAN_POINT('',(40.630575367255,-84.11564783463,
    8.840705507889));
#2725 = CARTESIAN_POINT('',(40.895468706729,-82.98125235902,
    7.262415588878));
#2726 = CARTESIAN_POINT('',(40.755452170012,-84.51872610347,
    6.075731686704));
#2727 = CARTESIAN_POINT('',(41.669463297673,-82.52697470029,
    3.452533405894));
#2728 = CARTESIAN_POINT('',(43.056556077538,-82.06531689559,
    3.813120876154));
#2729 = CARTESIAN_POINT('',(43.643498458879,-80.91258403158,
    2.090756066051));
#2730 = CARTESIAN_POINT('',(44.984772907906,-79.85590466618,1.8000001));
#2731 = CARTESIAN_POINT('',(40.35788155395,-83.74471742698,12.0000001));
#2732 = CARTESIAN_POINT('',(40.328313644254,-83.72261319004,
    10.446767717678));
#2733 = CARTESIAN_POINT('',(40.328329892381,-83.97148637485,
    8.840705507902));
#2734 = CARTESIAN_POINT('',(40.878468532455,-82.97318950583,
    7.262415588861));
#2735 = CARTESIAN_POINT('',(40.279955758486,-84.29197877049,
    6.075731686719));
#2736 = CARTESIAN_POINT('',(41.547577331295,-82.46886900152,
    3.452533405887));
#2737 = CARTESIAN_POINT('',(42.631019328569,-81.86241410095,
    3.813120876155));
#2738 = CARTESIAN_POINT('',(43.403610555939,-80.79820350873,
    2.090756066051));
#2739 = CARTESIAN_POINT('',(44.651502002209,-79.6969978765,
    1.800000100001));
#2740 = CARTESIAN_POINT('',(40.203221625659,-83.62177837434,12.0000001)
  );
#2741 = CARTESIAN_POINT('',(40.202474106626,-83.62252589336,
    10.446767717686));
#2742 = CARTESIAN_POINT('',(40.063723132422,-83.76127686759,
    8.84070550788));
#2743 = CARTESIAN_POINT('',(40.863669040853,-82.96133095912,
    7.262415588892));
#2744 = CARTESIAN_POINT('',(39.863763313609,-83.96123668641,
    6.07573168669));
#2745 = CARTESIAN_POINT('',(41.440924825237,-82.38407517475,
    3.452533405902));
#2746 = CARTESIAN_POINT('',(42.258593197258,-81.56640680274,
    3.813120876151));
#2747 = CARTESIAN_POINT('',(43.193666195584,-80.63133380441,
    2.090756066051));
#2748 = CARTESIAN_POINT('',(44.359830105428,-79.46516989457,1.8000001));
#2749 = CARTESIAN_POINT('',(40.080282573016,-83.46711844605,12.0000001)
  );
#2750 = CARTESIAN_POINT('',(40.102386809969,-83.49668635574,
    10.446767717693));
#2751 = CARTESIAN_POINT('',(39.85351362511,-83.49667010761,
    8.840705507857));
#2752 = CARTESIAN_POINT('',(40.851810494212,-82.94653146755,
    7.262415588932));
#2753 = CARTESIAN_POINT('',(39.53302122946,-83.5450442415,6.07573168665)
  );
#2754 = CARTESIAN_POINT('',(41.356130998499,-82.27742266871,
    3.45253340593));
#2755 = CARTESIAN_POINT('',(41.962585899033,-81.19398067142,
    3.81312087614));
#2756 = CARTESIAN_POINT('',(43.026796491269,-80.42138944406,
    2.090756066053));
#2757 = CARTESIAN_POINT('',(44.128002123495,-79.17349799779,
    1.800000100001));
#2758 = CARTESIAN_POINT('',(39.996021767982,-83.29038964587,12.0000001)
  );
#2759 = CARTESIAN_POINT('',(40.033827806733,-83.35283623883,
    10.446767717688));
#2760 = CARTESIAN_POINT('',(39.709352165385,-83.19442463275,
    8.840705507875));
#2761 = CARTESIAN_POINT('',(40.84374764095,-82.92953129325,
    7.262415588901));
#2762 = CARTESIAN_POINT('',(39.306273896543,-83.06954783,6.075731686683)
  );
#2763 = CARTESIAN_POINT('',(41.298025299693,-82.15553670231,
    3.452533405907));
#2764 = CARTESIAN_POINT('',(41.75968310441,-80.76844392246,3.81312087615
    ));
#2765 = CARTESIAN_POINT('',(42.912415968414,-80.18150154112,
    2.090756066052));
#2766 = CARTESIAN_POINT('',(43.969095333818,-78.84022709209,1.8000001));
#2767 = CARTESIAN_POINT('',(39.953888561953,-83.10263456734,12.0000001)
  );
#2768 = CARTESIAN_POINT('',(39.999533081467,-83.20003397911,
    10.446767717685));
#2769 = CARTESIAN_POINT('',(39.637295019256,-82.87327177216,
    8.840705507883));
#2770 = CARTESIAN_POINT('',(40.839694706406,-82.91150788349,
    7.262415588889));
#2771 = CARTESIAN_POINT('',(39.19291269143,-82.56434949657,
    6.075731686692));
#2772 = CARTESIAN_POINT('',(41.26896695572,-82.02605242886,
    3.452533405903));
#2773 = CARTESIAN_POINT('',(41.658232587756,-80.31634408409,
    3.81312087615));
#2774 = CARTESIAN_POINT('',(42.855225252032,-79.92664089971,
    2.090756066052));
#2775 = CARTESIAN_POINT('',(43.889641548791,-78.48615446908,1.8000001));
#2776 = CARTESIAN_POINT('',(39.953888561953,-82.91487871031,12.0000001)
  );
#2777 = CARTESIAN_POINT('',(39.999533081475,-83.04722691095,
    10.446767717685));
#2778 = CARTESIAN_POINT('',(39.637295019232,-82.55212673448,
    8.840705507884));
#2779 = CARTESIAN_POINT('',(40.839694706445,-82.89347754776,
    7.262415588888));
#2780 = CARTESIAN_POINT('',(39.19291269139,-82.05915552154,
    6.075731686693));
#2781 = CARTESIAN_POINT('',(41.268966955745,-81.89656646975,
    3.452533405902));
#2782 = CARTESIAN_POINT('',(41.658232587746,-79.86424483282,
    3.81312087615));
#2783 = CARTESIAN_POINT('',(42.855225252034,-79.67178028236,
    2.090756066052));
#2784 = CARTESIAN_POINT('',(43.889641548791,-78.13208195752,1.8000001));
#2785 = DEFINITIONAL_REPRESENTATION('',(#2786),#2790);
#2786 = LINE('',#2787,#2788);
#2787 = CARTESIAN_POINT('',(0.,0.));
#2788 = VECTOR('',#2789,1.);
#2789 = DIRECTION('',(1.,0.));
#2790 = ( GEOMETRIC_REPRESENTATION_CONTEXT(2) 
PARAMETRIC_REPRESENTATION_CONTEXT() REPRESENTATION_CONTEXT('2D SPACE',''
  ) );
#2791 = ORIENTED_EDGE('',*,*,#2792,.F.);
#2792 = EDGE_CURVE('',#2793,#2676,#2795,.T.);
#2793 = VERTEX_POINT('',#2794);
#2794 = CARTESIAN_POINT('',(54.339878710313,-83.87111143804,12.0000001)
  );
#2795 = SURFACE_CURVE('',#2796,(#2806,#2819),.PCURVE_S1.);
#2796 = B_SPLINE_CURVE_WITH_KNOTS('',8,(#2797,#2798,#2799,#2800,#2801,
    #2802,#2803,#2804,#2805),.UNSPECIFIED.,.F.,.F.,(9,9),(6.,7.),
  .PIECEWISE_BEZIER_KNOTS.);
#2797 = CARTESIAN_POINT('',(54.339878710313,-83.87111143804,12.0000001)
  );
#2798 = CARTESIAN_POINT('',(52.661159032734,-83.87111143804,12.0000001)
  );
#2799 = CARTESIAN_POINT('',(50.982439355156,-83.87111143804,12.0000001)
  );
#2800 = CARTESIAN_POINT('',(49.303719677578,-83.87111143804,12.0000001)
  );
#2801 = CARTESIAN_POINT('',(47.625,-83.87111143804,12.0000001));
#2802 = CARTESIAN_POINT('',(45.946280322422,-83.87111143804,12.0000001)
  );
#2803 = CARTESIAN_POINT('',(44.267560644844,-83.87111143804,12.0000001)
  );
#2804 = CARTESIAN_POINT('',(42.588840967266,-83.87111143804,12.0000001)
  );
#2805 = CARTESIAN_POINT('',(40.910121289687,-83.87111143804,12.0000001)
  );
#2806 = PCURVE('',#1619,#2807);
#2807 = DEFINITIONAL_REPRESENTATION('',(#2808),#2818);
#2808 = B_SPLINE_CURVE_WITH_KNOTS('',8,(#2809,#2810,#2811,#2812,#2813,
    #2814,#2815,#2816,#2817),.UNSPECIFIED.,.F.,.F.,(9,9),(6.,7.),
  .PIECEWISE_BEZIER_KNOTS.);
#2809 = CARTESIAN_POINT('',(11.584998004336,10.590041704087));
#2810 = CARTESIAN_POINT('',(10.359707015968,9.4425393077));
#2811 = CARTESIAN_POINT('',(9.134416027601,8.295036911313));
#2812 = CARTESIAN_POINT('',(7.909125039234,7.147534514926));
#2813 = CARTESIAN_POINT('',(6.683834050866,6.00003211854));
#2814 = CARTESIAN_POINT('',(5.458543062499,4.852529722153));
#2815 = CARTESIAN_POINT('',(4.233252074131,3.705027325766));
#2816 = CARTESIAN_POINT('',(3.007961085764,2.557524929379));
#2817 = CARTESIAN_POINT('',(1.782670097396,1.410022532992));
#2818 = ( GEOMETRIC_REPRESENTATION_CONTEXT(2) 
PARAMETRIC_REPRESENTATION_CONTEXT() REPRESENTATION_CONTEXT('2D SPACE',''
  ) );
#2819 = PCURVE('',#2820,#2902);
#2820 = ( BOUNDED_SURFACE() B_SPLINE_SURFACE(8,8,(
    (#2821,#2822,#2823,#2824,#2825,#2826,#2827,#2828,#2829)
    ,(#2830,#2831,#2832,#2833,#2834,#2835,#2836,#2837,#2838)
    ,(#2839,#2840,#2841,#2842,#2843,#2844,#2845,#2846,#2847)
    ,(#2848,#2849,#2850,#2851,#2852,#2853,#2854,#2855,#2856)
    ,(#2857,#2858,#2859,#2860,#2861,#2862,#2863,#2864,#2865)
    ,(#2866,#2867,#2868,#2869,#2870,#2871,#2872,#2873,#2874)
    ,(#2875,#2876,#2877,#2878,#2879,#2880,#2881,#2882,#2883)
    ,(#2884,#2885,#2886,#2887,#2888,#2889,#2890,#2891,#2892)
    ,(#2893,#2894,#2895,#2896,#2897,#2898,#2899,#2900,#2901
)),.UNSPECIFIED.,.F.,.F.,.F.) B_SPLINE_SURFACE_WITH_KNOTS((9,9),(9,9),(
    6.,7.),(0.,1.),.PIECEWISE_BEZIER_KNOTS.) 
GEOMETRIC_REPRESENTATION_ITEM() RATIONAL_B_SPLINE_SURFACE((
    (1.,0.999999999999,1.000000000004,0.999999999994,1.000000000006
      ,0.999999999996,1.000000000001,1.,1.)
    ,(1.,0.999999999999,1.000000000004,0.999999999994,1.000000000006
      ,0.999999999996,1.000000000001,1.,1.)
    ,(1.,0.999999999999,1.000000000004,0.999999999994,1.000000000006
      ,0.999999999996,1.000000000001,1.,1.)
    ,(1.,0.999999999999,1.000000000004,0.999999999994,1.000000000006
      ,0.999999999996,1.000000000001,1.,1.)
    ,(1.,0.999999999999,1.000000000004,0.999999999994,1.000000000006
      ,0.999999999996,1.000000000001,1.,1.)
    ,(1.,0.999999999999,1.000000000004,0.999999999994,1.000000000006
      ,0.999999999996,1.000000000001,1.,1.)
    ,(1.,0.999999999999,1.000000000004,0.999999999994,1.000000000006
      ,0.999999999996,1.000000000001,1.,1.)
    ,(1.,0.999999999999,1.000000000004,0.999999999994,1.000000000006
      ,0.999999999996,1.000000000001,1.,1.)
    ,(1.,0.999999999999,1.000000000004,0.999999999994,1.000000000006
,0.999999999996,1.000000000001,1.,1.
  ))) REPRESENTATION_ITEM('') SURFACE() );
#2821 = CARTESIAN_POINT('',(54.339878710313,-83.87111143804,12.0000001)
  );
#2822 = CARTESIAN_POINT('',(54.472226910965,-83.82546691852,
    10.446767717684));
#2823 = CARTESIAN_POINT('',(53.977126734464,-84.18770498076,
    8.840705507884));
#2824 = CARTESIAN_POINT('',(54.318477547796,-82.98530529356,
    7.262415588888));
#2825 = CARTESIAN_POINT('',(53.484155521519,-84.63208730859,
    6.075731686694));
#2826 = CARTESIAN_POINT('',(53.321566469774,-82.55603304426,
    3.452533405902));
#2827 = CARTESIAN_POINT('',(51.289244832821,-82.16676741225,
    3.813120876151));
#2828 = CARTESIAN_POINT('',(51.096780282368,-80.96977474796,
    2.090756066052));
#2829 = CARTESIAN_POINT('',(49.557081957522,-79.9353584512,1.8000001));
#2830 = CARTESIAN_POINT('',(52.661159032734,-83.87111143804,12.0000001)
  );
#2831 = CARTESIAN_POINT('',(52.760420183221,-83.82546691852,
    10.446767717684));
#2832 = CARTESIAN_POINT('',(52.389095050858,-84.18770498076,
    8.840705507884));
#2833 = CARTESIAN_POINT('',(52.645108160831,-82.98530529356,
    7.262415588888));
#2834 = CARTESIAN_POINT('',(52.019366641154,-84.63208730859,
    6.075731686694));
#2835 = CARTESIAN_POINT('',(51.897424852322,-82.55603304426,
    3.452533405902));
#2836 = CARTESIAN_POINT('',(50.373183624619,-82.16676741225,
    3.813120876151));
#2837 = CARTESIAN_POINT('',(50.228835211775,-80.96977474796,
    2.090756066052));
#2838 = CARTESIAN_POINT('',(49.074061468141,-79.9353584512,1.8000001));
#2839 = CARTESIAN_POINT('',(50.982439355156,-83.87111143804,12.0000001)
  );
#2840 = CARTESIAN_POINT('',(51.048613455479,-83.82546691852,
    10.446767717684));
#2841 = CARTESIAN_POINT('',(50.801063367243,-84.18770498076,
    8.840705507884));
#2842 = CARTESIAN_POINT('',(50.971738773881,-82.98530529356,
    7.262415588888));
#2843 = CARTESIAN_POINT('',(50.554577760776,-84.63208730859,
    6.075731686694));
#2844 = CARTESIAN_POINT('',(50.473283234877,-82.55603304426,
    3.452533405902));
#2845 = CARTESIAN_POINT('',(49.457122416414,-82.16676741225,
    3.813120876151));
#2846 = CARTESIAN_POINT('',(49.360890141183,-80.96977474796,
    2.090756066052));
#2847 = CARTESIAN_POINT('',(48.591040978761,-79.9353584512,1.8000001));
#2848 = CARTESIAN_POINT('',(49.303719677578,-83.87111143804,12.0000001)
  );
#2849 = CARTESIAN_POINT('',(49.336806727739,-83.82546691852,
    10.446767717684));
#2850 = CARTESIAN_POINT('',(49.213031683623,-84.18770498076,
    8.840705507884));
#2851 = CARTESIAN_POINT('',(49.298369386939,-82.98530529356,
    7.262415588888));
#2852 = CARTESIAN_POINT('',(49.08978888039,-84.63208730859,
    6.075731686694));
#2853 = CARTESIAN_POINT('',(49.049141617437,-82.55603304426,
    3.452533405902));
#2854 = CARTESIAN_POINT('',(48.541061208208,-82.16676741225,
    3.813120876151));
#2855 = CARTESIAN_POINT('',(48.492945070592,-80.96977474796,
    2.090756066052));
#2856 = CARTESIAN_POINT('',(48.10802048938,-79.9353584512,1.8000001));
#2857 = CARTESIAN_POINT('',(47.625,-83.87111143804,12.0000001));
#2858 = CARTESIAN_POINT('',(47.625,-83.82546691852,10.446767717684));
#2859 = CARTESIAN_POINT('',(47.625,-84.18770498076,8.840705507884));
#2860 = CARTESIAN_POINT('',(47.625,-82.98530529356,7.262415588888));
#2861 = CARTESIAN_POINT('',(47.625,-84.63208730859,6.075731686694));
#2862 = CARTESIAN_POINT('',(47.625,-82.55603304426,3.452533405902));
#2863 = CARTESIAN_POINT('',(47.625,-82.16676741225,3.813120876151));
#2864 = CARTESIAN_POINT('',(47.625,-80.96977474796,2.090756066052));
#2865 = CARTESIAN_POINT('',(47.625,-79.9353584512,1.8000001));
#2866 = CARTESIAN_POINT('',(45.946280322422,-83.87111143804,12.0000001)
  );
#2867 = CARTESIAN_POINT('',(45.913193272259,-83.82546691852,
    10.446767717684));
#2868 = CARTESIAN_POINT('',(46.036968316381,-84.18770498076,
    8.840705507884));
#2869 = CARTESIAN_POINT('',(45.951630613055,-82.98530529356,
    7.262415588888));
#2870 = CARTESIAN_POINT('',(46.160211119616,-84.63208730859,
    6.075731686694));
#2871 = CARTESIAN_POINT('',(46.200858382559,-82.55603304426,
    3.452533405902));
#2872 = CARTESIAN_POINT('',(46.708938791794,-82.16676741225,
    3.813120876151));
#2873 = CARTESIAN_POINT('',(46.757054929408,-80.96977474796,
    2.090756066052));
#2874 = CARTESIAN_POINT('',(47.14197951062,-79.9353584512,1.8000001));
#2875 = CARTESIAN_POINT('',(44.267560644844,-83.87111143804,12.0000001)
  );
#2876 = CARTESIAN_POINT('',(44.201386544521,-83.82546691852,
    10.446767717684));
#2877 = CARTESIAN_POINT('',(44.448936632757,-84.18770498076,
    8.840705507884));
#2878 = CARTESIAN_POINT('',(44.27826122612,-82.98530529356,
    7.262415588888));
#2879 = CARTESIAN_POINT('',(44.695422239223,-84.63208730859,
    6.075731686694));
#2880 = CARTESIAN_POINT('',(44.776716765124,-82.55603304426,
    3.452533405902));
#2881 = CARTESIAN_POINT('',(45.792877583585,-82.16676741225,
    3.813120876151));
#2882 = CARTESIAN_POINT('',(45.889109858817,-80.96977474796,
    2.090756066052));
#2883 = CARTESIAN_POINT('',(46.658959021239,-79.9353584512,1.8000001));
#2884 = CARTESIAN_POINT('',(42.588840967266,-83.87111143804,12.0000001)
  );
#2885 = CARTESIAN_POINT('',(42.489579816775,-83.82546691852,
    10.446767717684));
#2886 = CARTESIAN_POINT('',(42.860904949156,-84.18770498076,
    8.840705507884));
#2887 = CARTESIAN_POINT('',(42.604891839148,-82.98530529356,
    7.262415588888));
#2888 = CARTESIAN_POINT('',(43.230633358866,-84.63208730859,
    6.075731686694));
#2889 = CARTESIAN_POINT('',(43.352575147667,-82.55603304426,
    3.452533405902));
#2890 = CARTESIAN_POINT('',(44.876816375385,-82.16676741225,
    3.813120876151));
#2891 = CARTESIAN_POINT('',(45.021164788224,-80.96977474796,
    2.090756066052));
#2892 = CARTESIAN_POINT('',(46.175938531859,-79.9353584512,1.8000001));
#2893 = CARTESIAN_POINT('',(40.910121289687,-83.87111143804,12.0000001)
  );
#2894 = CARTESIAN_POINT('',(40.777773089044,-83.82546691853,
    10.446767717685));
#2895 = CARTESIAN_POINT('',(41.272873265507,-84.18770498074,
    8.840705507884));
#2896 = CARTESIAN_POINT('',(40.93152245225,-82.98530529359,
    7.262415588888));
#2897 = CARTESIAN_POINT('',(41.765844478437,-84.63208730856,
    6.075731686693));
#2898 = CARTESIAN_POINT('',(41.928433530253,-82.55603304428,
    3.452533405902));
#2899 = CARTESIAN_POINT('',(43.960755167169,-82.16676741224,
    3.81312087615));
#2900 = CARTESIAN_POINT('',(44.153219717634,-80.96977474796,
    2.090756066052));
#2901 = CARTESIAN_POINT('',(45.692918042478,-79.9353584512,1.8000001));
#2902 = DEFINITIONAL_REPRESENTATION('',(#2903),#2907);
#2903 = LINE('',#2904,#2905);
#2904 = CARTESIAN_POINT('',(0.,0.));
#2905 = VECTOR('',#2906,1.);
#2906 = DIRECTION('',(1.,0.));
#2907 = ( GEOMETRIC_REPRESENTATION_CONTEXT(2) 
PARAMETRIC_REPRESENTATION_CONTEXT() REPRESENTATION_CONTEXT('2D SPACE',''
  ) );
#2908 = ORIENTED_EDGE('',*,*,#2909,.F.);
#2909 = EDGE_CURVE('',#2910,#2793,#2912,.T.);
#2910 = VERTEX_POINT('',#2911);
#2911 = CARTESIAN_POINT('',(55.296111438047,-82.91487871031,12.0000001)
  );
#2912 = SURFACE_CURVE('',#2913,(#2923,#2936),.PCURVE_S1.);
#2913 = B_SPLINE_CURVE_WITH_KNOTS('',8,(#2914,#2915,#2916,#2917,#2918,
    #2919,#2920,#2921,#2922),.UNSPECIFIED.,.F.,.F.,(9,9),(5.,6.),
  .PIECEWISE_BEZIER_KNOTS.);
#2914 = CARTESIAN_POINT('',(55.296111438047,-82.91487871031,12.0000001)
  );
#2915 = CARTESIAN_POINT('',(55.296111438047,-83.10263456734,12.0000001)
  );
#2916 = CARTESIAN_POINT('',(55.253978232018,-83.29038964587,12.0000001)
  );
#2917 = CARTESIAN_POINT('',(55.169717426984,-83.46711844605,12.0000001)
  );
#2918 = CARTESIAN_POINT('',(55.046778374341,-83.62177837434,12.0000001)
  );
#2919 = CARTESIAN_POINT('',(54.89211844605,-83.74471742698,12.0000001));
#2920 = CARTESIAN_POINT('',(54.71538964587,-83.82897823201,12.0000001));
#2921 = CARTESIAN_POINT('',(54.527634567348,-83.87111143804,12.0000001)
  );
#2922 = CARTESIAN_POINT('',(54.339878710313,-83.87111143804,12.0000001)
  );
#2923 = PCURVE('',#1619,#2924);
#2924 = DEFINITIONAL_REPRESENTATION('',(#2925),#2935);
#2925 = B_SPLINE_CURVE_WITH_KNOTS('',8,(#2926,#2927,#2928,#2929,#2930,
    #2931,#2932,#2933,#2934),.UNSPECIFIED.,.F.,.F.,(9,9),(5.,6.),
  .PIECEWISE_BEZIER_KNOTS.);
#2926 = CARTESIAN_POINT('',(12.936589172867,10.54573174663));
#2927 = CARTESIAN_POINT('',(12.808247140089,10.682774019209));
#2928 = CARTESIAN_POINT('',(12.649152775638,10.791015230219));
#2929 = CARTESIAN_POINT('',(12.466846741531,10.86241174278));
#2930 = CARTESIAN_POINT('',(12.271394960007,10.891261442659));
#2931 = CARTESIAN_POINT('',(12.074473295044,10.875275137515));
#2932 = CARTESIAN_POINT('',(11.887882474596,10.81597237365));
#2933 = CARTESIAN_POINT('',(11.722040276915,10.718383736864));
#2934 = CARTESIAN_POINT('',(11.584998004336,10.590041704087));
#2935 = ( GEOMETRIC_REPRESENTATION_CONTEXT(2) 
PARAMETRIC_REPRESENTATION_CONTEXT() REPRESENTATION_CONTEXT('2D SPACE',''
  ) );
#2936 = PCURVE('',#2937,#3019);
#2937 = ( BOUNDED_SURFACE() B_SPLINE_SURFACE(8,8,(
    (#2938,#2939,#2940,#2941,#2942,#2943,#2944,#2945,#2946)
    ,(#2947,#2948,#2949,#2950,#2951,#2952,#2953,#2954,#2955)
    ,(#2956,#2957,#2958,#2959,#2960,#2961,#2962,#2963,#2964)
    ,(#2965,#2966,#2967,#2968,#2969,#2970,#2971,#2972,#2973)
    ,(#2974,#2975,#2976,#2977,#2978,#2979,#2980,#2981,#2982)
    ,(#2983,#2984,#2985,#2986,#2987,#2988,#2989,#2990,#2991)
    ,(#2992,#2993,#2994,#2995,#2996,#2997,#2998,#2999,#3000)
    ,(#3001,#3002,#3003,#3004,#3005,#3006,#3007,#3008,#3009)
    ,(#3010,#3011,#3012,#3013,#3014,#3015,#3016,#3017,#3018
)),.UNSPECIFIED.,.F.,.F.,.F.) B_SPLINE_SURFACE_WITH_KNOTS((9,9),(9,9),(
    5.,6.),(0.,1.),.PIECEWISE_BEZIER_KNOTS.) 
GEOMETRIC_REPRESENTATION_ITEM() RATIONAL_B_SPLINE_SURFACE((
    (1.,0.999999999999,1.000000000004,0.999999999994,1.000000000006
      ,0.999999999996,1.000000000001,1.,1.)
    ,(1.,0.999999999999,1.000000000004,0.999999999994,1.000000000006
      ,0.999999999996,1.000000000001,1.,1.)
    ,(1.,0.999999999999,1.000000000004,0.999999999994,1.000000000006
      ,0.999999999996,1.000000000001,1.,1.)
    ,(1.,0.999999999999,1.000000000004,0.999999999994,1.000000000006
      ,0.999999999996,1.000000000001,1.,1.)
    ,(1.,0.999999999999,1.000000000004,0.999999999994,1.000000000006
      ,0.999999999996,1.000000000001,1.,1.)
    ,(1.,0.999999999999,1.000000000004,0.999999999994,1.000000000006
      ,0.999999999996,1.000000000001,1.,1.)
    ,(1.,0.999999999999,1.000000000004,0.999999999994,1.000000000006
      ,0.999999999996,1.000000000001,1.,1.)
    ,(1.,0.999999999999,1.000000000004,0.999999999994,1.000000000006
      ,0.999999999996,1.000000000001,1.,1.)
    ,(1.,0.999999999999,1.000000000004,0.999999999994,1.000000000006
,0.999999999996,1.000000000001,1.,1.
  ))) REPRESENTATION_ITEM('') SURFACE() );
#2938 = CARTESIAN_POINT('',(55.296111438047,-82.91487871031,12.0000001)
  );
#2939 = CARTESIAN_POINT('',(55.250466918528,-83.04722691096,
    10.446767717685));
#2940 = CARTESIAN_POINT('',(55.612704980757,-82.55212673447,
    8.840705507884));
#2941 = CARTESIAN_POINT('',(54.410305293572,-82.89347754777,
    7.262415588888));
#2942 = CARTESIAN_POINT('',(56.057087308592,-82.05915552154,
    6.075731686693));
#2943 = CARTESIAN_POINT('',(53.981033044266,-81.89656646975,
    3.452533405902));
#2944 = CARTESIAN_POINT('',(53.59176741225,-79.86424483282,3.81312087615
    ));
#2945 = CARTESIAN_POINT('',(52.394774747967,-79.67178028236,
    2.090756066052));
#2946 = CARTESIAN_POINT('',(51.360358451209,-78.13208195752,1.8000001));
#2947 = CARTESIAN_POINT('',(55.296111438047,-83.10263456734,12.0000001)
  );
#2948 = CARTESIAN_POINT('',(55.250466918528,-83.20003397912,
    10.446767717696));
#2949 = CARTESIAN_POINT('',(55.612704980759,-82.87327177213,
    8.840705507851));
#2950 = CARTESIAN_POINT('',(54.41030529357,-82.91150788354,7.26241558894
    ));
#2951 = CARTESIAN_POINT('',(56.057087308593,-82.56434949652,
    6.075731686642));
#2952 = CARTESIAN_POINT('',(53.981033044265,-82.02605242889,
    3.452533405934));
#2953 = CARTESIAN_POINT('',(53.59176741225,-80.31634408408,
    3.813120876139));
#2954 = CARTESIAN_POINT('',(52.394774747967,-79.92664089971,
    2.090756066054));
#2955 = CARTESIAN_POINT('',(51.360358451209,-78.48615446908,1.8000001));
#2956 = CARTESIAN_POINT('',(55.253978232018,-83.29038964587,12.0000001)
  );
#2957 = CARTESIAN_POINT('',(55.216172193258,-83.35283623883,
    10.446767717676));
#2958 = CARTESIAN_POINT('',(55.540647834642,-83.19442463275,
    8.840705507909));
#2959 = CARTESIAN_POINT('',(54.406252359008,-82.92953129325,
    7.262415588848));
#2960 = CARTESIAN_POINT('',(55.943726103496,-83.06954783,6.075731686734)
  );
#2961 = CARTESIAN_POINT('',(53.951974700285,-82.15553670231,
    3.452533405875));
#2962 = CARTESIAN_POINT('',(53.490316895597,-80.76844392246,
    3.813120876162));
#2963 = CARTESIAN_POINT('',(52.337584031585,-80.18150154112,
    2.090756066049));
#2964 = CARTESIAN_POINT('',(51.280904666182,-78.84022709209,1.8000001));
#2965 = CARTESIAN_POINT('',(55.169717426984,-83.46711844605,12.0000001)
  );
#2966 = CARTESIAN_POINT('',(55.147613190037,-83.49668635574,
    10.446767717679));
#2967 = CARTESIAN_POINT('',(55.39648637487,-83.49667010761,
    8.840705507901));
#2968 = CARTESIAN_POINT('',(54.398189505821,-82.94653146754,
    7.26241558886));
#2969 = CARTESIAN_POINT('',(55.71697877051,-83.54504424151,6.07573168672
    ));
#2970 = CARTESIAN_POINT('',(53.893869001518,-82.2774226687,
    3.452533405888));
#2971 = CARTESIAN_POINT('',(53.287414100962,-81.19398067143,
    3.813120876154));
#2972 = CARTESIAN_POINT('',(52.223203508732,-80.42138944406,
    2.090756066051));
#2973 = CARTESIAN_POINT('',(51.121997876505,-79.17349799779,1.8000001));
#2974 = CARTESIAN_POINT('',(55.046778374341,-83.62177837434,12.0000001)
  );
#2975 = CARTESIAN_POINT('',(55.047525893371,-83.62252589337,
    10.446767717698));
#2976 = CARTESIAN_POINT('',(55.18627686759,-83.76127686757,
    8.840705507843));
#2977 = CARTESIAN_POINT('',(54.386330959126,-82.96133095914,
    7.262415588951));
#2978 = CARTESIAN_POINT('',(55.386236686409,-83.96123668638,
    6.075731686636));
#2979 = CARTESIAN_POINT('',(53.809075174754,-82.38407517476,
    3.452533405933));
#2980 = CARTESIAN_POINT('',(52.991406802745,-81.56640680274,
    3.813120876142));
#2981 = CARTESIAN_POINT('',(52.056333804415,-80.63133380441,
    2.090756066053));
#2982 = CARTESIAN_POINT('',(50.890169894572,-79.46516989457,1.8000001));
#2983 = CARTESIAN_POINT('',(54.89211844605,-83.74471742698,12.0000001));
#2984 = CARTESIAN_POINT('',(54.921686355749,-83.72261319004,
    10.44676771769));
#2985 = CARTESIAN_POINT('',(54.921670107609,-83.97148637486,
    8.840705507869));
#2986 = CARTESIAN_POINT('',(54.371531467565,-82.97318950583,
    7.262415588911));
#2987 = CARTESIAN_POINT('',(54.970044241496,-84.2919787705,
    6.075731686669));
#2988 = CARTESIAN_POINT('',(53.702422668716,-82.46886900152,
    3.45253340592));
#2989 = CARTESIAN_POINT('',(52.618980671428,-81.86241410095,
    3.813120876142));
#2990 = CARTESIAN_POINT('',(51.846389444062,-80.79820350873,
    2.090756066053));
#2991 = CARTESIAN_POINT('',(50.598497997791,-79.6969978765,1.8000001));
#2992 = CARTESIAN_POINT('',(54.71538964587,-83.82897823201,12.0000001));
#2993 = CARTESIAN_POINT('',(54.777836238841,-83.79117219326,
    10.446767717684));
#2994 = CARTESIAN_POINT('',(54.619424632743,-84.11564783462,
    8.840705507885));
#2995 = CARTESIAN_POINT('',(54.354531293274,-82.98125235903,
    7.262415588885));
#2996 = CARTESIAN_POINT('',(54.494547829983,-84.51872610346,
    6.075731686699));
#2997 = CARTESIAN_POINT('',(53.580536702332,-82.5269747003,
    3.452533405895));
#2998 = CARTESIAN_POINT('',(52.193443922459,-82.06531689559,
    3.813120876154));
#2999 = CARTESIAN_POINT('',(51.606501541121,-80.91258403158,
    2.090756066051));
#3000 = CARTESIAN_POINT('',(50.265227092094,-79.85590466618,1.8000001));
#3001 = CARTESIAN_POINT('',(54.527634567348,-83.87111143804,12.0000001)
  );
#3002 = CARTESIAN_POINT('',(54.625033979119,-83.82546691853,
    10.446767717687));
#3003 = CARTESIAN_POINT('',(54.298271772151,-84.18770498073,
    8.840705507876));
#3004 = CARTESIAN_POINT('',(54.336507883509,-82.9853052936,
    7.262415588901));
#3005 = CARTESIAN_POINT('',(53.989349496555,-84.63208730855,
    6.07573168668));
#3006 = CARTESIAN_POINT('',(53.451052428876,-82.55603304428,
    3.452533405911));
#3007 = CARTESIAN_POINT('',(51.741344084089,-82.16676741224,
    3.813120876147));
#3008 = CARTESIAN_POINT('',(51.351640899713,-80.96977474796,
    2.090756066052));
#3009 = CARTESIAN_POINT('',(49.911154469082,-79.9353584512,1.8000001));
#3010 = CARTESIAN_POINT('',(54.339878710313,-83.87111143804,12.0000001)
  );
#3011 = CARTESIAN_POINT('',(54.472226910965,-83.82546691852,
    10.446767717684));
#3012 = CARTESIAN_POINT('',(53.977126734464,-84.18770498076,
    8.840705507884));
#3013 = CARTESIAN_POINT('',(54.318477547796,-82.98530529356,
    7.262415588888));
#3014 = CARTESIAN_POINT('',(53.484155521519,-84.63208730859,
    6.075731686694));
#3015 = CARTESIAN_POINT('',(53.321566469774,-82.55603304426,
    3.452533405902));
#3016 = CARTESIAN_POINT('',(51.289244832821,-82.16676741225,
    3.813120876151));
#3017 = CARTESIAN_POINT('',(51.096780282368,-80.96977474796,
    2.090756066052));
#3018 = CARTESIAN_POINT('',(49.557081957522,-79.9353584512,1.8000001));
#3019 = DEFINITIONAL_REPRESENTATION('',(#3020),#3024);
#3020 = LINE('',#3021,#3022);
#3021 = CARTESIAN_POINT('',(0.,0.));
#3022 = VECTOR('',#3023,1.);
#3023 = DIRECTION('',(1.,0.));
#3024 = ( GEOMETRIC_REPRESENTATION_CONTEXT(2) 
PARAMETRIC_REPRESENTATION_CONTEXT() REPRESENTATION_CONTEXT('2D SPACE',''
  ) );
#3025 = ORIENTED_EDGE('',*,*,#3026,.F.);
#3026 = EDGE_CURVE('',#3027,#2910,#3029,.T.);
#3027 = VERTEX_POINT('',#3028);
#3028 = CARTESIAN_POINT('',(55.296111438047,-69.48512128968,12.0000001)
  );
#3029 = SURFACE_CURVE('',#3030,(#3040,#3053),.PCURVE_S1.);
#3030 = B_SPLINE_CURVE_WITH_KNOTS('',8,(#3031,#3032,#3033,#3034,#3035,
    #3036,#3037,#3038,#3039),.UNSPECIFIED.,.F.,.F.,(9,9),(4.,5.),
  .PIECEWISE_BEZIER_KNOTS.);
#3031 = CARTESIAN_POINT('',(55.296111438047,-69.48512128968,12.0000001)
  );
#3032 = CARTESIAN_POINT('',(55.296111438047,-71.16384096726,12.0000001)
  );
#3033 = CARTESIAN_POINT('',(55.296111438047,-72.84256064484,12.0000001)
  );
#3034 = CARTESIAN_POINT('',(55.296111438047,-74.52128032242,12.0000001)
  );
#3035 = CARTESIAN_POINT('',(55.296111438047,-76.2,12.0000001));
#3036 = CARTESIAN_POINT('',(55.296111438047,-77.87871967757,12.0000001)
  );
#3037 = CARTESIAN_POINT('',(55.296111438047,-79.55743935515,12.0000001)
  );
#3038 = CARTESIAN_POINT('',(55.296111438047,-81.23615903273,12.0000001)
  );
#3039 = CARTESIAN_POINT('',(55.296111438047,-82.91487871031,12.0000001)
  );
#3040 = PCURVE('',#1619,#3041);
#3041 = DEFINITIONAL_REPRESENTATION('',(#3042),#3052);
#3042 = B_SPLINE_CURVE_WITH_KNOTS('',8,(#3043,#3044,#3045,#3046,#3047,
    #3048,#3049,#3050,#3051),.UNSPECIFIED.,.F.,.F.,(9,9),(4.,5.),
  .PIECEWISE_BEZIER_KNOTS.);
#3043 = CARTESIAN_POINT('',(22.116608343961,0.74340383969));
#3044 = CARTESIAN_POINT('',(20.969105947575,1.968694828057));
#3045 = CARTESIAN_POINT('',(19.821603551188,3.193985816425));
#3046 = CARTESIAN_POINT('',(18.674101154801,4.419276804792));
#3047 = CARTESIAN_POINT('',(17.526598758414,5.64456779316));
#3048 = CARTESIAN_POINT('',(16.379096362027,6.869858781527));
#3049 = CARTESIAN_POINT('',(15.231593965641,8.095149769895));
#3050 = CARTESIAN_POINT('',(14.084091569254,9.320440758262));
#3051 = CARTESIAN_POINT('',(12.936589172867,10.54573174663));
#3052 = ( GEOMETRIC_REPRESENTATION_CONTEXT(2) 
PARAMETRIC_REPRESENTATION_CONTEXT() REPRESENTATION_CONTEXT('2D SPACE',''
  ) );
#3053 = PCURVE('',#3054,#3136);
#3054 = ( BOUNDED_SURFACE() B_SPLINE_SURFACE(8,8,(
    (#3055,#3056,#3057,#3058,#3059,#3060,#3061,#3062,#3063)
    ,(#3064,#3065,#3066,#3067,#3068,#3069,#3070,#3071,#3072)
    ,(#3073,#3074,#3075,#3076,#3077,#3078,#3079,#3080,#3081)
    ,(#3082,#3083,#3084,#3085,#3086,#3087,#3088,#3089,#3090)
    ,(#3091,#3092,#3093,#3094,#3095,#3096,#3097,#3098,#3099)
    ,(#3100,#3101,#3102,#3103,#3104,#3105,#3106,#3107,#3108)
    ,(#3109,#3110,#3111,#3112,#3113,#3114,#3115,#3116,#3117)
    ,(#3118,#3119,#3120,#3121,#3122,#3123,#3124,#3125,#3126)
    ,(#3127,#3128,#3129,#3130,#3131,#3132,#3133,#3134,#3135
)),.UNSPECIFIED.,.F.,.F.,.F.) B_SPLINE_SURFACE_WITH_KNOTS((9,9),(9,9),(
    4.,5.),(0.,1.),.PIECEWISE_BEZIER_KNOTS.) 
GEOMETRIC_REPRESENTATION_ITEM() RATIONAL_B_SPLINE_SURFACE((
    (1.,0.999999999999,1.000000000004,0.999999999994,1.000000000006
      ,0.999999999996,1.000000000001,1.,1.)
    ,(1.,0.999999999999,1.000000000004,0.999999999994,1.000000000006
      ,0.999999999996,1.000000000001,1.,1.)
    ,(1.,0.999999999999,1.000000000004,0.999999999994,1.000000000006
      ,0.999999999996,1.000000000001,1.,1.)
    ,(1.,0.999999999999,1.000000000004,0.999999999994,1.000000000006
      ,0.999999999996,1.000000000001,1.,1.)
    ,(1.,0.999999999999,1.000000000004,0.999999999994,1.000000000006
      ,0.999999999996,1.000000000001,1.,1.)
    ,(1.,0.999999999999,1.000000000004,0.999999999994,1.000000000006
      ,0.999999999996,1.000000000001,1.,1.)
    ,(1.,0.999999999999,1.000000000004,0.999999999994,1.000000000006
      ,0.999999999996,1.000000000001,1.,1.)
    ,(1.,0.999999999999,1.000000000004,0.999999999994,1.000000000006
      ,0.999999999996,1.000000000001,1.,1.)
    ,(1.,0.999999999999,1.000000000004,0.999999999994,1.000000000006
,0.999999999996,1.000000000001,1.,1.
  ))) REPRESENTATION_ITEM('') SURFACE() );
#3055 = CARTESIAN_POINT('',(55.296111438047,-69.48512128968,12.0000001)
  );
#3056 = CARTESIAN_POINT('',(55.250466918527,-69.35277308903,
    10.446767717684));
#3057 = CARTESIAN_POINT('',(55.61270498076,-69.84787326553,
    8.840705507884));
#3058 = CARTESIAN_POINT('',(54.410305293568,-69.5065224522,
    7.262415588888));
#3059 = CARTESIAN_POINT('',(56.057087308596,-70.34084447848,
    6.075731686694));
#3060 = CARTESIAN_POINT('',(53.981033044263,-70.50343353022,
    3.452533405902));
#3061 = CARTESIAN_POINT('',(53.591767412251,-72.53575516717,
    3.813120876151));
#3062 = CARTESIAN_POINT('',(52.394774747967,-72.72821971763,
    2.090756066052));
#3063 = CARTESIAN_POINT('',(51.360358451209,-74.26791804247,1.8000001));
#3064 = CARTESIAN_POINT('',(55.296111438047,-71.16384096726,12.0000001)
  );
#3065 = CARTESIAN_POINT('',(55.250466918527,-71.06457981677,
    10.446767717684));
#3066 = CARTESIAN_POINT('',(55.61270498076,-71.43590494914,
    8.840705507884));
#3067 = CARTESIAN_POINT('',(54.410305293568,-71.17989183916,
    7.262415588888));
#3068 = CARTESIAN_POINT('',(56.057087308596,-71.80563335884,
    6.075731686694));
#3069 = CARTESIAN_POINT('',(53.981033044263,-71.92757514767,
    3.452533405902));
#3070 = CARTESIAN_POINT('',(53.591767412251,-73.45181637538,
    3.813120876151));
#3071 = CARTESIAN_POINT('',(52.394774747967,-73.59616478822,
    2.090756066052));
#3072 = CARTESIAN_POINT('',(51.360358451209,-74.75093853185,1.8000001));
#3073 = CARTESIAN_POINT('',(55.296111438047,-72.84256064484,12.0000001)
  );
#3074 = CARTESIAN_POINT('',(55.250466918527,-72.77638654451,
    10.446767717684));
#3075 = CARTESIAN_POINT('',(55.61270498076,-73.02393663276,
    8.840705507884));
#3076 = CARTESIAN_POINT('',(54.410305293568,-72.85326122611,
    7.262415588888));
#3077 = CARTESIAN_POINT('',(56.057087308596,-73.27042223923,
    6.075731686694));
#3078 = CARTESIAN_POINT('',(53.981033044263,-73.35171676511,
    3.452533405902));
#3079 = CARTESIAN_POINT('',(53.591767412251,-74.36787758358,
    3.813120876151));
#3080 = CARTESIAN_POINT('',(52.394774747967,-74.46410985881,
    2.090756066052));
#3081 = CARTESIAN_POINT('',(51.360358451209,-75.23395902123,1.8000001));
#3082 = CARTESIAN_POINT('',(55.296111438047,-74.52128032242,12.0000001)
  );
#3083 = CARTESIAN_POINT('',(55.250466918527,-74.48819327226,
    10.446767717684));
#3084 = CARTESIAN_POINT('',(55.61270498076,-74.61196831637,
    8.840705507884));
#3085 = CARTESIAN_POINT('',(54.410305293568,-74.52663061306,
    7.262415588888));
#3086 = CARTESIAN_POINT('',(56.057087308596,-74.73521111961,
    6.075731686694));
#3087 = CARTESIAN_POINT('',(53.981033044263,-74.77585838256,
    3.452533405902));
#3088 = CARTESIAN_POINT('',(53.591767412251,-75.28393879179,
    3.813120876151));
#3089 = CARTESIAN_POINT('',(52.394774747967,-75.3320549294,
    2.090756066052));
#3090 = CARTESIAN_POINT('',(51.360358451209,-75.71697951062,1.8000001));
#3091 = CARTESIAN_POINT('',(55.296111438047,-76.2,12.0000001));
#3092 = CARTESIAN_POINT('',(55.250466918527,-76.2,10.446767717684));
#3093 = CARTESIAN_POINT('',(55.61270498076,-76.2,8.840705507884));
#3094 = CARTESIAN_POINT('',(54.410305293568,-76.2,7.262415588888));
#3095 = CARTESIAN_POINT('',(56.057087308596,-76.2,6.075731686694));
#3096 = CARTESIAN_POINT('',(53.981033044263,-76.2,3.452533405902));
#3097 = CARTESIAN_POINT('',(53.591767412251,-76.2,3.813120876151));
#3098 = CARTESIAN_POINT('',(52.394774747967,-76.2,2.090756066052));
#3099 = CARTESIAN_POINT('',(51.360358451209,-76.2,1.8000001));
#3100 = CARTESIAN_POINT('',(55.296111438047,-77.87871967757,12.0000001)
  );
#3101 = CARTESIAN_POINT('',(55.250466918527,-77.91180672774,
    10.446767717684));
#3102 = CARTESIAN_POINT('',(55.61270498076,-77.78803168361,
    8.840705507884));
#3103 = CARTESIAN_POINT('',(54.410305293568,-77.87336938694,
    7.262415588888));
#3104 = CARTESIAN_POINT('',(56.057087308596,-77.66478888038,
    6.075731686694));
#3105 = CARTESIAN_POINT('',(53.981033044263,-77.62414161744,
    3.452533405902));
#3106 = CARTESIAN_POINT('',(53.591767412251,-77.1160612082,
    3.813120876151));
#3107 = CARTESIAN_POINT('',(52.394774747967,-77.06794507059,
    2.090756066052));
#3108 = CARTESIAN_POINT('',(51.360358451209,-76.68302048938,1.8000001));
#3109 = CARTESIAN_POINT('',(55.296111438047,-79.55743935515,12.0000001)
  );
#3110 = CARTESIAN_POINT('',(55.250466918527,-79.62361345547,
    10.446767717684));
#3111 = CARTESIAN_POINT('',(55.61270498076,-79.37606336724,
    8.840705507884));
#3112 = CARTESIAN_POINT('',(54.410305293568,-79.54673877388,
    7.262415588888));
#3113 = CARTESIAN_POINT('',(56.057087308596,-79.12957776077,
    6.075731686694));
#3114 = CARTESIAN_POINT('',(53.981033044263,-79.04828323487,
    3.452533405902));
#3115 = CARTESIAN_POINT('',(53.591767412251,-78.03212241641,
    3.813120876151));
#3116 = CARTESIAN_POINT('',(52.394774747967,-77.93589014118,
    2.090756066052));
#3117 = CARTESIAN_POINT('',(51.360358451209,-77.16604097876,1.8000001));
#3118 = CARTESIAN_POINT('',(55.296111438047,-81.23615903273,12.0000001)
  );
#3119 = CARTESIAN_POINT('',(55.250466918527,-81.33542018322,
    10.446767717684));
#3120 = CARTESIAN_POINT('',(55.61270498076,-80.96409505084,
    8.840705507884));
#3121 = CARTESIAN_POINT('',(54.410305293568,-81.22010816085,
    7.262415588888));
#3122 = CARTESIAN_POINT('',(56.057087308596,-80.59436664113,
    6.075731686694));
#3123 = CARTESIAN_POINT('',(53.981033044263,-80.47242485233,
    3.452533405902));
#3124 = CARTESIAN_POINT('',(53.591767412251,-78.94818362461,
    3.813120876151));
#3125 = CARTESIAN_POINT('',(52.394774747967,-78.80383521177,
    2.090756066052));
#3126 = CARTESIAN_POINT('',(51.360358451209,-77.64906146814,1.8000001));
#3127 = CARTESIAN_POINT('',(55.296111438047,-82.91487871031,12.0000001)
  );
#3128 = CARTESIAN_POINT('',(55.250466918528,-83.04722691096,
    10.446767717685));
#3129 = CARTESIAN_POINT('',(55.612704980757,-82.55212673447,
    8.840705507884));
#3130 = CARTESIAN_POINT('',(54.410305293572,-82.89347754777,
    7.262415588888));
#3131 = CARTESIAN_POINT('',(56.057087308592,-82.05915552154,
    6.075731686693));
#3132 = CARTESIAN_POINT('',(53.981033044266,-81.89656646975,
    3.452533405902));
#3133 = CARTESIAN_POINT('',(53.59176741225,-79.86424483282,3.81312087615
    ));
#3134 = CARTESIAN_POINT('',(52.394774747967,-79.67178028236,
    2.090756066052));
#3135 = CARTESIAN_POINT('',(51.360358451209,-78.13208195752,1.8000001));
#3136 = DEFINITIONAL_REPRESENTATION('',(#3137),#3141);
#3137 = LINE('',#3138,#3139);
#3138 = CARTESIAN_POINT('',(0.,0.));
#3139 = VECTOR('',#3140,1.);
#3140 = DIRECTION('',(1.,0.));
#3141 = ( GEOMETRIC_REPRESENTATION_CONTEXT(2) 
PARAMETRIC_REPRESENTATION_CONTEXT() REPRESENTATION_CONTEXT('2D SPACE',''
  ) );
#3142 = ORIENTED_EDGE('',*,*,#3143,.F.);
#3143 = EDGE_CURVE('',#3144,#3027,#3146,.T.);
#3144 = VERTEX_POINT('',#3145);
#3145 = CARTESIAN_POINT('',(54.339878710313,-68.52888856195,12.0000001)
  );
#3146 = SURFACE_CURVE('',#3147,(#3157,#3170),.PCURVE_S1.);
#3147 = B_SPLINE_CURVE_WITH_KNOTS('',8,(#3148,#3149,#3150,#3151,#3152,
    #3153,#3154,#3155,#3156),.UNSPECIFIED.,.F.,.F.,(9,9),(3.,4.),
  .PIECEWISE_BEZIER_KNOTS.);
#3148 = CARTESIAN_POINT('',(54.339878710312,-68.52888856195,12.0000001)
  );
#3149 = CARTESIAN_POINT('',(54.527634567348,-68.52888856195,12.0000001)
  );
#3150 = CARTESIAN_POINT('',(54.71538964587,-68.57102176798,12.0000001));
#3151 = CARTESIAN_POINT('',(54.89211844605,-68.65528257301,12.0000001));
#3152 = CARTESIAN_POINT('',(55.046778374341,-68.77822162565,12.0000001)
  );
#3153 = CARTESIAN_POINT('',(55.169717426984,-68.93288155395,12.0000001)
  );
#3154 = CARTESIAN_POINT('',(55.253978232018,-69.10961035413,12.0000001)
  );
#3155 = CARTESIAN_POINT('',(55.296111438047,-69.29736543265,12.0000001)
  );
#3156 = CARTESIAN_POINT('',(55.296111438047,-69.48512128968,12.0000001)
  );
#3157 = PCURVE('',#1619,#3158);
#3158 = DEFINITIONAL_REPRESENTATION('',(#3159),#3169);
#3159 = B_SPLINE_CURVE_WITH_KNOTS('',8,(#3160,#3161,#3162,#3163,#3164,
    #3165,#3166,#3167,#3168),.UNSPECIFIED.,.F.,.F.,(9,9),(3.,4.),
  .PIECEWISE_BEZIER_KNOTS.);
#3160 = CARTESIAN_POINT('',(22.072298386504,-0.608187328841));
#3161 = CARTESIAN_POINT('',(22.209340659084,-0.479845296063));
#3162 = CARTESIAN_POINT('',(22.317581870093,-0.320750931612));
#3163 = CARTESIAN_POINT('',(22.388978382655,-0.138444897505));
#3164 = CARTESIAN_POINT('',(22.417828082534,5.700688401859E-02));
#3165 = CARTESIAN_POINT('',(22.40184177739,0.253928548981));
#3166 = CARTESIAN_POINT('',(22.342539013524,0.44051936943));
#3167 = CARTESIAN_POINT('',(22.244950376739,0.60636156711));
#3168 = CARTESIAN_POINT('',(22.116608343961,0.74340383969));
#3169 = ( GEOMETRIC_REPRESENTATION_CONTEXT(2) 
PARAMETRIC_REPRESENTATION_CONTEXT() REPRESENTATION_CONTEXT('2D SPACE',''
  ) );
#3170 = PCURVE('',#3171,#3253);
#3171 = ( BOUNDED_SURFACE() B_SPLINE_SURFACE(8,8,(
    (#3172,#3173,#3174,#3175,#3176,#3177,#3178,#3179,#3180)
    ,(#3181,#3182,#3183,#3184,#3185,#3186,#3187,#3188,#3189)
    ,(#3190,#3191,#3192,#3193,#3194,#3195,#3196,#3197,#3198)
    ,(#3199,#3200,#3201,#3202,#3203,#3204,#3205,#3206,#3207)
    ,(#3208,#3209,#3210,#3211,#3212,#3213,#3214,#3215,#3216)
    ,(#3217,#3218,#3219,#3220,#3221,#3222,#3223,#3224,#3225)
    ,(#3226,#3227,#3228,#3229,#3230,#3231,#3232,#3233,#3234)
    ,(#3235,#3236,#3237,#3238,#3239,#3240,#3241,#3242,#3243)
    ,(#3244,#3245,#3246,#3247,#3248,#3249,#3250,#3251,#3252
)),.UNSPECIFIED.,.F.,.F.,.F.) B_SPLINE_SURFACE_WITH_KNOTS((9,9),(9,9),(
    3.,4.),(0.,1.),.PIECEWISE_BEZIER_KNOTS.) 
GEOMETRIC_REPRESENTATION_ITEM() RATIONAL_B_SPLINE_SURFACE((
    (1.,0.999999999999,1.000000000004,0.999999999994,1.000000000006
      ,0.999999999996,1.000000000001,1.,1.)
    ,(1.,0.999999999999,1.000000000004,0.999999999994,1.000000000006
      ,0.999999999996,1.000000000001,1.,1.)
    ,(1.,0.999999999999,1.000000000004,0.999999999994,1.000000000006
      ,0.999999999996,1.000000000001,1.,1.)
    ,(1.,0.999999999999,1.000000000004,0.999999999994,1.000000000006
      ,0.999999999996,1.000000000001,1.,1.)
    ,(1.,0.999999999999,1.000000000004,0.999999999994,1.000000000006
      ,0.999999999996,1.000000000001,1.,1.)
    ,(1.,0.999999999999,1.000000000004,0.999999999994,1.000000000006
      ,0.999999999996,1.000000000001,1.,1.)
    ,(1.,0.999999999999,1.000000000004,0.999999999994,1.000000000006
      ,0.999999999996,1.000000000001,1.,1.)
    ,(1.,0.999999999999,1.000000000004,0.999999999994,1.000000000006
      ,0.999999999996,1.000000000001,1.,1.)
    ,(1.,0.999999999999,1.000000000004,0.999999999994,1.000000000006
,0.999999999996,1.000000000001,1.,1.
  ))) REPRESENTATION_ITEM('') SURFACE() );
#3172 = CARTESIAN_POINT('',(54.339878710312,-68.52888856195,12.0000001)
  );
#3173 = CARTESIAN_POINT('',(54.472226910962,-68.57453308147,
    10.446767717693));
#3174 = CARTESIAN_POINT('',(53.977126734474,-68.21229501923,
    8.84070550786));
#3175 = CARTESIAN_POINT('',(54.31847754778,-69.41469470644,
    7.262415588926));
#3176 = CARTESIAN_POINT('',(53.484155521535,-67.76791269139,
    6.075731686657));
#3177 = CARTESIAN_POINT('',(53.321566469764,-69.84396695574,
    3.452533405924));
#3178 = CARTESIAN_POINT('',(51.289244832825,-70.23323258774,
    3.813120876143));
#3179 = CARTESIAN_POINT('',(51.096780282367,-71.43022525203,
    2.090756066053));
#3180 = CARTESIAN_POINT('',(49.557081957522,-72.46464154879,1.8000001));
#3181 = CARTESIAN_POINT('',(54.527634567348,-68.52888856195,12.0000001)
  );
#3182 = CARTESIAN_POINT('',(54.625033979121,-68.57453308146,
    10.446767717694));
#3183 = CARTESIAN_POINT('',(54.298271772146,-68.21229501925,
    8.840705507856));
#3184 = CARTESIAN_POINT('',(54.336507883516,-69.41469470641,
    7.262415588931));
#3185 = CARTESIAN_POINT('',(53.989349496548,-67.76791269141,
    6.075731686652));
#3186 = CARTESIAN_POINT('',(53.451052428881,-69.84396695572,
    3.452533405927));
#3187 = CARTESIAN_POINT('',(51.741344084087,-70.23323258775,
    3.813120876142));
#3188 = CARTESIAN_POINT('',(51.351640899713,-71.43022525203,
    2.090756066053));
#3189 = CARTESIAN_POINT('',(49.911154469082,-72.46464154879,1.8000001));
#3190 = CARTESIAN_POINT('',(54.71538964587,-68.57102176798,12.0000001));
#3191 = CARTESIAN_POINT('',(54.777836238829,-68.60882780673,
    10.446767717684));
#3192 = CARTESIAN_POINT('',(54.619424632775,-68.28435216537,
    8.840705507887));
#3193 = CARTESIAN_POINT('',(54.354531293225,-69.41874764096,
    7.262415588882));
#3194 = CARTESIAN_POINT('',(54.494547830033,-67.88127389653,
    6.075731686701));
#3195 = CARTESIAN_POINT('',(53.5805367023,-69.87302529969,3.452533405895
    ));
#3196 = CARTESIAN_POINT('',(52.193443922472,-70.3346831044,
    3.813120876153));
#3197 = CARTESIAN_POINT('',(51.60650154112,-71.48741596841,
    2.090756066051));
#3198 = CARTESIAN_POINT('',(50.265227092094,-72.54409533381,1.8000001));
#3199 = CARTESIAN_POINT('',(54.89211844605,-68.65528257301,12.0000001));
#3200 = CARTESIAN_POINT('',(54.921686355747,-68.67738680995,
    10.446767717678));
#3201 = CARTESIAN_POINT('',(54.921670107617,-68.42851362514,
    8.840705507903));
#3202 = CARTESIAN_POINT('',(54.371531467549,-69.42681049416,
    7.262415588861));
#3203 = CARTESIAN_POINT('',(54.970044241509,-68.10802122951,
    6.075731686717));
#3204 = CARTESIAN_POINT('',(53.70242266871,-69.93113099846,
    3.452533405891));
#3205 = CARTESIAN_POINT('',(52.618980671429,-70.53758589904,
    3.813120876155));
#3206 = CARTESIAN_POINT('',(51.846389444061,-71.60179649126,
    2.090756066052));
#3207 = CARTESIAN_POINT('',(50.598497997791,-72.70300212349,
    1.800000100001));
#3208 = CARTESIAN_POINT('',(55.046778374341,-68.77822162565,12.0000001)
  );
#3209 = CARTESIAN_POINT('',(55.047525893363,-68.77747410662,
    10.446767717681));
#3210 = CARTESIAN_POINT('',(55.18627686761,-68.63872313243,
    8.840705507894));
#3211 = CARTESIAN_POINT('',(54.386330959096,-69.43866904083,
    7.262415588868));
#3212 = CARTESIAN_POINT('',(55.386236686442,-68.43876331363,
    6.075731686717));
#3213 = CARTESIAN_POINT('',(53.80907517473,-70.01592482522,
    3.452533405882));
#3214 = CARTESIAN_POINT('',(52.991406802755,-70.83359319726,
    3.813120876158));
#3215 = CARTESIAN_POINT('',(52.056333804414,-71.76866619558,
    2.090756066049));
#3216 = CARTESIAN_POINT('',(50.890169894572,-72.93483010542,
    1.800000099999));
#3217 = CARTESIAN_POINT('',(55.169717426984,-68.93288155395,12.0000001)
  );
#3218 = CARTESIAN_POINT('',(55.147613190031,-68.90331364425,
    10.446767717678));
#3219 = CARTESIAN_POINT('',(55.396486374889,-68.90332989237,
    8.840705507902));
#3220 = CARTESIAN_POINT('',(54.398189505792,-69.45346853246,
    7.262415588863));
#3221 = CARTESIAN_POINT('',(55.716978770532,-68.85495575847,
    6.075731686714));
#3222 = CARTESIAN_POINT('',(53.893869001509,-70.1225773313,
    3.452533405894));
#3223 = CARTESIAN_POINT('',(53.287414100963,-71.20601932856,
    3.813120876153));
#3224 = CARTESIAN_POINT('',(52.223203508731,-71.97861055593,
    2.090756066052));
#3225 = CARTESIAN_POINT('',(51.121997876505,-73.2265020022,
    1.800000100001));
#3226 = CARTESIAN_POINT('',(55.253978232018,-69.10961035413,12.0000001)
  );
#3227 = CARTESIAN_POINT('',(55.216172193267,-69.04716376115,
    10.44676771769));
#3228 = CARTESIAN_POINT('',(55.540647834617,-69.20557536727,
    8.840705507868));
#3229 = CARTESIAN_POINT('',(54.406252359046,-69.47046870669,
    7.262415588911));
#3230 = CARTESIAN_POINT('',(55.943726103461,-69.33045217004,
    6.075731686674));
#3231 = CARTESIAN_POINT('',(53.951974700304,-70.24446329765,
    3.45253340591));
#3232 = CARTESIAN_POINT('',(53.490316895591,-71.63155607754,
    3.813120876148));
#3233 = CARTESIAN_POINT('',(52.337584031586,-72.21849845887,
    2.090756066051));
#3234 = CARTESIAN_POINT('',(51.280904666182,-73.5597729079,1.8000001));
#3235 = CARTESIAN_POINT('',(55.296111438047,-69.29736543265,12.0000001)
  );
#3236 = CARTESIAN_POINT('',(55.25046691853,-69.19996602088,
    10.446767717681));
#3237 = CARTESIAN_POINT('',(55.612704980751,-69.52672822783,
    8.840705507895));
#3238 = CARTESIAN_POINT('',(54.410305293581,-69.48849211651,
    7.262415588871));
#3239 = CARTESIAN_POINT('',(56.057087308583,-69.83565050342,
    6.075731686709));
#3240 = CARTESIAN_POINT('',(53.981033044272,-70.37394757113,
    3.452533405893));
#3241 = CARTESIAN_POINT('',(53.591767412247,-72.0836559159,
    3.813120876154));
#3242 = CARTESIAN_POINT('',(52.394774747967,-72.47335910028,
    2.090756066051));
#3243 = CARTESIAN_POINT('',(51.360358451209,-73.91384553091,1.8000001));
#3244 = CARTESIAN_POINT('',(55.296111438047,-69.48512128968,12.0000001)
  );
#3245 = CARTESIAN_POINT('',(55.250466918527,-69.35277308903,
    10.446767717684));
#3246 = CARTESIAN_POINT('',(55.61270498076,-69.84787326553,
    8.840705507884));
#3247 = CARTESIAN_POINT('',(54.410305293568,-69.5065224522,
    7.262415588888));
#3248 = CARTESIAN_POINT('',(56.057087308596,-70.34084447848,
    6.075731686694));
#3249 = CARTESIAN_POINT('',(53.981033044263,-70.50343353022,
    3.452533405902));
#3250 = CARTESIAN_POINT('',(53.591767412251,-72.53575516717,
    3.813120876151));
#3251 = CARTESIAN_POINT('',(52.394774747967,-72.72821971763,
    2.090756066052));
#3252 = CARTESIAN_POINT('',(51.360358451209,-74.26791804247,1.8000001));
#3253 = DEFINITIONAL_REPRESENTATION('',(#3254),#3258);
#3254 = LINE('',#3255,#3256);
#3255 = CARTESIAN_POINT('',(0.,0.));
#3256 = VECTOR('',#3257,1.);
#3257 = DIRECTION('',(1.,0.));
#3258 = ( GEOMETRIC_REPRESENTATION_CONTEXT(2) 
PARAMETRIC_REPRESENTATION_CONTEXT() REPRESENTATION_CONTEXT('2D SPACE',''
  ) );
#3259 = ORIENTED_EDGE('',*,*,#3260,.F.);
#3260 = EDGE_CURVE('',#3261,#3144,#3263,.T.);
#3261 = VERTEX_POINT('',#3262);
#3262 = CARTESIAN_POINT('',(40.910121289687,-68.52888856195,12.0000001)
  );
#3263 = SURFACE_CURVE('',#3264,(#3274,#3287),.PCURVE_S1.);
#3264 = B_SPLINE_CURVE_WITH_KNOTS('',8,(#3265,#3266,#3267,#3268,#3269,
    #3270,#3271,#3272,#3273),.UNSPECIFIED.,.F.,.F.,(9,9),(2.,3.),
  .PIECEWISE_BEZIER_KNOTS.);
#3265 = CARTESIAN_POINT('',(40.910121289687,-68.52888856195,12.0000001)
  );
#3266 = CARTESIAN_POINT('',(42.588840967266,-68.52888856195,12.0000001)
  );
#3267 = CARTESIAN_POINT('',(44.267560644844,-68.52888856195,12.0000001)
  );
#3268 = CARTESIAN_POINT('',(45.946280322422,-68.52888856195,12.0000001)
  );
#3269 = CARTESIAN_POINT('',(47.625,-68.52888856195,12.0000001));
#3270 = CARTESIAN_POINT('',(49.303719677578,-68.52888856195,12.0000001)
  );
#3271 = CARTESIAN_POINT('',(50.982439355156,-68.52888856195,12.0000001)
  );
#3272 = CARTESIAN_POINT('',(52.661159032734,-68.52888856195,12.0000001)
  );
#3273 = CARTESIAN_POINT('',(54.339878710312,-68.52888856195,12.0000001)
  );
#3274 = PCURVE('',#1619,#3275);
#3275 = DEFINITIONAL_REPRESENTATION('',(#3276),#3286);
#3276 = B_SPLINE_CURVE_WITH_KNOTS('',8,(#3277,#3278,#3279,#3280,#3281,
    #3282,#3283,#3284,#3285),.UNSPECIFIED.,.F.,.F.,(9,9),(2.,3.),
  .PIECEWISE_BEZIER_KNOTS.);
#3277 = CARTESIAN_POINT('',(12.269970479564,-9.788206499936));
#3278 = CARTESIAN_POINT('',(13.495261467932,-8.640704103549));
#3279 = CARTESIAN_POINT('',(14.720552456299,-7.493201707162));
#3280 = CARTESIAN_POINT('',(15.945843444667,-6.345699310775));
#3281 = CARTESIAN_POINT('',(17.171134433034,-5.198196914388));
#3282 = CARTESIAN_POINT('',(18.396425421402,-4.050694518002));
#3283 = CARTESIAN_POINT('',(19.621716409769,-2.903192121615));
#3284 = CARTESIAN_POINT('',(20.847007398137,-1.755689725228));
#3285 = CARTESIAN_POINT('',(22.072298386504,-0.608187328841));
#3286 = ( GEOMETRIC_REPRESENTATION_CONTEXT(2) 
PARAMETRIC_REPRESENTATION_CONTEXT() REPRESENTATION_CONTEXT('2D SPACE',''
  ) );
#3287 = PCURVE('',#3288,#3370);
#3288 = ( BOUNDED_SURFACE() B_SPLINE_SURFACE(8,8,(
    (#3289,#3290,#3291,#3292,#3293,#3294,#3295,#3296,#3297)
    ,(#3298,#3299,#3300,#3301,#3302,#3303,#3304,#3305,#3306)
    ,(#3307,#3308,#3309,#3310,#3311,#3312,#3313,#3314,#3315)
    ,(#3316,#3317,#3318,#3319,#3320,#3321,#3322,#3323,#3324)
    ,(#3325,#3326,#3327,#3328,#3329,#3330,#3331,#3332,#3333)
    ,(#3334,#3335,#3336,#3337,#3338,#3339,#3340,#3341,#3342)
    ,(#3343,#3344,#3345,#3346,#3347,#3348,#3349,#3350,#3351)
    ,(#3352,#3353,#3354,#3355,#3356,#3357,#3358,#3359,#3360)
    ,(#3361,#3362,#3363,#3364,#3365,#3366,#3367,#3368,#3369
)),.UNSPECIFIED.,.F.,.F.,.F.) B_SPLINE_SURFACE_WITH_KNOTS((9,9),(9,9),(
    2.,3.),(0.,1.),.PIECEWISE_BEZIER_KNOTS.) 
GEOMETRIC_REPRESENTATION_ITEM() RATIONAL_B_SPLINE_SURFACE((
    (1.,0.999999999999,1.000000000004,0.999999999994,1.000000000006
      ,0.999999999996,1.000000000001,1.,1.)
    ,(1.,0.999999999999,1.000000000004,0.999999999994,1.000000000006
      ,0.999999999996,1.000000000001,1.,1.)
    ,(1.,0.999999999999,1.000000000004,0.999999999994,1.000000000006
      ,0.999999999996,1.000000000001,1.,1.)
    ,(1.,0.999999999999,1.000000000004,0.999999999994,1.000000000006
      ,0.999999999996,1.000000000001,1.,1.)
    ,(1.,0.999999999999,1.000000000004,0.999999999994,1.000000000006
      ,0.999999999996,1.000000000001,1.,1.)
    ,(1.,0.999999999999,1.000000000004,0.999999999994,1.000000000006
      ,0.999999999996,1.000000000001,1.,1.)
    ,(1.,0.999999999999,1.000000000004,0.999999999994,1.000000000006
      ,0.999999999996,1.000000000001,1.,1.)
    ,(1.,0.999999999999,1.000000000004,0.999999999994,1.000000000006
      ,0.999999999996,1.000000000001,1.,1.)
    ,(1.,0.999999999999,1.000000000004,0.999999999994,1.000000000006
,0.999999999996,1.000000000001,1.,1.
  ))) REPRESENTATION_ITEM('') SURFACE() );
#3289 = CARTESIAN_POINT('',(40.910121289687,-68.52888856195,12.0000001)
  );
#3290 = CARTESIAN_POINT('',(40.777773089035,-68.57453308147,
    10.446767717684));
#3291 = CARTESIAN_POINT('',(41.272873265536,-68.21229501924,
    8.840705507884));
#3292 = CARTESIAN_POINT('',(40.931522452204,-69.41469470643,
    7.262415588888));
#3293 = CARTESIAN_POINT('',(41.765844478481,-67.7679126914,
    6.075731686694));
#3294 = CARTESIAN_POINT('',(41.928433530226,-69.84396695573,
    3.452533405902));
#3295 = CARTESIAN_POINT('',(43.960755167179,-70.23323258774,
    3.813120876151));
#3296 = CARTESIAN_POINT('',(44.153219717632,-71.43022525203,
    2.090756066052));
#3297 = CARTESIAN_POINT('',(45.692918042478,-72.46464154879,1.8000001));
#3298 = CARTESIAN_POINT('',(42.588840967266,-68.52888856195,12.0000001)
  );
#3299 = CARTESIAN_POINT('',(42.489579816779,-68.57453308147,
    10.446767717684));
#3300 = CARTESIAN_POINT('',(42.860904949142,-68.21229501924,
    8.840705507884));
#3301 = CARTESIAN_POINT('',(42.604891839169,-69.41469470643,
    7.262415588888));
#3302 = CARTESIAN_POINT('',(43.230633358846,-67.7679126914,
    6.075731686694));
#3303 = CARTESIAN_POINT('',(43.352575147678,-69.84396695573,
    3.452533405902));
#3304 = CARTESIAN_POINT('',(44.876816375381,-70.23323258774,
    3.813120876151));
#3305 = CARTESIAN_POINT('',(45.021164788225,-71.43022525203,
    2.090756066052));
#3306 = CARTESIAN_POINT('',(46.175938531859,-72.46464154879,1.8000001));
#3307 = CARTESIAN_POINT('',(44.267560644844,-68.52888856195,12.0000001)
  );
#3308 = CARTESIAN_POINT('',(44.201386544519,-68.57453308147,
    10.446767717684));
#3309 = CARTESIAN_POINT('',(44.448936632763,-68.21229501924,
    8.840705507884));
#3310 = CARTESIAN_POINT('',(44.278261226111,-69.41469470643,
    7.262415588888));
#3311 = CARTESIAN_POINT('',(44.695422239232,-67.7679126914,
    6.075731686694));
#3312 = CARTESIAN_POINT('',(44.776716765118,-69.84396695573,
    3.452533405902));
#3313 = CARTESIAN_POINT('',(45.792877583587,-70.23323258774,
    3.813120876151));
#3314 = CARTESIAN_POINT('',(45.889109858816,-71.43022525203,
    2.090756066052));
#3315 = CARTESIAN_POINT('',(46.658959021239,-72.46464154879,1.8000001));
#3316 = CARTESIAN_POINT('',(45.946280322422,-68.52888856195,12.0000001)
  );
#3317 = CARTESIAN_POINT('',(45.913193272261,-68.57453308147,
    10.446767717684));
#3318 = CARTESIAN_POINT('',(46.036968316377,-68.21229501924,
    8.840705507884));
#3319 = CARTESIAN_POINT('',(45.951630613061,-69.41469470643,
    7.262415588888));
#3320 = CARTESIAN_POINT('',(46.16021111961,-67.7679126914,6.075731686694
    ));
#3321 = CARTESIAN_POINT('',(46.200858382563,-69.84396695573,
    3.452533405902));
#3322 = CARTESIAN_POINT('',(46.708938791792,-70.23323258774,
    3.813120876151));
#3323 = CARTESIAN_POINT('',(46.757054929408,-71.43022525203,
    2.090756066052));
#3324 = CARTESIAN_POINT('',(47.14197951062,-72.46464154879,1.8000001));
#3325 = CARTESIAN_POINT('',(47.625,-68.52888856195,12.0000001));
#3326 = CARTESIAN_POINT('',(47.625,-68.57453308147,10.446767717684));
#3327 = CARTESIAN_POINT('',(47.625,-68.21229501924,8.840705507884));
#3328 = CARTESIAN_POINT('',(47.625,-69.41469470643,7.262415588888));
#3329 = CARTESIAN_POINT('',(47.625,-67.7679126914,6.075731686694));
#3330 = CARTESIAN_POINT('',(47.625,-69.84396695573,3.452533405902));
#3331 = CARTESIAN_POINT('',(47.625,-70.23323258774,3.813120876151));
#3332 = CARTESIAN_POINT('',(47.625,-71.43022525203,2.090756066052));
#3333 = CARTESIAN_POINT('',(47.625,-72.46464154879,1.8000001));
#3334 = CARTESIAN_POINT('',(49.303719677578,-68.52888856195,12.0000001)
  );
#3335 = CARTESIAN_POINT('',(49.336806727741,-68.57453308147,
    10.446767717684));
#3336 = CARTESIAN_POINT('',(49.213031683619,-68.21229501924,
    8.840705507884));
#3337 = CARTESIAN_POINT('',(49.298369386945,-69.41469470643,
    7.262415588888));
#3338 = CARTESIAN_POINT('',(49.089788880384,-67.7679126914,
    6.075731686694));
#3339 = CARTESIAN_POINT('',(49.049141617441,-69.84396695573,
    3.452533405902));
#3340 = CARTESIAN_POINT('',(48.541061208206,-70.23323258774,
    3.813120876151));
#3341 = CARTESIAN_POINT('',(48.492945070592,-71.43022525203,
    2.090756066052));
#3342 = CARTESIAN_POINT('',(48.10802048938,-72.46464154879,1.8000001));
#3343 = CARTESIAN_POINT('',(50.982439355156,-68.52888856195,12.0000001)
  );
#3344 = CARTESIAN_POINT('',(51.048613455479,-68.57453308147,
    10.446767717684));
#3345 = CARTESIAN_POINT('',(50.801063367243,-68.21229501924,
    8.840705507884));
#3346 = CARTESIAN_POINT('',(50.97173877388,-69.41469470643,
    7.262415588888));
#3347 = CARTESIAN_POINT('',(50.554577760777,-67.7679126914,
    6.075731686694));
#3348 = CARTESIAN_POINT('',(50.473283234876,-69.84396695573,
    3.452533405902));
#3349 = CARTESIAN_POINT('',(49.457122416415,-70.23323258774,
    3.813120876151));
#3350 = CARTESIAN_POINT('',(49.360890141183,-71.43022525203,
    2.090756066052));
#3351 = CARTESIAN_POINT('',(48.591040978761,-72.46464154879,1.8000001));
#3352 = CARTESIAN_POINT('',(52.661159032734,-68.52888856195,12.0000001)
  );
#3353 = CARTESIAN_POINT('',(52.760420183225,-68.57453308147,
    10.446767717684));
#3354 = CARTESIAN_POINT('',(52.389095050844,-68.21229501923,
    8.840705507884));
#3355 = CARTESIAN_POINT('',(52.645108160852,-69.41469470643,
    7.262415588888));
#3356 = CARTESIAN_POINT('',(52.019366641134,-67.7679126914,
    6.075731686694));
#3357 = CARTESIAN_POINT('',(51.897424852333,-69.84396695573,
    3.452533405902));
#3358 = CARTESIAN_POINT('',(50.373183624615,-70.23323258775,
    3.813120876151));
#3359 = CARTESIAN_POINT('',(50.228835211776,-71.43022525203,
    2.090756066052));
#3360 = CARTESIAN_POINT('',(49.074061468141,-72.46464154879,1.8000001));
#3361 = CARTESIAN_POINT('',(54.339878710312,-68.52888856195,12.0000001)
  );
#3362 = CARTESIAN_POINT('',(54.472226910962,-68.57453308147,
    10.446767717693));
#3363 = CARTESIAN_POINT('',(53.977126734474,-68.21229501923,
    8.84070550786));
#3364 = CARTESIAN_POINT('',(54.31847754778,-69.41469470644,
    7.262415588926));
#3365 = CARTESIAN_POINT('',(53.484155521535,-67.76791269139,
    6.075731686657));
#3366 = CARTESIAN_POINT('',(53.321566469764,-69.84396695574,
    3.452533405924));
#3367 = CARTESIAN_POINT('',(51.289244832825,-70.23323258774,
    3.813120876143));
#3368 = CARTESIAN_POINT('',(51.096780282367,-71.43022525203,
    2.090756066053));
#3369 = CARTESIAN_POINT('',(49.557081957522,-72.46464154879,1.8000001));
#3370 = DEFINITIONAL_REPRESENTATION('',(#3371),#3375);
#3371 = LINE('',#3372,#3373);
#3372 = CARTESIAN_POINT('',(0.,0.));
#3373 = VECTOR('',#3374,1.);
#3374 = DIRECTION('',(1.,0.));
#3375 = ( GEOMETRIC_REPRESENTATION_CONTEXT(2) 
PARAMETRIC_REPRESENTATION_CONTEXT() REPRESENTATION_CONTEXT('2D SPACE',''
  ) );
#3376 = ORIENTED_EDGE('',*,*,#3377,.F.);
#3377 = EDGE_CURVE('',#2559,#3261,#3378,.T.);
#3378 = SURFACE_CURVE('',#3379,(#3389,#3402),.PCURVE_S1.);
#3379 = B_SPLINE_CURVE_WITH_KNOTS('',8,(#3380,#3381,#3382,#3383,#3384,
    #3385,#3386,#3387,#3388),.UNSPECIFIED.,.F.,.F.,(9,9),(1.,2.),
  .PIECEWISE_BEZIER_KNOTS.);
#3380 = CARTESIAN_POINT('',(39.953888561953,-69.48512128968,12.0000001)
  );
#3381 = CARTESIAN_POINT('',(39.953888561953,-69.29736543265,12.0000001)
  );
#3382 = CARTESIAN_POINT('',(39.996021767982,-69.10961035413,12.0000001)
  );
#3383 = CARTESIAN_POINT('',(40.080282573016,-68.93288155395,12.0000001)
  );
#3384 = CARTESIAN_POINT('',(40.203221625659,-68.77822162565,12.0000001)
  );
#3385 = CARTESIAN_POINT('',(40.35788155395,-68.65528257301,12.0000001));
#3386 = CARTESIAN_POINT('',(40.53461035413,-68.57102176798,12.0000001));
#3387 = CARTESIAN_POINT('',(40.722365432652,-68.52888856195,12.0000001)
  );
#3388 = CARTESIAN_POINT('',(40.910121289687,-68.52888856195,12.0000001)
  );
#3389 = PCURVE('',#1619,#3390);
#3390 = DEFINITIONAL_REPRESENTATION('',(#3391),#3401);
#3391 = B_SPLINE_CURVE_WITH_KNOTS('',8,(#3392,#3393,#3394,#3395,#3396,
    #3397,#3398,#3399,#3400),.UNSPECIFIED.,.F.,.F.,(9,9),(1.,2.),
  .PIECEWISE_BEZIER_KNOTS.);
#3392 = CARTESIAN_POINT('',(10.918379311034,-9.743896542478));
#3393 = CARTESIAN_POINT('',(11.046721343811,-9.880938815058));
#3394 = CARTESIAN_POINT('',(11.205815708262,-9.989180026068));
#3395 = CARTESIAN_POINT('',(11.38812174237,-10.06057653862));
#3396 = CARTESIAN_POINT('',(11.583573523893,-10.0894262385));
#3397 = CARTESIAN_POINT('',(11.780495188856,-10.07343993336));
#3398 = CARTESIAN_POINT('',(11.967086009305,-10.01413716949));
#3399 = CARTESIAN_POINT('',(12.132928206985,-9.916548532713));
#3400 = CARTESIAN_POINT('',(12.269970479564,-9.788206499936));
#3401 = ( GEOMETRIC_REPRESENTATION_CONTEXT(2) 
PARAMETRIC_REPRESENTATION_CONTEXT() REPRESENTATION_CONTEXT('2D SPACE',''
  ) );
#3402 = PCURVE('',#3403,#3485);
#3403 = ( BOUNDED_SURFACE() B_SPLINE_SURFACE(8,8,(
    (#3404,#3405,#3406,#3407,#3408,#3409,#3410,#3411,#3412)
    ,(#3413,#3414,#3415,#3416,#3417,#3418,#3419,#3420,#3421)
    ,(#3422,#3423,#3424,#3425,#3426,#3427,#3428,#3429,#3430)
    ,(#3431,#3432,#3433,#3434,#3435,#3436,#3437,#3438,#3439)
    ,(#3440,#3441,#3442,#3443,#3444,#3445,#3446,#3447,#3448)
    ,(#3449,#3450,#3451,#3452,#3453,#3454,#3455,#3456,#3457)
    ,(#3458,#3459,#3460,#3461,#3462,#3463,#3464,#3465,#3466)
    ,(#3467,#3468,#3469,#3470,#3471,#3472,#3473,#3474,#3475)
    ,(#3476,#3477,#3478,#3479,#3480,#3481,#3482,#3483,#3484
)),.UNSPECIFIED.,.F.,.F.,.F.) B_SPLINE_SURFACE_WITH_KNOTS((9,9),(9,9),(
    1.,2.),(0.,1.),.PIECEWISE_BEZIER_KNOTS.) 
GEOMETRIC_REPRESENTATION_ITEM() RATIONAL_B_SPLINE_SURFACE((
    (1.,0.999999999999,1.000000000004,0.999999999994,1.000000000006
      ,0.999999999996,1.000000000001,1.,1.)
    ,(1.,0.999999999999,1.000000000004,0.999999999994,1.000000000006
      ,0.999999999996,1.000000000001,1.,1.)
    ,(1.,0.999999999999,1.000000000004,0.999999999994,1.000000000006
      ,0.999999999996,1.000000000001,1.,1.)
    ,(1.,0.999999999999,1.000000000004,0.999999999994,1.000000000006
      ,0.999999999996,1.000000000001,1.,1.)
    ,(1.,0.999999999999,1.000000000004,0.999999999994,1.000000000006
      ,0.999999999996,1.000000000001,1.,1.)
    ,(1.,0.999999999999,1.000000000004,0.999999999994,1.000000000006
      ,0.999999999996,1.000000000001,1.,1.)
    ,(1.,0.999999999999,1.000000000004,0.999999999994,1.000000000006
      ,0.999999999996,1.000000000001,1.,1.)
    ,(1.,0.999999999999,1.000000000004,0.999999999994,1.000000000006
      ,0.999999999996,1.000000000001,1.,1.)
    ,(1.,0.999999999999,1.000000000004,0.999999999994,1.000000000006
,0.999999999996,1.000000000001,1.,1.
  ))) REPRESENTATION_ITEM('') SURFACE() );
#3404 = CARTESIAN_POINT('',(39.953888561953,-69.48512128968,12.0000001)
  );
#3405 = CARTESIAN_POINT('',(39.999533081472,-69.35277308903,
    10.446767717685));
#3406 = CARTESIAN_POINT('',(39.637295019243,-69.84787326552,
    8.840705507884));
#3407 = CARTESIAN_POINT('',(40.839694706428,-69.50652245222,
    7.262415588888));
#3408 = CARTESIAN_POINT('',(39.192912691408,-70.34084447845,
    6.075731686693));
#3409 = CARTESIAN_POINT('',(41.268966955734,-70.50343353024,
    3.452533405902));
#3410 = CARTESIAN_POINT('',(41.65823258775,-72.53575516717,3.81312087615
    ));
#3411 = CARTESIAN_POINT('',(42.855225252033,-72.72821971763,
    2.090756066052));
#3412 = CARTESIAN_POINT('',(43.889641548791,-74.26791804247,1.8000001));
#3413 = CARTESIAN_POINT('',(39.953888561953,-69.29736543265,12.0000001)
  );
#3414 = CARTESIAN_POINT('',(39.999533081464,-69.19996602087,
    10.446767717685));
#3415 = CARTESIAN_POINT('',(39.637295019268,-69.52672822785,
    8.840705507881));
#3416 = CARTESIAN_POINT('',(40.839694706389,-69.48849211648,
    7.262415588893));
#3417 = CARTESIAN_POINT('',(39.192912691447,-69.83565050345,
    6.075731686689));
#3418 = CARTESIAN_POINT('',(41.26896695571,-70.37394757112,
    3.452533405905));
#3419 = CARTESIAN_POINT('',(41.658232587759,-72.08365591591,
    3.81312087615));
#3420 = CARTESIAN_POINT('',(42.855225252031,-72.47335910028,
    2.090756066052));
#3421 = CARTESIAN_POINT('',(43.889641548791,-73.91384553091,1.8000001));
#3422 = CARTESIAN_POINT('',(39.996021767982,-69.10961035413,12.0000001)
  );
#3423 = CARTESIAN_POINT('',(40.033827806745,-69.04716376115,
    10.446767717695));
#3424 = CARTESIAN_POINT('',(39.709352165347,-69.20557536726,
    8.840705507853));
#3425 = CARTESIAN_POINT('',(40.843747641008,-69.47046870671,
    7.262415588936));
#3426 = CARTESIAN_POINT('',(39.306273896487,-69.33045217002,
    6.075731686645));
#3427 = CARTESIAN_POINT('',(41.298025299727,-70.24446329766,
    3.452533405932));
#3428 = CARTESIAN_POINT('',(41.759683104398,-71.63155607754,
    3.813120876139));
#3429 = CARTESIAN_POINT('',(42.912415968416,-72.21849845887,
    2.090756066053));
#3430 = CARTESIAN_POINT('',(43.969095333818,-73.5597729079,1.8000001));
#3431 = CARTESIAN_POINT('',(40.080282573016,-68.93288155395,12.0000001)
  );
#3432 = CARTESIAN_POINT('',(40.102386809968,-68.90331364425,
    10.446767717672));
#3433 = CARTESIAN_POINT('',(39.853513625115,-68.90332989237,
    8.84070550792));
#3434 = CARTESIAN_POINT('',(40.851810494204,-69.45346853246,
    7.262415588831));
#3435 = CARTESIAN_POINT('',(39.533021229469,-68.85495575846,
    6.075731686752));
#3436 = CARTESIAN_POINT('',(41.356130998492,-70.12257733131,
    3.452533405865));
#3437 = CARTESIAN_POINT('',(41.962585899036,-71.20601932856,
    3.813120876166));
#3438 = CARTESIAN_POINT('',(43.026796491268,-71.97861055594,
    2.090756066049));
#3439 = CARTESIAN_POINT('',(44.128002123495,-73.2265020022,
    1.800000100001));
#3440 = CARTESIAN_POINT('',(40.203221625659,-68.77822162565,12.0000001)
  );
#3441 = CARTESIAN_POINT('',(40.202474106634,-68.77747410662,
    10.446767717692));
#3442 = CARTESIAN_POINT('',(40.063723132398,-68.63872313243,
    8.840705507862));
#3443 = CARTESIAN_POINT('',(40.863669040891,-69.43866904082,
    7.262415588922));
#3444 = CARTESIAN_POINT('',(39.863763313572,-68.43876331365,
    6.075731686657));
#3445 = CARTESIAN_POINT('',(41.44092482526,-70.0159248252,3.452533405926
    ));
#3446 = CARTESIAN_POINT('',(42.258593197248,-70.83359319727,
    3.81312087614));
#3447 = CARTESIAN_POINT('',(43.193666195586,-71.76866619558,
    2.090756066053));
#3448 = CARTESIAN_POINT('',(44.359830105428,-72.93483010542,
    1.800000099999));
#3449 = CARTESIAN_POINT('',(40.35788155395,-68.65528257301,12.0000001));
#3450 = CARTESIAN_POINT('',(40.328313644255,-68.67738680995,
    10.446767717687));
#3451 = CARTESIAN_POINT('',(40.328329892378,-68.42851362515,
    8.840705507876));
#3452 = CARTESIAN_POINT('',(40.878468532458,-69.42681049414,
    7.262415588899));
#3453 = CARTESIAN_POINT('',(40.279955758483,-68.10802122951,
    6.075731686686));
#3454 = CARTESIAN_POINT('',(41.547577331296,-69.93113099846,
    3.452533405904));
#3455 = CARTESIAN_POINT('',(42.631019328569,-70.53758589904,
    3.813120876152));
#3456 = CARTESIAN_POINT('',(43.403610555939,-71.60179649126,
    2.090756066051));
#3457 = CARTESIAN_POINT('',(44.651502002209,-72.70300212349,
    1.800000100001));
#3458 = CARTESIAN_POINT('',(40.53461035413,-68.57102176798,12.0000001));
#3459 = CARTESIAN_POINT('',(40.472163761165,-68.60882780675,
    10.446767717681));
#3460 = CARTESIAN_POINT('',(40.630575367243,-68.28435216532,
    8.840705507895));
#3461 = CARTESIAN_POINT('',(40.895468706749,-69.41874764104,
    7.262415588871));
#3462 = CARTESIAN_POINT('',(40.755452169993,-67.88127389645,
    6.075731686709));
#3463 = CARTESIAN_POINT('',(41.669463297684,-69.87302529974,
    3.452533405893));
#3464 = CARTESIAN_POINT('',(43.056556077534,-70.33468310439,
    3.813120876153));
#3465 = CARTESIAN_POINT('',(43.64349845888,-71.48741596841,
    2.090756066051));
#3466 = CARTESIAN_POINT('',(44.984772907906,-72.54409533381,1.8000001));
#3467 = CARTESIAN_POINT('',(40.722365432652,-68.52888856195,12.0000001)
  );
#3468 = CARTESIAN_POINT('',(40.624966020881,-68.57453308145,
    10.446767717688));
#3469 = CARTESIAN_POINT('',(40.951728227847,-68.21229501928,
    8.840705507874));
#3470 = CARTESIAN_POINT('',(40.913492116494,-69.41469470635,
    7.262415588903));
#3471 = CARTESIAN_POINT('',(41.260650503444,-67.76791269147,
    6.075731686679));
#3472 = CARTESIAN_POINT('',(41.798947571124,-69.84396695569,
    3.452533405911));
#3473 = CARTESIAN_POINT('',(43.508655915911,-70.23323258776,
    3.813120876148));
#3474 = CARTESIAN_POINT('',(43.898359100287,-71.43022525203,
    2.090756066052));
#3475 = CARTESIAN_POINT('',(45.338845530918,-72.46464154879,1.8000001));
#3476 = CARTESIAN_POINT('',(40.910121289687,-68.52888856195,12.0000001)
  );
#3477 = CARTESIAN_POINT('',(40.777773089035,-68.57453308147,
    10.446767717684));
#3478 = CARTESIAN_POINT('',(41.272873265536,-68.21229501924,
    8.840705507884));
#3479 = CARTESIAN_POINT('',(40.931522452204,-69.41469470643,
    7.262415588888));
#3480 = CARTESIAN_POINT('',(41.765844478481,-67.7679126914,
    6.075731686694));
#3481 = CARTESIAN_POINT('',(41.928433530226,-69.84396695573,
    3.452533405902));
#3482 = CARTESIAN_POINT('',(43.960755167179,-70.23323258774,
    3.813120876151));
#3483 = CARTESIAN_POINT('',(44.153219717632,-71.43022525203,
    2.090756066052));
#3484 = CARTESIAN_POINT('',(45.692918042478,-72.46464154879,1.8000001));
#3485 = DEFINITIONAL_REPRESENTATION('',(#3486),#3490);
#3486 = LINE('',#3487,#3488);
#3487 = CARTESIAN_POINT('',(0.,0.));
#3488 = VECTOR('',#3489,1.);
#3489 = DIRECTION('',(1.,0.));
#3490 = ( GEOMETRIC_REPRESENTATION_CONTEXT(2) 
PARAMETRIC_REPRESENTATION_CONTEXT() REPRESENTATION_CONTEXT('2D SPACE',''
  ) );
#3491 = ADVANCED_FACE('',(#3492),#1659,.T.);
#3492 = FACE_BOUND('',#3493,.T.);
#3493 = EDGE_LOOP('',(#3494,#3495,#3524,#3557));
#3494 = ORIENTED_EDGE('',*,*,#1901,.T.);
#3495 = ORIENTED_EDGE('',*,*,#3496,.T.);
#3496 = EDGE_CURVE('',#1902,#3497,#3499,.T.);
#3497 = VERTEX_POINT('',#3498);
#3498 = CARTESIAN_POINT('',(44.734632609201,-70.61195637778,
    1.000001272899E-07));
#3499 = SURFACE_CURVE('',#3500,(#3510,#3517),.PCURVE_S1.);
#3500 = ( BOUNDED_CURVE() B_SPLINE_CURVE(8,(#3501,#3502,#3503,#3504,
    #3505,#3506,#3507,#3508,#3509),.UNSPECIFIED.,.F.,.F.) 
B_SPLINE_CURVE_WITH_KNOTS((9,9),(0.,1.),.PIECEWISE_BEZIER_KNOTS.) CURVE(
) GEOMETRIC_REPRESENTATION_ITEM() RATIONAL_B_SPLINE_CURVE((1.,
    0.999999999998,1.000000000007,0.999999999989,1.000000000011,
    0.999999999993,1.000000000003,0.999999999999,1.)) 
REPRESENTATION_ITEM('') );
#3501 = CARTESIAN_POINT('',(39.7645,-67.220125,12.0000001));
#3502 = CARTESIAN_POINT('',(39.655415965354,-67.09372178299,
    10.109050780335));
#3503 = CARTESIAN_POINT('',(39.992955257842,-67.37081150704,
    8.853147919599));
#3504 = CARTESIAN_POINT('',(39.904190760184,-67.14136175915,
    6.054939778266));
#3505 = CARTESIAN_POINT('',(40.727341392721,-67.72806699873,
    5.733264695009));
#3506 = CARTESIAN_POINT('',(40.592678213484,-67.44870757359,
    2.616030019783));
#3507 = CARTESIAN_POINT('',(42.011472816214,-68.24931346119,
    1.855487538744));
#3508 = CARTESIAN_POINT('',(43.127739176289,-69.30341966881,
    3.86889443969E-02));
#3509 = CARTESIAN_POINT('',(44.734632609201,-70.61195637778,
    1.000001272899E-07));
#3510 = PCURVE('',#1659,#3511);
#3511 = DEFINITIONAL_REPRESENTATION('',(#3512),#3516);
#3512 = LINE('',#3513,#3514);
#3513 = CARTESIAN_POINT('',(2.,0.));
#3514 = VECTOR('',#3515,1.);
#3515 = DIRECTION('',(0.,1.));
#3516 = ( GEOMETRIC_REPRESENTATION_CONTEXT(2) 
PARAMETRIC_REPRESENTATION_CONTEXT() REPRESENTATION_CONTEXT('2D SPACE',''
  ) );
#3517 = PCURVE('',#1964,#3518);
#3518 = DEFINITIONAL_REPRESENTATION('',(#3519),#3523);
#3519 = LINE('',#3520,#3521);
#3520 = CARTESIAN_POINT('',(2.,0.));
#3521 = VECTOR('',#3522,1.);
#3522 = DIRECTION('',(0.,1.));
#3523 = ( GEOMETRIC_REPRESENTATION_CONTEXT(2) 
PARAMETRIC_REPRESENTATION_CONTEXT() REPRESENTATION_CONTEXT('2D SPACE',''
  ) );
#3524 = ORIENTED_EDGE('',*,*,#3525,.F.);
#3525 = EDGE_CURVE('',#1638,#3497,#3526,.T.);
#3526 = SURFACE_CURVE('',#3527,(#3537,#3544),.PCURVE_S1.);
#3527 = B_SPLINE_CURVE_WITH_KNOTS('',8,(#3528,#3529,#3530,#3531,#3532,
    #3533,#3534,#3535,#3536),.UNSPECIFIED.,.F.,.F.,(9,9),(1.,2.),
  .PIECEWISE_BEZIER_KNOTS.);
#3528 = CARTESIAN_POINT('',(42.036956377788,-73.3096326092,
    1.000001272899E-07));
#3529 = CARTESIAN_POINT('',(42.036956377788,-72.7799451198,
    1.000002800566E-07));
#3530 = CARTESIAN_POINT('',(42.155818120905,-72.25025746367,
    9.999965655538E-08));
#3531 = CARTESIAN_POINT('',(42.393540439709,-71.7516888836,
    1.00000884018E-07));
#3532 = CARTESIAN_POINT('',(42.740351834869,-71.31535183486,
    9.999934214022E-08));
#3533 = CARTESIAN_POINT('',(43.176688883609,-70.9685404397,
    1.000006975005E-07));
#3534 = CARTESIAN_POINT('',(43.675257463673,-70.7308181209,
    9.999983419107E-08));
#3535 = CARTESIAN_POINT('',(44.204945119802,-70.61195637778,
    1.000002178841E-07));
#3536 = CARTESIAN_POINT('',(44.734632609201,-70.61195637778,
    1.000001272899E-07));
#3537 = PCURVE('',#1659,#3538);
#3538 = DEFINITIONAL_REPRESENTATION('',(#3539),#3543);
#3539 = LINE('',#3540,#3541);
#3540 = CARTESIAN_POINT('',(0.,1.));
#3541 = VECTOR('',#3542,1.);
#3542 = DIRECTION('',(1.,0.));
#3543 = ( GEOMETRIC_REPRESENTATION_CONTEXT(2) 
PARAMETRIC_REPRESENTATION_CONTEXT() REPRESENTATION_CONTEXT('2D SPACE',''
  ) );
#3544 = PCURVE('',#1770,#3545);
#3545 = DEFINITIONAL_REPRESENTATION('',(#3546),#3556);
#3546 = B_SPLINE_CURVE_WITH_KNOTS('',8,(#3547,#3548,#3549,#3550,#3551,
    #3552,#3553,#3554,#3555),.UNSPECIFIED.,.F.,.F.,(9,9),(1.,2.),
  .PIECEWISE_BEZIER_KNOTS.);
#3547 = CARTESIAN_POINT('',(3.2471783407,-4.78254403418));
#3548 = CARTESIAN_POINT('',(3.544716596285,-5.220767519275));
#3549 = CARTESIAN_POINT('',(3.94059218844,-5.592223630503));
#3550 = CARTESIAN_POINT('',(4.417323721064,-5.871167308844));
#3551 = CARTESIAN_POINT('',(4.949350374944,-6.037347342173));
#3552 = CARTESIAN_POINT('',(5.505155081682,-6.079171879041));
#3553 = CARTESIAN_POINT('',(6.051167495706,-5.995787386383));
#3554 = CARTESIAN_POINT('',(6.55615863055,-5.796586280056));
#3555 = CARTESIAN_POINT('',(6.994382115645,-5.499048024471));
#3556 = ( GEOMETRIC_REPRESENTATION_CONTEXT(2) 
PARAMETRIC_REPRESENTATION_CONTEXT() REPRESENTATION_CONTEXT('2D SPACE',''
  ) );
#3557 = ORIENTED_EDGE('',*,*,#1637,.F.);
#3558 = ADVANCED_FACE('',(#3559,#3771,#3997),#1770,.T.);
#3559 = FACE_BOUND('',#3560,.T.);
#3560 = EDGE_LOOP('',(#3561,#3562,#3563,#3598,#3633,#3668,#3703,#3738));
#3561 = ORIENTED_EDGE('',*,*,#1748,.T.);
#3562 = ORIENTED_EDGE('',*,*,#3525,.T.);
#3563 = ORIENTED_EDGE('',*,*,#3564,.T.);
#3564 = EDGE_CURVE('',#3497,#3565,#3567,.T.);
#3565 = VERTEX_POINT('',#3566);
#3566 = CARTESIAN_POINT('',(50.515367390799,-70.61195637778,
    1.000001272899E-07));
#3567 = SURFACE_CURVE('',#3568,(#3578,#3591),.PCURVE_S1.);
#3568 = B_SPLINE_CURVE_WITH_KNOTS('',8,(#3569,#3570,#3571,#3572,#3573,
    #3574,#3575,#3576,#3577),.UNSPECIFIED.,.F.,.F.,(9,9),(2.,3.),
  .PIECEWISE_BEZIER_KNOTS.);
#3569 = CARTESIAN_POINT('',(44.734632609201,-70.61195637778,
    1.000001272899E-07));
#3570 = CARTESIAN_POINT('',(45.4572244569,-70.61195637778,
    1.000001272899E-07));
#3571 = CARTESIAN_POINT('',(46.1798163046,-70.61195637778,
    1.000001272899E-07));
#3572 = CARTESIAN_POINT('',(46.9024081523,-70.61195637778,
    1.000001272899E-07));
#3573 = CARTESIAN_POINT('',(47.625,-70.61195637778,1.000001272899E-07));
#3574 = CARTESIAN_POINT('',(48.3475918477,-70.61195637778,
    1.000001272899E-07));
#3575 = CARTESIAN_POINT('',(49.0701836954,-70.61195637778,
    1.000001272899E-07));
#3576 = CARTESIAN_POINT('',(49.7927755431,-70.61195637778,
    1.000001272899E-07));
#3577 = CARTESIAN_POINT('',(50.515367390799,-70.61195637778,
    1.000001361717E-07));
#3578 = PCURVE('',#1770,#3579);
#3579 = DEFINITIONAL_REPRESENTATION('',(#3580),#3590);
#3580 = B_SPLINE_CURVE_WITH_KNOTS('',8,(#3581,#3582,#3583,#3584,#3585,
    #3586,#3587,#3588,#3589),.UNSPECIFIED.,.F.,.F.,(9,9),(2.,3.),
  .PIECEWISE_BEZIER_KNOTS.);
#3581 = CARTESIAN_POINT('',(6.994382115645,-5.499048024471));
#3582 = CARTESIAN_POINT('',(7.592200119917,-5.093150731884));
#3583 = CARTESIAN_POINT('',(8.19001812419,-4.687253439296));
#3584 = CARTESIAN_POINT('',(8.787836128462,-4.281356146709));
#3585 = CARTESIAN_POINT('',(9.385654132735,-3.875458854121));
#3586 = CARTESIAN_POINT('',(9.983472137007,-3.469561561534));
#3587 = CARTESIAN_POINT('',(10.58129014128,-3.063664268946));
#3588 = CARTESIAN_POINT('',(11.179108145553,-2.657766976359));
#3589 = CARTESIAN_POINT('',(11.776926149825,-2.251869683771));
#3590 = ( GEOMETRIC_REPRESENTATION_CONTEXT(2) 
PARAMETRIC_REPRESENTATION_CONTEXT() REPRESENTATION_CONTEXT('2D SPACE',''
  ) );
#3591 = PCURVE('',#1964,#3592);
#3592 = DEFINITIONAL_REPRESENTATION('',(#3593),#3597);
#3593 = LINE('',#3594,#3595);
#3594 = CARTESIAN_POINT('',(0.,1.));
#3595 = VECTOR('',#3596,1.);
#3596 = DIRECTION('',(1.,0.));
#3597 = ( GEOMETRIC_REPRESENTATION_CONTEXT(2) 
PARAMETRIC_REPRESENTATION_CONTEXT() REPRESENTATION_CONTEXT('2D SPACE',''
  ) );
#3598 = ORIENTED_EDGE('',*,*,#3599,.T.);
#3599 = EDGE_CURVE('',#3565,#3600,#3602,.T.);
#3600 = VERTEX_POINT('',#3601);
#3601 = CARTESIAN_POINT('',(53.213043622212,-73.3096326092,
    1.000001272899E-07));
#3602 = SURFACE_CURVE('',#3603,(#3613,#3626),.PCURVE_S1.);
#3603 = B_SPLINE_CURVE_WITH_KNOTS('',8,(#3604,#3605,#3606,#3607,#3608,
    #3609,#3610,#3611,#3612),.UNSPECIFIED.,.F.,.F.,(9,9),(3.,4.),
  .PIECEWISE_BEZIER_KNOTS.);
#3604 = CARTESIAN_POINT('',(50.515367390799,-70.61195637778,
    1.000001361717E-07));
#3605 = CARTESIAN_POINT('',(51.045054880198,-70.61195637778,
    1.000002693985E-07));
#3606 = CARTESIAN_POINT('',(51.574742536327,-70.7308181209,
    9.999963701546E-08));
#3607 = CARTESIAN_POINT('',(52.073311116391,-70.9685404397,
    1.000009710594E-07));
#3608 = CARTESIAN_POINT('',(52.509648165131,-71.31535183486,
    9.999920891346E-08));
#3609 = CARTESIAN_POINT('',(52.856459560291,-71.7516888836,
    1.0000083428E-07));
#3610 = CARTESIAN_POINT('',(53.094181879095,-72.25025746367,
    9.999976136044E-08));
#3611 = CARTESIAN_POINT('',(53.213043622212,-72.7799451198,
    1.000002303186E-07));
#3612 = CARTESIAN_POINT('',(53.213043622212,-73.3096326092,
    1.000001272899E-07));
#3613 = PCURVE('',#1770,#3614);
#3614 = DEFINITIONAL_REPRESENTATION('',(#3615),#3625);
#3615 = B_SPLINE_CURVE_WITH_KNOTS('',8,(#3616,#3617,#3618,#3619,#3620,
    #3621,#3622,#3623,#3624),.UNSPECIFIED.,.F.,.F.,(9,9),(3.,4.),
  .PIECEWISE_BEZIER_KNOTS.);
#3616 = CARTESIAN_POINT('',(11.776926149825,-2.251869683771));
#3617 = CARTESIAN_POINT('',(12.21514963492,-1.954331428186));
#3618 = CARTESIAN_POINT('',(12.586605746148,-1.558455836031));
#3619 = CARTESIAN_POINT('',(12.865549424489,-1.081724303407));
#3620 = CARTESIAN_POINT('',(13.031729457818,-0.549697649527));
#3621 = CARTESIAN_POINT('',(13.073553994686,6.1070572105E-03));
#3622 = CARTESIAN_POINT('',(12.990169502028,0.552119471235));
#3623 = CARTESIAN_POINT('',(12.7909683957,1.057110606079));
#3624 = CARTESIAN_POINT('',(12.493430140116,1.495334091173));
#3625 = ( GEOMETRIC_REPRESENTATION_CONTEXT(2) 
PARAMETRIC_REPRESENTATION_CONTEXT() REPRESENTATION_CONTEXT('2D SPACE',''
  ) );
#3626 = PCURVE('',#2081,#3627);
#3627 = DEFINITIONAL_REPRESENTATION('',(#3628),#3632);
#3628 = LINE('',#3629,#3630);
#3629 = CARTESIAN_POINT('',(0.,1.));
#3630 = VECTOR('',#3631,1.);
#3631 = DIRECTION('',(1.,0.));
#3632 = ( GEOMETRIC_REPRESENTATION_CONTEXT(2) 
PARAMETRIC_REPRESENTATION_CONTEXT() REPRESENTATION_CONTEXT('2D SPACE',''
  ) );
#3633 = ORIENTED_EDGE('',*,*,#3634,.T.);
#3634 = EDGE_CURVE('',#3600,#3635,#3637,.T.);
#3635 = VERTEX_POINT('',#3636);
#3636 = CARTESIAN_POINT('',(53.213043622212,-79.09036739079,
    1.000001272899E-07));
#3637 = SURFACE_CURVE('',#3638,(#3648,#3661),.PCURVE_S1.);
#3638 = B_SPLINE_CURVE_WITH_KNOTS('',8,(#3639,#3640,#3641,#3642,#3643,
    #3644,#3645,#3646,#3647),.UNSPECIFIED.,.F.,.F.,(9,9),(4.,5.),
  .PIECEWISE_BEZIER_KNOTS.);
#3639 = CARTESIAN_POINT('',(53.213043622212,-73.3096326092,
    1.000001272899E-07));
#3640 = CARTESIAN_POINT('',(53.213043622212,-74.0322244569,
    1.000001272899E-07));
#3641 = CARTESIAN_POINT('',(53.213043622212,-74.7548163046,
    1.000001272899E-07));
#3642 = CARTESIAN_POINT('',(53.213043622212,-75.4774081523,
    1.000001272899E-07));
#3643 = CARTESIAN_POINT('',(53.213043622212,-76.2,1.000001272899E-07));
#3644 = CARTESIAN_POINT('',(53.213043622212,-76.9225918477,
    1.000001272899E-07));
#3645 = CARTESIAN_POINT('',(53.213043622212,-77.6451836954,
    1.000001272899E-07));
#3646 = CARTESIAN_POINT('',(53.213043622212,-78.3677755431,
    1.000001272899E-07));
#3647 = CARTESIAN_POINT('',(53.213043622212,-79.09036739079,
    1.000001272899E-07));
#3648 = PCURVE('',#1770,#3649);
#3649 = DEFINITIONAL_REPRESENTATION('',(#3650),#3660);
#3650 = B_SPLINE_CURVE_WITH_KNOTS('',8,(#3651,#3652,#3653,#3654,#3655,
    #3656,#3657,#3658,#3659),.UNSPECIFIED.,.F.,.F.,(9,9),(4.,5.),
  .PIECEWISE_BEZIER_KNOTS.);
#3651 = CARTESIAN_POINT('',(12.493430140116,1.495334091173));
#3652 = CARTESIAN_POINT('',(12.087532847528,2.093152095446));
#3653 = CARTESIAN_POINT('',(11.681635554941,2.690970099718));
#3654 = CARTESIAN_POINT('',(11.275738262353,3.288788103991));
#3655 = CARTESIAN_POINT('',(10.869840969766,3.886606108264));
#3656 = CARTESIAN_POINT('',(10.463943677178,4.484424112536));
#3657 = CARTESIAN_POINT('',(10.058046384591,5.082242116809));
#3658 = CARTESIAN_POINT('',(9.652149092003,5.680060121081));
#3659 = CARTESIAN_POINT('',(9.246251799416,6.277878125354));
#3660 = ( GEOMETRIC_REPRESENTATION_CONTEXT(2) 
PARAMETRIC_REPRESENTATION_CONTEXT() REPRESENTATION_CONTEXT('2D SPACE',''
  ) );
#3661 = PCURVE('',#2198,#3662);
#3662 = DEFINITIONAL_REPRESENTATION('',(#3663),#3667);
#3663 = LINE('',#3664,#3665);
#3664 = CARTESIAN_POINT('',(0.,1.));
#3665 = VECTOR('',#3666,1.);
#3666 = DIRECTION('',(1.,0.));
#3667 = ( GEOMETRIC_REPRESENTATION_CONTEXT(2) 
PARAMETRIC_REPRESENTATION_CONTEXT() REPRESENTATION_CONTEXT('2D SPACE',''
  ) );
#3668 = ORIENTED_EDGE('',*,*,#3669,.T.);
#3669 = EDGE_CURVE('',#3635,#3670,#3672,.T.);
#3670 = VERTEX_POINT('',#3671);
#3671 = CARTESIAN_POINT('',(50.515367390799,-81.78804362221,
    1.000001272899E-07));
#3672 = SURFACE_CURVE('',#3673,(#3683,#3696),.PCURVE_S1.);
#3673 = B_SPLINE_CURVE_WITH_KNOTS('',8,(#3674,#3675,#3676,#3677,#3678,
    #3679,#3680,#3681,#3682),.UNSPECIFIED.,.F.,.F.,(9,9),(5.,6.),
  .PIECEWISE_BEZIER_KNOTS.);
#3674 = CARTESIAN_POINT('',(53.213043622212,-79.09036739079,
    1.000001272899E-07));
#3675 = CARTESIAN_POINT('',(53.213043622212,-79.62005488019,
    1.000000988682E-07));
#3676 = CARTESIAN_POINT('',(53.094181879094,-80.14974253632,
    1.00000232095E-07));
#3677 = CARTESIAN_POINT('',(52.856459560292,-80.64831111639,
    9.999992300891E-08));
#3678 = CARTESIAN_POINT('',(52.509648165131,-81.08464816513,
    1.000003830853E-07));
#3679 = CARTESIAN_POINT('',(52.073311116392,-81.43145956029,
    9.99999070217E-08));
#3680 = CARTESIAN_POINT('',(51.574742536327,-81.66918187909,
    1.000002480822E-07));
#3681 = CARTESIAN_POINT('',(51.045054880198,-81.78804362221,
    1.000000899865E-07));
#3682 = CARTESIAN_POINT('',(50.515367390799,-81.78804362221,
    1.000001272899E-07));
#3683 = PCURVE('',#1770,#3684);
#3684 = DEFINITIONAL_REPRESENTATION('',(#3685),#3695);
#3685 = B_SPLINE_CURVE_WITH_KNOTS('',8,(#3686,#3687,#3688,#3689,#3690,
    #3691,#3692,#3693,#3694),.UNSPECIFIED.,.F.,.F.,(9,9),(5.,6.),
  .PIECEWISE_BEZIER_KNOTS.);
#3686 = CARTESIAN_POINT('',(9.246251799416,6.277878125354));
#3687 = CARTESIAN_POINT('',(8.948713543831,6.716101610449));
#3688 = CARTESIAN_POINT('',(8.552837951675,7.087557721676));
#3689 = CARTESIAN_POINT('',(8.076106419052,7.366501400018));
#3690 = CARTESIAN_POINT('',(7.544079765172,7.532681433346));
#3691 = CARTESIAN_POINT('',(6.988275058434,7.574505970215));
#3692 = CARTESIAN_POINT('',(6.44226264441,7.491121477556));
#3693 = CARTESIAN_POINT('',(5.937271509566,7.291920371229));
#3694 = CARTESIAN_POINT('',(5.499048024471,6.994382115645));
#3695 = ( GEOMETRIC_REPRESENTATION_CONTEXT(2) 
PARAMETRIC_REPRESENTATION_CONTEXT() REPRESENTATION_CONTEXT('2D SPACE',''
  ) );
#3696 = PCURVE('',#2315,#3697);
#3697 = DEFINITIONAL_REPRESENTATION('',(#3698),#3702);
#3698 = LINE('',#3699,#3700);
#3699 = CARTESIAN_POINT('',(0.,1.));
#3700 = VECTOR('',#3701,1.);
#3701 = DIRECTION('',(1.,0.));
#3702 = ( GEOMETRIC_REPRESENTATION_CONTEXT(2) 
PARAMETRIC_REPRESENTATION_CONTEXT() REPRESENTATION_CONTEXT('2D SPACE',''
  ) );
#3703 = ORIENTED_EDGE('',*,*,#3704,.T.);
#3704 = EDGE_CURVE('',#3670,#3705,#3707,.T.);
#3705 = VERTEX_POINT('',#3706);
#3706 = CARTESIAN_POINT('',(44.734632609201,-81.78804362221,
    1.000001272899E-07));
#3707 = SURFACE_CURVE('',#3708,(#3718,#3731),.PCURVE_S1.);
#3708 = B_SPLINE_CURVE_WITH_KNOTS('',8,(#3709,#3710,#3711,#3712,#3713,
    #3714,#3715,#3716,#3717),.UNSPECIFIED.,.F.,.F.,(9,9),(6.,7.),
  .PIECEWISE_BEZIER_KNOTS.);
#3709 = CARTESIAN_POINT('',(50.515367390799,-81.78804362221,
    1.000001272899E-07));
#3710 = CARTESIAN_POINT('',(49.7927755431,-81.78804362221,
    1.000001272899E-07));
#3711 = CARTESIAN_POINT('',(49.0701836954,-81.78804362221,
    1.000001272899E-07));
#3712 = CARTESIAN_POINT('',(48.3475918477,-81.78804362221,
    1.000001272899E-07));
#3713 = CARTESIAN_POINT('',(47.625,-81.78804362221,1.000001272899E-07));
#3714 = CARTESIAN_POINT('',(46.9024081523,-81.78804362221,
    1.000001272899E-07));
#3715 = CARTESIAN_POINT('',(46.1798163046,-81.78804362221,
    1.000001272899E-07));
#3716 = CARTESIAN_POINT('',(45.4572244569,-81.78804362221,
    1.000001272899E-07));
#3717 = CARTESIAN_POINT('',(44.734632609201,-81.78804362221,
    1.000001272899E-07));
#3718 = PCURVE('',#1770,#3719);
#3719 = DEFINITIONAL_REPRESENTATION('',(#3720),#3730);
#3720 = B_SPLINE_CURVE_WITH_KNOTS('',8,(#3721,#3722,#3723,#3724,#3725,
    #3726,#3727,#3728,#3729),.UNSPECIFIED.,.F.,.F.,(9,9),(6.,7.),
  .PIECEWISE_BEZIER_KNOTS.);
#3721 = CARTESIAN_POINT('',(5.499048024471,6.994382115645));
#3722 = CARTESIAN_POINT('',(4.901230020199,6.588484823057));
#3723 = CARTESIAN_POINT('',(4.303412015926,6.18258753047));
#3724 = CARTESIAN_POINT('',(3.705594011654,5.776690237882));
#3725 = CARTESIAN_POINT('',(3.107776007381,5.370792945294));
#3726 = CARTESIAN_POINT('',(2.509958003108,4.964895652707));
#3727 = CARTESIAN_POINT('',(1.912139998836,4.558998360119));
#3728 = CARTESIAN_POINT('',(1.314321994563,4.153101067532));
#3729 = CARTESIAN_POINT('',(0.716503990291,3.747203774944));
#3730 = ( GEOMETRIC_REPRESENTATION_CONTEXT(2) 
PARAMETRIC_REPRESENTATION_CONTEXT() REPRESENTATION_CONTEXT('2D SPACE',''
  ) );
#3731 = PCURVE('',#2432,#3732);
#3732 = DEFINITIONAL_REPRESENTATION('',(#3733),#3737);
#3733 = LINE('',#3734,#3735);
#3734 = CARTESIAN_POINT('',(0.,1.));
#3735 = VECTOR('',#3736,1.);
#3736 = DIRECTION('',(1.,0.));
#3737 = ( GEOMETRIC_REPRESENTATION_CONTEXT(2) 
PARAMETRIC_REPRESENTATION_CONTEXT() REPRESENTATION_CONTEXT('2D SPACE',''
  ) );
#3738 = ORIENTED_EDGE('',*,*,#3739,.T.);
#3739 = EDGE_CURVE('',#3705,#1749,#3740,.T.);
#3740 = SURFACE_CURVE('',#3741,(#3751,#3764),.PCURVE_S1.);
#3741 = B_SPLINE_CURVE_WITH_KNOTS('',8,(#3742,#3743,#3744,#3745,#3746,
    #3747,#3748,#3749,#3750),.UNSPECIFIED.,.F.,.F.,(9,9),(7.,8.),
  .PIECEWISE_BEZIER_KNOTS.);
#3742 = CARTESIAN_POINT('',(44.734632609201,-81.78804362221,
    1.000001272899E-07));
#3743 = CARTESIAN_POINT('',(44.204945119802,-81.78804362221,
    1.000002178841E-07));
#3744 = CARTESIAN_POINT('',(43.675257463673,-81.66918187909,
    9.999979866393E-08));
#3745 = CARTESIAN_POINT('',(43.176688883609,-81.43145956029,
    1.000007454621E-07));
#3746 = CARTESIAN_POINT('',(42.740351834869,-81.08464816513,
    9.999940786543E-08));
#3747 = CARTESIAN_POINT('',(42.393540439709,-80.64831111639,
    1.00000685066E-07));
#3748 = CARTESIAN_POINT('',(42.155818120906,-80.14974253632,
    9.999985373099E-08));
#3749 = CARTESIAN_POINT('',(42.036956377788,-79.62005488019,
    1.000001983442E-07));
#3750 = CARTESIAN_POINT('',(42.036956377788,-79.09036739079,
    1.000001272899E-07));
#3751 = PCURVE('',#1770,#3752);
#3752 = DEFINITIONAL_REPRESENTATION('',(#3753),#3763);
#3753 = B_SPLINE_CURVE_WITH_KNOTS('',8,(#3754,#3755,#3756,#3757,#3758,
    #3759,#3760,#3761,#3762),.UNSPECIFIED.,.F.,.F.,(9,9),(7.,8.),
  .PIECEWISE_BEZIER_KNOTS.);
#3754 = CARTESIAN_POINT('',(0.716503990291,3.747203774944));
#3755 = CARTESIAN_POINT('',(0.278280505196,3.44966551936));
#3756 = CARTESIAN_POINT('',(-9.317560603169E-02,3.053789927204));
#3757 = CARTESIAN_POINT('',(-0.372119284373,2.577058394581));
#3758 = CARTESIAN_POINT('',(-0.538299317702,2.045031740701));
#3759 = CARTESIAN_POINT('',(-0.58012385457,1.489227033963));
#3760 = CARTESIAN_POINT('',(-0.496739361912,0.943214619939));
#3761 = CARTESIAN_POINT('',(-0.297538255584,0.438223485095));
#3762 = CARTESIAN_POINT('',(0.,0.));
#3763 = ( GEOMETRIC_REPRESENTATION_CONTEXT(2) 
PARAMETRIC_REPRESENTATION_CONTEXT() REPRESENTATION_CONTEXT('2D SPACE',''
  ) );
#3764 = PCURVE('',#1808,#3765);
#3765 = DEFINITIONAL_REPRESENTATION('',(#3766),#3770);
#3766 = LINE('',#3767,#3768);
#3767 = CARTESIAN_POINT('',(0.,1.));
#3768 = VECTOR('',#3769,1.);
#3769 = DIRECTION('',(1.,0.));
#3770 = ( GEOMETRIC_REPRESENTATION_CONTEXT(2) 
PARAMETRIC_REPRESENTATION_CONTEXT() REPRESENTATION_CONTEXT('2D SPACE',''
  ) );
#3771 = FACE_BOUND('',#3772,.T.);
#3772 = EDGE_LOOP('',(#3773,#3803,#3831,#3859,#3887,#3915,#3943,#3971));
#3773 = ORIENTED_EDGE('',*,*,#3774,.T.);
#3774 = EDGE_CURVE('',#3775,#3777,#3779,.T.);
#3775 = VERTEX_POINT('',#3776);
#3776 = CARTESIAN_POINT('',(44.79267578125,-75.60966796875,
    1.000001272899E-07));
#3777 = VERTEX_POINT('',#3778);
#3778 = CARTESIAN_POINT('',(44.38388671875,-74.48232421875,
    1.000001290663E-07));
#3779 = SURFACE_CURVE('',#3780,(#3784,#3791),.PCURVE_S1.);
#3780 = LINE('',#3781,#3782);
#3781 = CARTESIAN_POINT('',(45.19029458458,-76.70620678041,
    1.000001272899E-07));
#3782 = VECTOR('',#3783,1.);
#3783 = DIRECTION('',(-0.340892893414,0.940102140844,4.316208355752E-17)
  );
#3784 = PCURVE('',#1770,#3785);
#3785 = DEFINITIONAL_REPRESENTATION('',(#3786),#3790);
#3786 = LINE('',#3787,#3788);
#3787 = CARTESIAN_POINT('',(3.94807483576,-0.201168471077));
#3788 = VECTOR('',#3789,1.);
#3789 = DIRECTION('',(0.246049004121,-0.969257389743));
#3790 = ( GEOMETRIC_REPRESENTATION_CONTEXT(2) 
PARAMETRIC_REPRESENTATION_CONTEXT() REPRESENTATION_CONTEXT('2D SPACE',''
  ) );
#3791 = PCURVE('',#3792,#3797);
#3792 = PLANE('',#3793);
#3793 = AXIS2_PLACEMENT_3D('',#3794,#3795,#3796);
#3794 = CARTESIAN_POINT('',(44.79267578125,-75.60966796875,
    -2.999989999987E-02));
#3795 = DIRECTION('',(-0.940102140844,-0.340892893414,4.174733907718E-17
    ));
#3796 = DIRECTION('',(-0.340892893414,0.940102140844,-1.151293077656E-16
    ));
#3797 = DEFINITIONAL_REPRESENTATION('',(#3798),#3802);
#3798 = LINE('',#3799,#3800);
#3799 = CARTESIAN_POINT('',(-1.16640390871,-3.E-02));
#3800 = VECTOR('',#3801,1.);
#3801 = DIRECTION('',(1.,-1.582913913232E-16));
#3802 = ( GEOMETRIC_REPRESENTATION_CONTEXT(2) 
PARAMETRIC_REPRESENTATION_CONTEXT() REPRESENTATION_CONTEXT('2D SPACE',''
  ) );
#3803 = ORIENTED_EDGE('',*,*,#3804,.T.);
#3804 = EDGE_CURVE('',#3777,#3805,#3807,.T.);
#3805 = VERTEX_POINT('',#3806);
#3806 = CARTESIAN_POINT('',(43.86083984375,-74.48232421875,
    1.000001290663E-07));
#3807 = SURFACE_CURVE('',#3808,(#3812,#3819),.PCURVE_S1.);
#3808 = LINE('',#3809,#3810);
#3809 = CARTESIAN_POINT('',(43.210421548269,-74.48232421875,
    1.000001272899E-07));
#3810 = VECTOR('',#3811,1.);
#3811 = DIRECTION('',(-1.,-5.047233537899E-33,-4.121378948945E-17));
#3812 = PCURVE('',#1770,#3813);
#3813 = DEFINITIONAL_REPRESENTATION('',(#3814),#3818);
#3814 = LINE('',#3815,#3816);
#3815 = CARTESIAN_POINT('',(3.559285732532,-3.153183701595));
#3816 = VECTOR('',#3817,1.);
#3817 = DIRECTION('',(-0.827324590189,-0.56172415158));
#3818 = ( GEOMETRIC_REPRESENTATION_CONTEXT(2) 
PARAMETRIC_REPRESENTATION_CONTEXT() REPRESENTATION_CONTEXT('2D SPACE',''
  ) );
#3819 = PCURVE('',#3820,#3825);
#3820 = PLANE('',#3821);
#3821 = AXIS2_PLACEMENT_3D('',#3822,#3823,#3824);
#3822 = CARTESIAN_POINT('',(44.38388671875,-74.48232421875,
    -2.999989999987E-02));
#3823 = DIRECTION('',(0.,-1.,1.224646799147E-16));
#3824 = DIRECTION('',(-1.,0.,0.));
#3825 = DEFINITIONAL_REPRESENTATION('',(#3826),#3830);
#3826 = LINE('',#3827,#3828);
#3827 = CARTESIAN_POINT('',(1.173465170481,-3.E-02));
#3828 = VECTOR('',#3829,1.);
#3829 = DIRECTION('',(1.,4.121378948945E-17));
#3830 = ( GEOMETRIC_REPRESENTATION_CONTEXT(2) 
PARAMETRIC_REPRESENTATION_CONTEXT() REPRESENTATION_CONTEXT('2D SPACE',''
  ) );
#3831 = ORIENTED_EDGE('',*,*,#3832,.T.);
#3832 = EDGE_CURVE('',#3805,#3833,#3835,.T.);
#3833 = VERTEX_POINT('',#3834);
#3834 = CARTESIAN_POINT('',(45.29033203125,-78.20458984375,
    1.000001272899E-07));
#3835 = SURFACE_CURVE('',#3836,(#3840,#3847),.PCURVE_S1.);
#3836 = LINE('',#3837,#3838);
#3837 = CARTESIAN_POINT('',(44.514734268825,-76.18500490642,
    1.000001272899E-07));
#3838 = VECTOR('',#3839,1.);
#3839 = DIRECTION('',(0.358509651553,-0.933526019853,-4.20358287712E-17)
  );
#3840 = PCURVE('',#1770,#3841);
#3841 = DEFINITIONAL_REPRESENTATION('',(#3842),#3846);
#3842 = LINE('',#3843,#3844);
#3843 = CARTESIAN_POINT('',(3.681938854851,-1.011850143094));
#3844 = VECTOR('',#3845,1.);
#3845 = DIRECTION('',(-0.227780260929,0.973712561658));
#3846 = ( GEOMETRIC_REPRESENTATION_CONTEXT(2) 
PARAMETRIC_REPRESENTATION_CONTEXT() REPRESENTATION_CONTEXT('2D SPACE',''
  ) );
#3847 = PCURVE('',#3848,#3853);
#3848 = PLANE('',#3849);
#3849 = AXIS2_PLACEMENT_3D('',#3850,#3851,#3852);
#3850 = CARTESIAN_POINT('',(43.86083984375,-74.48232421875,
    -2.999989999987E-02));
#3851 = DIRECTION('',(0.933526019853,0.358509651553,-4.390476972384E-17)
  );
#3852 = DIRECTION('',(0.358509651553,-0.933526019853,1.143239652134E-16)
  );
#3853 = DEFINITIONAL_REPRESENTATION('',(#3854),#3858);
#3854 = LINE('',#3855,#3856);
#3855 = CARTESIAN_POINT('',(1.823924187929,-3.E-02));
#3856 = VECTOR('',#3857,1.);
#3857 = DIRECTION('',(1.,1.563597939846E-16));
#3858 = ( GEOMETRIC_REPRESENTATION_CONTEXT(2) 
PARAMETRIC_REPRESENTATION_CONTEXT() REPRESENTATION_CONTEXT('2D SPACE',''
  ) );
#3859 = ORIENTED_EDGE('',*,*,#3860,.T.);
#3860 = EDGE_CURVE('',#3833,#3861,#3863,.T.);
#3861 = VERTEX_POINT('',#3862);
#3862 = CARTESIAN_POINT('',(45.82099609375,-78.20458984375,
    1.000001272899E-07));
#3863 = SURFACE_CURVE('',#3864,(#3868,#3875),.PCURVE_S1.);
#3864 = LINE('',#3865,#3866);
#3865 = CARTESIAN_POINT('',(43.663644204519,-78.20458984375,
    1.000001272899E-07));
#3866 = VECTOR('',#3867,1.);
#3867 = DIRECTION('',(1.,5.047233537899E-33,4.121378948945E-17));
#3868 = PCURVE('',#1770,#3869);
#3869 = DEFINITIONAL_REPRESENTATION('',(#3870),#3874);
#3870 = LINE('',#3871,#3872);
#3871 = CARTESIAN_POINT('',(1.843361480721,0.180924293244));
#3872 = VECTOR('',#3873,1.);
#3873 = DIRECTION('',(0.827324590189,0.56172415158));
#3874 = ( GEOMETRIC_REPRESENTATION_CONTEXT(2) 
PARAMETRIC_REPRESENTATION_CONTEXT() REPRESENTATION_CONTEXT('2D SPACE',''
  ) );
#3875 = PCURVE('',#3876,#3881);
#3876 = PLANE('',#3877);
#3877 = AXIS2_PLACEMENT_3D('',#3878,#3879,#3880);
#3878 = CARTESIAN_POINT('',(45.29033203125,-78.20458984375,
    -2.999989999987E-02));
#3879 = DIRECTION('',(0.,1.,-1.224646799147E-16));
#3880 = DIRECTION('',(1.,0.,0.));
#3881 = DEFINITIONAL_REPRESENTATION('',(#3882),#3886);
#3882 = LINE('',#3883,#3884);
#3883 = CARTESIAN_POINT('',(-1.626687826731,-3.E-02));
#3884 = VECTOR('',#3885,1.);
#3885 = DIRECTION('',(1.,-4.121378948945E-17));
#3886 = ( GEOMETRIC_REPRESENTATION_CONTEXT(2) 
PARAMETRIC_REPRESENTATION_CONTEXT() REPRESENTATION_CONTEXT('2D SPACE',''
  ) );
#3887 = ORIENTED_EDGE('',*,*,#3888,.T.);
#3888 = EDGE_CURVE('',#3861,#3889,#3891,.T.);
#3889 = VERTEX_POINT('',#3890);
#3890 = CARTESIAN_POINT('',(47.34443359375,-74.48232421875,
    1.000001290663E-07));
#3891 = SURFACE_CURVE('',#3892,(#3896,#3903),.PCURVE_S1.);
#3892 = LINE('',#3893,#3894);
#3893 = CARTESIAN_POINT('',(45.394282045654,-79.24719450126,
    1.000001272899E-07));
#3894 = VECTOR('',#3895,1.);
#3895 = DIRECTION('',(0.378780330599,0.925486607764,7.193309030651E-17)
  );
#3896 = PCURVE('',#1770,#3897);
#3897 = DEFINITIONAL_REPRESENTATION('',(#3898),#3902);
#3898 = LINE('',#3899,#3900);
#3899 = CARTESIAN_POINT('',(2.689504506728,2.015637837255));
#3900 = VECTOR('',#3901,1.);
#3901 = DIRECTION('',(0.83324246133,-0.552907768654));
#3902 = ( GEOMETRIC_REPRESENTATION_CONTEXT(2) 
PARAMETRIC_REPRESENTATION_CONTEXT() REPRESENTATION_CONTEXT('2D SPACE',''
  ) );
#3903 = PCURVE('',#3904,#3909);
#3904 = PLANE('',#3905);
#3905 = AXIS2_PLACEMENT_3D('',#3906,#3907,#3908);
#3906 = CARTESIAN_POINT('',(45.82099609375,-78.20458984375,
    -2.999989999987E-02));
#3907 = DIRECTION('',(-0.925486607764,0.378780330599,-4.638721194484E-17
    ));
#3908 = DIRECTION('',(0.378780330599,0.925486607764,-1.133394211852E-16)
  );
#3909 = DEFINITIONAL_REPRESENTATION('',(#3910),#3914);
#3910 = LINE('',#3911,#3912);
#3911 = CARTESIAN_POINT('',(-1.126547535933,-3.E-02));
#3912 = VECTOR('',#3913,1.);
#3913 = DIRECTION('',(1.,-1.852725114917E-16));
#3914 = ( GEOMETRIC_REPRESENTATION_CONTEXT(2) 
PARAMETRIC_REPRESENTATION_CONTEXT() REPRESENTATION_CONTEXT('2D SPACE',''
  ) );
#3915 = ORIENTED_EDGE('',*,*,#3916,.T.);
#3916 = EDGE_CURVE('',#3889,#3917,#3919,.T.);
#3917 = VERTEX_POINT('',#3918);
#3918 = CARTESIAN_POINT('',(46.78330078125,-74.48232421875,
    1.000001290663E-07));
#3919 = SURFACE_CURVE('',#3920,(#3924,#3931),.PCURVE_S1.);
#3920 = LINE('',#3921,#3922);
#3921 = CARTESIAN_POINT('',(44.690694985769,-74.48232421875,
    1.000001272899E-07));
#3922 = VECTOR('',#3923,1.);
#3923 = DIRECTION('',(-1.,-5.047233537899E-33,-4.121378948945E-17));
#3924 = PCURVE('',#1770,#3925);
#3925 = DEFINITIONAL_REPRESENTATION('',(#3926),#3930);
#3926 = LINE('',#3927,#3928);
#3927 = CARTESIAN_POINT('',(4.78395234758,-2.321678360809));
#3928 = VECTOR('',#3929,1.);
#3929 = DIRECTION('',(-0.827324590189,-0.56172415158));
#3930 = ( GEOMETRIC_REPRESENTATION_CONTEXT(2) 
PARAMETRIC_REPRESENTATION_CONTEXT() REPRESENTATION_CONTEXT('2D SPACE',''
  ) );
#3931 = PCURVE('',#3932,#3937);
#3932 = PLANE('',#3933);
#3933 = AXIS2_PLACEMENT_3D('',#3934,#3935,#3936);
#3934 = CARTESIAN_POINT('',(47.34443359375,-74.48232421875,
    -2.999989999987E-02));
#3935 = DIRECTION('',(0.,-1.,1.224646799147E-16));
#3936 = DIRECTION('',(-1.,0.,0.));
#3937 = DEFINITIONAL_REPRESENTATION('',(#3938),#3942);
#3938 = LINE('',#3939,#3940);
#3939 = CARTESIAN_POINT('',(2.653738607981,-3.E-02));
#3940 = VECTOR('',#3941,1.);
#3941 = DIRECTION('',(1.,4.121378948945E-17));
#3942 = ( GEOMETRIC_REPRESENTATION_CONTEXT(2) 
PARAMETRIC_REPRESENTATION_CONTEXT() REPRESENTATION_CONTEXT('2D SPACE',''
  ) );
#3943 = ORIENTED_EDGE('',*,*,#3944,.T.);
#3944 = EDGE_CURVE('',#3917,#3945,#3947,.T.);
#3945 = VERTEX_POINT('',#3946);
#3946 = CARTESIAN_POINT('',(46.34912109375,-75.60966796875,
    1.000001272899E-07));
#3947 = SURFACE_CURVE('',#3948,(#3952,#3959),.PCURVE_S1.);
#3948 = LINE('',#3949,#3950);
#3949 = CARTESIAN_POINT('',(45.704019479492,-77.28466865138,
    1.000001272899E-07));
#3950 = VECTOR('',#3951,1.);
#3951 = DIRECTION('',(-0.359401561996,-0.933183003078,
    -7.160279550861E-17));
#3952 = PCURVE('',#1770,#3953);
#3953 = DEFINITIONAL_REPRESENTATION('',(#3954),#3958);
#3954 = LINE('',#3955,#3956);
#3955 = CARTESIAN_POINT('',(4.048156070222,0.565978940002));
#3956 = VECTOR('',#3957,1.);
#3957 = DIRECTION('',(-0.821533180665,0.570160708105));
#3958 = ( GEOMETRIC_REPRESENTATION_CONTEXT(2) 
PARAMETRIC_REPRESENTATION_CONTEXT() REPRESENTATION_CONTEXT('2D SPACE',''
  ) );
#3959 = PCURVE('',#3960,#3965);
#3960 = PLANE('',#3961);
#3961 = AXIS2_PLACEMENT_3D('',#3962,#3963,#3964);
#3962 = CARTESIAN_POINT('',(46.78330078125,-74.48232421875,
    -2.999989999987E-02));
#3963 = DIRECTION('',(0.933183003078,-0.359401561996,4.401399725075E-17)
  );
#3964 = DIRECTION('',(-0.359401561996,-0.933183003078,1.142819577739E-16
    ));
#3965 = DEFINITIONAL_REPRESENTATION('',(#3966),#3970);
#3966 = LINE('',#3967,#3968);
#3967 = CARTESIAN_POINT('',(3.002995578993,-3.E-02));
#3968 = VECTOR('',#3969,1.);
#3969 = DIRECTION('',(1.,1.858847532825E-16));
#3970 = ( GEOMETRIC_REPRESENTATION_CONTEXT(2) 
PARAMETRIC_REPRESENTATION_CONTEXT() REPRESENTATION_CONTEXT('2D SPACE',''
  ) );
#3971 = ORIENTED_EDGE('',*,*,#3972,.T.);
#3972 = EDGE_CURVE('',#3945,#3775,#3973,.T.);
#3973 = SURFACE_CURVE('',#3974,(#3978,#3985),.PCURVE_S1.);
#3974 = LINE('',#3975,#3976);
#3975 = CARTESIAN_POINT('',(44.193038735769,-75.60966796875,
    1.000001272899E-07));
#3976 = VECTOR('',#3977,1.);
#3977 = DIRECTION('',(-1.,-5.047233537899E-33,-4.121378948945E-17));
#3978 = PCURVE('',#1770,#3979);
#3979 = DEFINITIONAL_REPRESENTATION('',(#3980),#3984);
#3980 = LINE('',#3981,#3982);
#3981 = CARTESIAN_POINT('',(3.738972882986,-1.668544689647));
#3982 = VECTOR('',#3983,1.);
#3983 = DIRECTION('',(-0.827324590189,-0.56172415158));
#3984 = ( GEOMETRIC_REPRESENTATION_CONTEXT(2) 
PARAMETRIC_REPRESENTATION_CONTEXT() REPRESENTATION_CONTEXT('2D SPACE',''
  ) );
#3985 = PCURVE('',#3986,#3991);
#3986 = PLANE('',#3987);
#3987 = AXIS2_PLACEMENT_3D('',#3988,#3989,#3990);
#3988 = CARTESIAN_POINT('',(46.34912109375,-75.60966796875,
    -2.999989999987E-02));
#3989 = DIRECTION('',(0.,-1.,1.224646799147E-16));
#3990 = DIRECTION('',(-1.,0.,0.));
#3991 = DEFINITIONAL_REPRESENTATION('',(#3992),#3996);
#3992 = LINE('',#3993,#3994);
#3993 = CARTESIAN_POINT('',(2.156082357981,-3.E-02));
#3994 = VECTOR('',#3995,1.);
#3995 = DIRECTION('',(1.,4.121378948945E-17));
#3996 = ( GEOMETRIC_REPRESENTATION_CONTEXT(2) 
PARAMETRIC_REPRESENTATION_CONTEXT() REPRESENTATION_CONTEXT('2D SPACE',''
  ) );
#3997 = FACE_BOUND('',#3998,.T.);
#3998 = EDGE_LOOP('',(#3999,#4029,#4057,#4085,#4113,#4141,#4180,#4231,
    #4282,#4333,#4396,#4447,#4498,#4549,#4588,#4627,#4669,#4697,#4739,
    #4778,#4817,#4856,#4895,#4940,#4979,#5030,#5081,#5132,#5183));
#3999 = ORIENTED_EDGE('',*,*,#4000,.T.);
#4000 = EDGE_CURVE('',#4001,#4003,#4005,.T.);
#4001 = VERTEX_POINT('',#4002);
#4002 = CARTESIAN_POINT('',(50.57412109375,-75.24912109375,
    1.000001272899E-07));
#4003 = VERTEX_POINT('',#4004);
#4004 = CARTESIAN_POINT('',(50.57412109375,-75.94228515625,
    1.000001272899E-07));
#4005 = SURFACE_CURVE('',#4006,(#4010,#4017),.PCURVE_S1.);
#4006 = LINE('',#4007,#4008);
#4007 = CARTESIAN_POINT('',(50.57412109375,-77.16974424227,
    1.000001272899E-07));
#4008 = VECTOR('',#4009,1.);
#4009 = DIRECTION('',(0.,-1.,-6.085676121721E-17));
#4010 = PCURVE('',#1770,#4011);
#4011 = DEFINITIONAL_REPRESENTATION('',(#4012),#4016);
#4012 = LINE('',#4013,#4014);
#4013 = CARTESIAN_POINT('',(8.141866708623,3.206552847707));
#4014 = VECTOR('',#4015,1.);
#4015 = DIRECTION('',(-0.56172415158,0.827324590189));
#4016 = ( GEOMETRIC_REPRESENTATION_CONTEXT(2) 
PARAMETRIC_REPRESENTATION_CONTEXT() REPRESENTATION_CONTEXT('2D SPACE',''
  ) );
#4017 = PCURVE('',#4018,#4023);
#4018 = PLANE('',#4019);
#4019 = AXIS2_PLACEMENT_3D('',#4020,#4021,#4022);
#4020 = CARTESIAN_POINT('',(50.57412109375,-75.24912109375,
    -2.999989999987E-02));
#4021 = DIRECTION('',(1.,0.,0.));
#4022 = DIRECTION('',(0.,-1.,1.224646799147E-16));
#4023 = DEFINITIONAL_REPRESENTATION('',(#4024),#4028);
#4024 = LINE('',#4025,#4026);
#4025 = CARTESIAN_POINT('',(1.920623148525,-3.E-02));
#4026 = VECTOR('',#4027,1.);
#4027 = DIRECTION('',(1.,1.833214411319E-16));
#4028 = ( GEOMETRIC_REPRESENTATION_CONTEXT(2) 
PARAMETRIC_REPRESENTATION_CONTEXT() REPRESENTATION_CONTEXT('2D SPACE',''
  ) );
#4029 = ORIENTED_EDGE('',*,*,#4030,.T.);
#4030 = EDGE_CURVE('',#4003,#4031,#4033,.T.);
#4031 = VERTEX_POINT('',#4032);
#4032 = CARTESIAN_POINT('',(49.47978515625,-75.94228515625,
    1.000001272899E-07));
#4033 = SURFACE_CURVE('',#4034,(#4038,#4045),.PCURVE_S1.);
#4034 = LINE('',#4035,#4036);
#4035 = CARTESIAN_POINT('',(46.305538735769,-75.94228515625,
    1.000001272899E-07));
#4036 = VECTOR('',#4037,1.);
#4037 = DIRECTION('',(-1.,-5.047233537899E-33,-4.121378948945E-17));
#4038 = PCURVE('',#1770,#4039);
#4039 = DEFINITIONAL_REPRESENTATION('',(#4040),#4044);
#4040 = LINE('',#4041,#4042);
#4041 = CARTESIAN_POINT('',(5.299856972312,-0.206720041097));
#4042 = VECTOR('',#4043,1.);
#4043 = DIRECTION('',(-0.827324590189,-0.56172415158));
#4044 = ( GEOMETRIC_REPRESENTATION_CONTEXT(2) 
PARAMETRIC_REPRESENTATION_CONTEXT() REPRESENTATION_CONTEXT('2D SPACE',''
  ) );
#4045 = PCURVE('',#4046,#4051);
#4046 = PLANE('',#4047);
#4047 = AXIS2_PLACEMENT_3D('',#4048,#4049,#4050);
#4048 = CARTESIAN_POINT('',(50.57412109375,-75.94228515625,
    -2.999989999987E-02));
#4049 = DIRECTION('',(0.,-1.,1.224646799147E-16));
#4050 = DIRECTION('',(-1.,0.,0.));
#4051 = DEFINITIONAL_REPRESENTATION('',(#4052),#4056);
#4052 = LINE('',#4053,#4054);
#4053 = CARTESIAN_POINT('',(4.268582357981,-3.E-02));
#4054 = VECTOR('',#4055,1.);
#4055 = DIRECTION('',(1.,4.121378948945E-17));
#4056 = ( GEOMETRIC_REPRESENTATION_CONTEXT(2) 
PARAMETRIC_REPRESENTATION_CONTEXT() REPRESENTATION_CONTEXT('2D SPACE',''
  ) );
#4057 = ORIENTED_EDGE('',*,*,#4058,.T.);
#4058 = EDGE_CURVE('',#4031,#4059,#4061,.T.);
#4059 = VERTEX_POINT('',#4060);
#4060 = CARTESIAN_POINT('',(49.47978515625,-76.37900390625,
    1.000001272899E-07));
#4061 = SURFACE_CURVE('',#4062,(#4066,#4073),.PCURVE_S1.);
#4062 = LINE('',#4063,#4064);
#4063 = CARTESIAN_POINT('',(49.47978515625,-77.51632627352,
    1.000001272899E-07));
#4064 = VECTOR('',#4065,1.);
#4065 = DIRECTION('',(0.,-1.,-6.085676121721E-17));
#4066 = PCURVE('',#1770,#4067);
#4067 = DEFINITIONAL_REPRESENTATION('',(#4068),#4072);
#4068 = LINE('',#4069,#4070);
#4069 = CARTESIAN_POINT('',(7.041812180144,2.878573758643));
#4070 = VECTOR('',#4071,1.);
#4071 = DIRECTION('',(-0.56172415158,0.827324590189));
#4072 = ( GEOMETRIC_REPRESENTATION_CONTEXT(2) 
PARAMETRIC_REPRESENTATION_CONTEXT() REPRESENTATION_CONTEXT('2D SPACE',''
  ) );
#4073 = PCURVE('',#4074,#4079);
#4074 = PLANE('',#4075);
#4075 = AXIS2_PLACEMENT_3D('',#4076,#4077,#4078);
#4076 = CARTESIAN_POINT('',(49.47978515625,-75.94228515625,
    -2.999989999987E-02));
#4077 = DIRECTION('',(1.,0.,0.));
#4078 = DIRECTION('',(0.,-1.,1.224646799147E-16));
#4079 = DEFINITIONAL_REPRESENTATION('',(#4080),#4084);
#4080 = LINE('',#4081,#4082);
#4081 = CARTESIAN_POINT('',(1.574041117275,-3.E-02));
#4082 = VECTOR('',#4083,1.);
#4083 = DIRECTION('',(1.,1.833214411319E-16));
#4084 = ( GEOMETRIC_REPRESENTATION_CONTEXT(2) 
PARAMETRIC_REPRESENTATION_CONTEXT() REPRESENTATION_CONTEXT('2D SPACE',''
  ) );
#4085 = ORIENTED_EDGE('',*,*,#4086,.T.);
#4086 = EDGE_CURVE('',#4059,#4087,#4089,.T.);
#4087 = VERTEX_POINT('',#4088);
#4088 = CARTESIAN_POINT('',(51.05654296875,-76.38154296875,
    1.000001272899E-07));
#4089 = SURFACE_CURVE('',#4090,(#4094,#4101),.PCURVE_S1.);
#4090 = LINE('',#4091,#4092);
#4091 = CARTESIAN_POINT('',(45.760563473665,-76.37301482141,
    1.000001272899E-07));
#4092 = VECTOR('',#4093,1.);
#4093 = DIRECTION('',(0.99999870346,-1.610303870306E-03,
    4.111573817599E-17));
#4094 = PCURVE('',#1770,#4095);
#4095 = DEFINITIONAL_REPRESENTATION('',(#4096),#4100);
#4096 = LINE('',#4097,#4098);
#4097 = CARTESIAN_POINT('',(4.607034281203,-0.156492564119));
#4098 = VECTOR('',#4099,1.);
#4099 = DIRECTION('',(0.826418970955,0.563055667271));
#4100 = ( GEOMETRIC_REPRESENTATION_CONTEXT(2) 
PARAMETRIC_REPRESENTATION_CONTEXT() REPRESENTATION_CONTEXT('2D SPACE',''
  ) );
#4101 = PCURVE('',#4102,#4107);
#4102 = PLANE('',#4103);
#4103 = AXIS2_PLACEMENT_3D('',#4104,#4105,#4106);
#4104 = CARTESIAN_POINT('',(49.47978515625,-76.37900390625,
    -2.999989999987E-02));
#4105 = DIRECTION('',(1.610303870306E-03,0.99999870346,
    -1.224645211344E-16));
#4106 = DIRECTION('',(0.99999870346,-1.610303870306E-03,
    1.972053480425E-19));
#4107 = DEFINITIONAL_REPRESENTATION('',(#4108),#4112);
#4108 = LINE('',#4109,#4110);
#4109 = CARTESIAN_POINT('',(-3.719226504712,-3.E-02));
#4110 = VECTOR('',#4111,1.);
#4111 = DIRECTION('',(1.,-4.091853282795E-17));
#4112 = ( GEOMETRIC_REPRESENTATION_CONTEXT(2) 
PARAMETRIC_REPRESENTATION_CONTEXT() REPRESENTATION_CONTEXT('2D SPACE',''
  ) );
#4113 = ORIENTED_EDGE('',*,*,#4114,.T.);
#4114 = EDGE_CURVE('',#4087,#4115,#4117,.T.);
#4115 = VERTEX_POINT('',#4116);
#4116 = CARTESIAN_POINT('',(51.05654296875,-75.00029296875,
    1.000001290663E-07));
#4117 = SURFACE_CURVE('',#4118,(#4122,#4129),.PCURVE_S1.);
#4118 = LINE('',#4119,#4120);
#4119 = CARTESIAN_POINT('',(51.05654296875,-77.73595517977,
    1.000001272899E-07));
#4120 = VECTOR('',#4121,1.);
#4121 = DIRECTION('',(-0.,1.,6.085676121721E-17));
#4122 = PCURVE('',#1770,#4123);
#4123 = DEFINITIONAL_REPRESENTATION('',(#4124),#4128);
#4124 = LINE('',#4125,#4126);
#4125 = CARTESIAN_POINT('',(8.222931830173,3.945981097973));
#4126 = VECTOR('',#4127,1.);
#4127 = DIRECTION('',(0.56172415158,-0.827324590189));
#4128 = ( GEOMETRIC_REPRESENTATION_CONTEXT(2) 
PARAMETRIC_REPRESENTATION_CONTEXT() REPRESENTATION_CONTEXT('2D SPACE',''
  ) );
#4129 = PCURVE('',#4130,#4135);
#4130 = PLANE('',#4131);
#4131 = AXIS2_PLACEMENT_3D('',#4132,#4133,#4134);
#4132 = CARTESIAN_POINT('',(51.05654296875,-76.38154296875,
    -2.999989999987E-02));
#4133 = DIRECTION('',(-1.,0.,0.));
#4134 = DIRECTION('',(0.,1.,-1.224646799147E-16));
#4135 = DEFINITIONAL_REPRESENTATION('',(#4136),#4140);
#4136 = LINE('',#4137,#4138);
#4137 = CARTESIAN_POINT('',(-1.354412211025,-3.E-02));
#4138 = VECTOR('',#4139,1.);
#4139 = DIRECTION('',(1.,-1.833214411319E-16));
#4140 = ( GEOMETRIC_REPRESENTATION_CONTEXT(2) 
PARAMETRIC_REPRESENTATION_CONTEXT() REPRESENTATION_CONTEXT('2D SPACE',''
  ) );
#4141 = ORIENTED_EDGE('',*,*,#4142,.F.);
#4142 = EDGE_CURVE('',#4143,#4115,#4145,.T.);
#4143 = VERTEX_POINT('',#4144);
#4144 = CARTESIAN_POINT('',(50.30751953125,-74.56484375,
    1.000001290663E-07));
#4145 = SURFACE_CURVE('',#4146,(#4153,#4163),.PCURVE_S1.);
#4146 = B_SPLINE_CURVE_WITH_KNOTS('',5,(#4147,#4148,#4149,#4150,#4151,
    #4152),.UNSPECIFIED.,.F.,.F.,(6,6),(0.,1.),
  .PIECEWISE_BEZIER_KNOTS.);
#4147 = CARTESIAN_POINT('',(50.30751953125,-74.56484375,
    1.000001290663E-07));
#4148 = CARTESIAN_POINT('',(50.465355724536,-74.62455152048,
    1.000001290663E-07));
#4149 = CARTESIAN_POINT('',(50.619644945692,-74.69881785214,
    1.000001290663E-07));
#4150 = CARTESIAN_POINT('',(50.769789424934,-74.78694679983,
    1.000001290663E-07));
#4151 = CARTESIAN_POINT('',(50.915471075382,-74.88783006075,
    1.000001290663E-07));
#4152 = CARTESIAN_POINT('',(51.05654296875,-75.00029296875,
    1.000001290663E-07));
#4153 = PCURVE('',#1770,#4154);
#4154 = DEFINITIONAL_REPRESENTATION('',(#4155),#4162);
#4155 = B_SPLINE_CURVE_WITH_KNOTS('',5,(#4156,#4157,#4158,#4159,#4160,
    #4161),.UNSPECIFIED.,.F.,.F.,(6,6),(0.,1.),
  .PIECEWISE_BEZIER_KNOTS.);
#4156 = CARTESIAN_POINT('',(9.384536199156,0.901698078947));
#4157 = CARTESIAN_POINT('',(9.481578666364,1.039756187458));
#4158 = CARTESIAN_POINT('',(9.567508740887,1.187866531711));
#4159 = CARTESIAN_POINT('',(9.642222802272,1.345117557463));
#4160 = CARTESIAN_POINT('',(9.706080249882,1.510413661455));
#4161 = CARTESIAN_POINT('',(9.75961936467,1.68270048034));
#4162 = ( GEOMETRIC_REPRESENTATION_CONTEXT(2) 
PARAMETRIC_REPRESENTATION_CONTEXT() REPRESENTATION_CONTEXT('2D SPACE',''
  ) );
#4163 = PCURVE('',#4164,#4171);
#4164 = SURFACE_OF_LINEAR_EXTRUSION('',#4165,#4169);
#4165 = B_SPLINE_CURVE_WITH_KNOTS('',2,(#4166,#4167,#4168),
  .UNSPECIFIED.,.F.,.F.,(3,3),(0.,1.),.PIECEWISE_BEZIER_KNOTS.);
#4166 = CARTESIAN_POINT('',(51.05654296875,-75.00029296875,
    -2.999989999987E-02));
#4167 = CARTESIAN_POINT('',(50.69345703125,-74.71083984375,
    -2.999989999987E-02));
#4168 = CARTESIAN_POINT('',(50.30751953125,-74.56484375,
    -2.999989999987E-02));
#4169 = VECTOR('',#4170,1.);
#4170 = DIRECTION('',(0.,-1.224646799147E-16,-1.));
#4171 = DEFINITIONAL_REPRESENTATION('',(#4172),#4179);
#4172 = B_SPLINE_CURVE_WITH_KNOTS('',5,(#4173,#4174,#4175,#4176,#4177,
    #4178),.UNSPECIFIED.,.F.,.F.,(6,6),(0.,1.),
  .PIECEWISE_BEZIER_KNOTS.);
#4173 = CARTESIAN_POINT('',(1.,-3.E-02));
#4174 = CARTESIAN_POINT('',(0.795515862949,-3.E-02));
#4175 = CARTESIAN_POINT('',(0.592532127597,-3.E-02));
#4176 = CARTESIAN_POINT('',(0.391914678021,-3.E-02));
#4177 = CARTESIAN_POINT('',(0.194267911254,-3.E-02));
#4178 = CARTESIAN_POINT('',(0.,-3.E-02));
#4179 = ( GEOMETRIC_REPRESENTATION_CONTEXT(2) 
PARAMETRIC_REPRESENTATION_CONTEXT() REPRESENTATION_CONTEXT('2D SPACE',''
  ) );
#4180 = ORIENTED_EDGE('',*,*,#4181,.F.);
#4181 = EDGE_CURVE('',#4182,#4143,#4184,.T.);
#4182 = VERTEX_POINT('',#4183);
#4183 = CARTESIAN_POINT('',(49.51533203125,-74.41884765625,
    1.000001290663E-07));
#4184 = SURFACE_CURVE('',#4185,(#4196,#4210),.PCURVE_S1.);
#4185 = B_SPLINE_CURVE_WITH_KNOTS('',5,(#4186,#4187,#4188,#4189,#4190,
    #4191,#4192,#4193,#4194,#4195),.UNSPECIFIED.,.F.,.F.,(6,4,6),(0.,
    0.380503034281,1.),.UNSPECIFIED.);
#4186 = CARTESIAN_POINT('',(49.51533203125,-74.41884765625,
    1.000001290663E-07));
#4187 = CARTESIAN_POINT('',(49.577088175703,-74.41884765625,
    1.000001290663E-07));
#4188 = CARTESIAN_POINT('',(49.638667761157,-74.42095622086,
    1.000001290663E-07));
#4189 = CARTESIAN_POINT('',(49.700030395683,-74.42518945898,
    1.000001290663E-07));
#4190 = CARTESIAN_POINT('',(49.761136228194,-74.43155272028,
    1.000001290663E-07));
#4191 = CARTESIAN_POINT('',(49.920950250068,-74.45385970384,
    1.000001290663E-07));
#4192 = CARTESIAN_POINT('',(50.019171515096,-74.47331069734,
    1.000001290663E-07));
#4193 = CARTESIAN_POINT('',(50.11643733848,-74.49836969385,
    1.000001290663E-07));
#4194 = CARTESIAN_POINT('',(50.212597123934,-74.52893560249,
    1.000001290663E-07));
#4195 = CARTESIAN_POINT('',(50.30751953125,-74.56484375,
    1.000001290663E-07));
#4196 = PCURVE('',#1770,#4197);
#4197 = DEFINITIONAL_REPRESENTATION('',(#4198),#4209);
#4198 = B_SPLINE_CURVE_WITH_KNOTS('',5,(#4199,#4200,#4201,#4202,#4203,
    #4204,#4205,#4206,#4207,#4208),.UNSPECIFIED.,.F.,.F.,(6,4,6),(0.,
    0.380503034281,1.),.UNSPECIFIED.);
#4199 = CARTESIAN_POINT('',(8.811149532261,0.335921069186));
#4200 = CARTESIAN_POINT('',(8.862241909162,0.370610987034));
#4201 = CARTESIAN_POINT('',(8.912003782793,0.406946194783));
#4202 = CARTESIAN_POINT('',(8.960392687164,0.444917330594));
#4203 = CARTESIAN_POINT('',(9.007372647449,0.484506435064));
#4204 = CARTESIAN_POINT('',(9.127060346187,0.592732946947));
#4205 = CARTESIAN_POINT('',(9.197395121203,0.663998488937));
#4206 = CARTESIAN_POINT('',(9.263789285123,0.739366975069));
#4207 = CARTESIAN_POINT('',(9.326175031115,0.818670176813));
#4208 = CARTESIAN_POINT('',(9.384536199156,0.901698078947));
#4209 = ( GEOMETRIC_REPRESENTATION_CONTEXT(2) 
PARAMETRIC_REPRESENTATION_CONTEXT() REPRESENTATION_CONTEXT('2D SPACE',''
  ) );
#4210 = PCURVE('',#4211,#4218);
#4211 = SURFACE_OF_LINEAR_EXTRUSION('',#4212,#4216);
#4212 = B_SPLINE_CURVE_WITH_KNOTS('',2,(#4213,#4214,#4215),
  .UNSPECIFIED.,.F.,.F.,(3,3),(0.,1.),.PIECEWISE_BEZIER_KNOTS.);
#4213 = CARTESIAN_POINT('',(50.30751953125,-74.56484375,
    -2.999989999987E-02));
#4214 = CARTESIAN_POINT('',(49.92158203125,-74.41884765625,
    -2.999989999987E-02));
#4215 = CARTESIAN_POINT('',(49.51533203125,-74.41884765625,
    -2.999989999987E-02));
#4216 = VECTOR('',#4217,1.);
#4217 = DIRECTION('',(0.,-1.224646799147E-16,-1.));
#4218 = DEFINITIONAL_REPRESENTATION('',(#4219),#4230);
#4219 = B_SPLINE_CURVE_WITH_KNOTS('',5,(#4220,#4221,#4222,#4223,#4224,
    #4225,#4226,#4227,#4228,#4229),.UNSPECIFIED.,.F.,.F.,(6,4,6),(0.,
    0.380503034281,1.),.UNSPECIFIED.);
#4220 = CARTESIAN_POINT('',(1.,-3.E-02));
#4221 = CARTESIAN_POINT('',(0.923992437596,-3.E-02));
#4222 = CARTESIAN_POINT('',(0.847841113331,-3.E-02));
#4223 = CARTESIAN_POINT('',(0.771592981901,-3.E-02));
#4224 = CARTESIAN_POINT('',(0.695296174737,-3.E-02));
#4225 = CARTESIAN_POINT('',(0.494782202803,-3.E-02));
#4226 = CARTESIAN_POINT('',(0.370563753314,-3.E-02));
#4227 = CARTESIAN_POINT('',(0.24656093182,-3.E-02));
#4228 = CARTESIAN_POINT('',(0.122976398142,-3.E-02));
#4229 = CARTESIAN_POINT('',(0.,-3.E-02));
#4230 = ( GEOMETRIC_REPRESENTATION_CONTEXT(2) 
PARAMETRIC_REPRESENTATION_CONTEXT() REPRESENTATION_CONTEXT('2D SPACE',''
  ) );
#4231 = ORIENTED_EDGE('',*,*,#4232,.F.);
#4232 = EDGE_CURVE('',#4233,#4182,#4235,.T.);
#4233 = VERTEX_POINT('',#4234);
#4234 = CARTESIAN_POINT('',(48.51875,-74.6537109375,1.000001290663E-07)
  );
#4235 = SURFACE_CURVE('',#4236,(#4247,#4261),.PCURVE_S1.);
#4236 = B_SPLINE_CURVE_WITH_KNOTS('',5,(#4237,#4238,#4239,#4240,#4241,
    #4242,#4243,#4244,#4245,#4246),.UNSPECIFIED.,.F.,.F.,(6,4,6),(0.,
    0.154109250103,1.),.UNSPECIFIED.);
#4237 = CARTESIAN_POINT('',(48.51875,-74.6537109375,1.000001290663E-07)
  );
#4238 = CARTESIAN_POINT('',(48.546684782824,-74.63907089551,
    1.000001290663E-07));
#4239 = CARTESIAN_POINT('',(48.574885106366,-74.62498969198,
    1.000001290663E-07));
#4240 = CARTESIAN_POINT('',(48.603344513712,-74.61147291685,
    1.000001290663E-07));
#4241 = CARTESIAN_POINT('',(48.632055962205,-74.59852500305,
    1.000001290663E-07));
#4242 = CARTESIAN_POINT('',(48.819947741664,-74.51821978784,
    1.000001290663E-07));
#4243 = CARTESIAN_POINT('',(48.98628288621,-74.4675128231,
    1.000001290663E-07));
#4244 = CARTESIAN_POINT('',(49.158642884327,-74.43463325208,
    1.000001290663E-07));
#4245 = CARTESIAN_POINT('',(49.33548474714,-74.41884765625,
    1.000001290663E-07));
#4246 = CARTESIAN_POINT('',(49.51533203125,-74.41884765625,
    1.000001290663E-07));
#4247 = PCURVE('',#1770,#4248);
#4248 = DEFINITIONAL_REPRESENTATION('',(#4249),#4260);
#4249 = B_SPLINE_CURVE_WITH_KNOTS('',5,(#4250,#4251,#4252,#4253,#4254,
    #4255,#4256,#4257,#4258,#4259),.UNSPECIFIED.,.F.,.F.,(6,4,6),(0.,
    0.154109250103,1.),.UNSPECIFIED.);
#4250 = CARTESIAN_POINT('',(7.854724334269,-2.957495888639E-02));
#4251 = CARTESIAN_POINT('',(7.886059132187,-2.599538344467E-02));
#4252 = CARTESIAN_POINT('',(7.917299705406,-2.180430656145E-02));
#4253 = CARTESIAN_POINT('',(7.948437571969,-1.700073056176E-02));
#4254 = CARTESIAN_POINT('',(7.979464415219,-1.158494399351E-02));
#4255 = CARTESIAN_POINT('',(8.180021283547,2.751992714076E-02));
#4256 = CARTESIAN_POINT('',(8.346117765586,7.900327627277E-02));
#4257 = CARTESIAN_POINT('',(8.507184679533,0.148619972354));
#4258 = CARTESIAN_POINT('',(8.662357451638,0.234896506106));
#4259 = CARTESIAN_POINT('',(8.811149532261,0.335921069186));
#4260 = ( GEOMETRIC_REPRESENTATION_CONTEXT(2) 
PARAMETRIC_REPRESENTATION_CONTEXT() REPRESENTATION_CONTEXT('2D SPACE',''
  ) );
#4261 = PCURVE('',#4262,#4269);
#4262 = SURFACE_OF_LINEAR_EXTRUSION('',#4263,#4267);
#4263 = B_SPLINE_CURVE_WITH_KNOTS('',2,(#4264,#4265,#4266),
  .UNSPECIFIED.,.F.,.F.,(3,3),(0.,1.),.PIECEWISE_BEZIER_KNOTS.);
#4264 = CARTESIAN_POINT('',(49.51533203125,-74.41884765625,
    -2.999989999987E-02));
#4265 = CARTESIAN_POINT('',(48.96689453125,-74.41884765625,
    -2.999989999987E-02));
#4266 = CARTESIAN_POINT('',(48.51875,-74.6537109375,-2.999989999987E-02)
  );
#4267 = VECTOR('',#4268,1.);
#4268 = DIRECTION('',(0.,-1.224646799147E-16,-1.));
#4269 = DEFINITIONAL_REPRESENTATION('',(#4270),#4281);
#4270 = B_SPLINE_CURVE_WITH_KNOTS('',5,(#4271,#4272,#4273,#4274,#4275,
    #4276,#4277,#4278,#4279,#4280),.UNSPECIFIED.,.F.,.F.,(6,4,6),(0.,
    0.154109250103,1.),.UNSPECIFIED.);
#4271 = CARTESIAN_POINT('',(1.,-3.E-02));
#4272 = CARTESIAN_POINT('',(0.968832842001,-3.E-02));
#4273 = CARTESIAN_POINT('',(0.937641158337,-3.E-02));
#4274 = CARTESIAN_POINT('',(0.906433011879,-3.E-02));
#4275 = CARTESIAN_POINT('',(0.875216549085,-3.E-02));
#4276 = CARTESIAN_POINT('',(0.672655385078,-3.E-02));
#4277 = CARTESIAN_POINT('',(0.50126995926,-3.E-02));
#4278 = CARTESIAN_POINT('',(0.331332214683,-3.E-02));
#4279 = CARTESIAN_POINT('',(0.163963335941,-3.E-02));
#4280 = CARTESIAN_POINT('',(0.,-3.E-02));
#4281 = ( GEOMETRIC_REPRESENTATION_CONTEXT(2) 
PARAMETRIC_REPRESENTATION_CONTEXT() REPRESENTATION_CONTEXT('2D SPACE',''
  ) );
#4282 = ORIENTED_EDGE('',*,*,#4283,.F.);
#4283 = EDGE_CURVE('',#4284,#4233,#4286,.T.);
#4284 = VERTEX_POINT('',#4285);
#4285 = CARTESIAN_POINT('',(47.84208984375,-75.33291015625,
    1.000001290663E-07));
#4286 = SURFACE_CURVE('',#4287,(#4298,#4312),.PCURVE_S1.);
#4287 = B_SPLINE_CURVE_WITH_KNOTS('',5,(#4288,#4289,#4290,#4291,#4292,
    #4293,#4294,#4295,#4296,#4297),.UNSPECIFIED.,.F.,.F.,(6,4,6),(0.,
    0.465462200496,1.),.UNSPECIFIED.);
#4288 = CARTESIAN_POINT('',(47.84208984375,-75.33291015625,
    1.000001290663E-07));
#4289 = CARTESIAN_POINT('',(47.884112190103,-75.25120003834,
    1.000001290663E-07));
#4290 = CARTESIAN_POINT('',(47.931193822054,-75.17310562724,
    1.000001290663E-07));
#4291 = CARTESIAN_POINT('',(47.983397239595,-75.09904006984,
    1.000001290663E-07));
#4292 = CARTESIAN_POINT('',(48.0406632002,-75.02935069184,
    1.000001290663E-07));
#4293 = CARTESIAN_POINT('',(48.174072402386,-74.88954689008,
    1.000001290663E-07));
#4294 = CARTESIAN_POINT('',(48.251767395614,-74.82089213156,
    1.000001290663E-07));
#4295 = CARTESIAN_POINT('',(48.335494313366,-74.75868515785,
    1.000001290663E-07));
#4296 = CARTESIAN_POINT('',(48.424704940136,-74.70299800853,
    1.000001290663E-07));
#4297 = CARTESIAN_POINT('',(48.51875,-74.6537109375,1.000001290663E-07)
  );
#4298 = PCURVE('',#1770,#4299);
#4299 = DEFINITIONAL_REPRESENTATION('',(#4300),#4311);
#4300 = B_SPLINE_CURVE_WITH_KNOTS('',5,(#4301,#4302,#4303,#4304,#4305,
    #4306,#4307,#4308,#4309,#4310),.UNSPECIFIED.,.F.,.F.,(6,4,6),(0.,
    0.465462200496,1.),.UNSPECIFIED.);
#4301 = CARTESIAN_POINT('',(6.913384142896,0.152246904246));
#4302 = CARTESIAN_POINT('',(6.99404881003,0.108251081285));
#4303 = CARTESIAN_POINT('',(7.076868118704,7.008854439243E-02));
#4304 = CARTESIAN_POINT('',(7.161661702119,3.813620789825E-02));
#4305 = CARTESIAN_POINT('',(7.248185446239,1.264814494002E-02));
#4306 = CARTESIAN_POINT('',(7.4370893317,-2.807580715324E-02));
#4307 = CARTESIAN_POINT('',(7.539933346113,-4.123242295624E-02));
#4308 = CARTESIAN_POINT('',(7.644145843559,-4.566635014764E-02));
#4309 = CARTESIAN_POINT('',(7.749232805498,-4.16259345043E-02));
#4310 = CARTESIAN_POINT('',(7.854724334269,-2.957495888639E-02));
#4311 = ( GEOMETRIC_REPRESENTATION_CONTEXT(2) 
PARAMETRIC_REPRESENTATION_CONTEXT() REPRESENTATION_CONTEXT('2D SPACE',''
  ) );
#4312 = PCURVE('',#4313,#4320);
#4313 = SURFACE_OF_LINEAR_EXTRUSION('',#4314,#4318);
#4314 = B_SPLINE_CURVE_WITH_KNOTS('',2,(#4315,#4316,#4317),
  .UNSPECIFIED.,.F.,.F.,(3,3),(0.,1.),.PIECEWISE_BEZIER_KNOTS.);
#4315 = CARTESIAN_POINT('',(48.51875,-74.6537109375,-2.999989999987E-02)
  );
#4316 = CARTESIAN_POINT('',(48.07060546875,-74.88857421875,
    -2.999989999987E-02));
#4317 = CARTESIAN_POINT('',(47.84208984375,-75.33291015625,
    -2.999989999987E-02));
#4318 = VECTOR('',#4319,1.);
#4319 = DIRECTION('',(0.,-1.224646799147E-16,-1.));
#4320 = DEFINITIONAL_REPRESENTATION('',(#4321),#4332);
#4321 = B_SPLINE_CURVE_WITH_KNOTS('',5,(#4322,#4323,#4324,#4325,#4326,
    #4327,#4328,#4329,#4330,#4331),.UNSPECIFIED.,.F.,.F.,(6,4,6),(0.,
    0.465462200496,1.),.UNSPECIFIED.);
#4322 = CARTESIAN_POINT('',(1.,-3.E-02));
#4323 = CARTESIAN_POINT('',(0.908053669518,-3.E-02));
#4324 = CARTESIAN_POINT('',(0.81519411849,-3.E-02));
#4325 = CARTESIAN_POINT('',(0.721688254215,-3.E-02));
#4326 = CARTESIAN_POINT('',(0.627840952298,-3.E-02));
#4327 = CARTESIAN_POINT('',(0.426232847069,-3.E-02));
#4328 = CARTESIAN_POINT('',(0.318456696048,-3.E-02));
#4329 = CARTESIAN_POINT('',(0.211205087995,-3.E-02));
#4330 = CARTESIAN_POINT('',(0.104927153302,-3.E-02));
#4331 = CARTESIAN_POINT('',(0.,-3.E-02));
#4332 = ( GEOMETRIC_REPRESENTATION_CONTEXT(2) 
PARAMETRIC_REPRESENTATION_CONTEXT() REPRESENTATION_CONTEXT('2D SPACE',''
  ) );
#4333 = ORIENTED_EDGE('',*,*,#4334,.F.);
#4334 = EDGE_CURVE('',#4335,#4284,#4337,.T.);
#4335 = VERTEX_POINT('',#4336);
#4336 = CARTESIAN_POINT('',(47.61357421875,-76.32568359375,
    1.000001272899E-07));
#4337 = SURFACE_CURVE('',#4338,(#4353,#4371),.PCURVE_S1.);
#4338 = B_SPLINE_CURVE_WITH_KNOTS('',5,(#4339,#4340,#4341,#4342,#4343,
    #4344,#4345,#4346,#4347,#4348,#4349,#4350,#4351,#4352),
  .UNSPECIFIED.,.F.,.F.,(6,4,4,6),(0.,0.460371002283,0.907409121574,1.),
  .UNSPECIFIED.);
#4339 = CARTESIAN_POINT('',(47.61357421875,-76.32568359375,
    1.000001272899E-07));
#4340 = CARTESIAN_POINT('',(47.61357421875,-76.22806461122,
    1.000001272899E-07));
#4341 = CARTESIAN_POINT('',(47.618099175347,-76.13137974163,
    1.000001272899E-07));
#4342 = CARTESIAN_POINT('',(47.627357810556,-76.03584290784,
    1.000001272899E-07));
#4343 = CARTESIAN_POINT('',(47.641520879996,-75.94168857137,
    1.000001272899E-07));
#4344 = CARTESIAN_POINT('',(47.679274286482,-75.75930986622,
    1.000001272899E-07));
#4345 = CARTESIAN_POINT('',(47.702580352063,-75.67098941527,
    1.000001272899E-07));
#4346 = CARTESIAN_POINT('',(47.730672259743,-75.58442339356,
    1.000001272899E-07));
#4347 = CARTESIAN_POINT('',(47.763556493065,-75.49982043912,
    1.000001290663E-07));
#4348 = CARTESIAN_POINT('',(47.808934066648,-75.40028695193,
    1.000001290663E-07));
#4349 = CARTESIAN_POINT('',(47.81692204315,-75.38330079709,
    1.000001290663E-07));
#4350 = CARTESIAN_POINT('',(47.82511127244,-75.36640828052,
    1.000001290663E-07));
#4351 = CARTESIAN_POINT('',(47.833500879916,-75.34961091926,
    1.000001290663E-07));
#4352 = CARTESIAN_POINT('',(47.84208984375,-75.33291015625,
    1.000001290663E-07));
#4353 = PCURVE('',#1770,#4354);
#4354 = DEFINITIONAL_REPRESENTATION('',(#4355),#4370);
#4355 = B_SPLINE_CURVE_WITH_KNOTS('',5,(#4356,#4357,#4358,#4359,#4360,
    #4361,#4362,#4363,#4364,#4365,#4366,#4367,#4368,#4369),
  .UNSPECIFIED.,.F.,.F.,(6,4,4,6),(0.,0.460371002283,0.907409121574,1.),
  .UNSPECIFIED.);
#4356 = CARTESIAN_POINT('',(6.166662730201,0.845230036001));
#4357 = CARTESIAN_POINT('',(6.221497670336,0.764467451291));
#4358 = CARTESIAN_POINT('',(6.279551504541,0.687019458583));
#4359 = CARTESIAN_POINT('',(6.340876748026,0.613180285728));
#4360 = CARTESIAN_POINT('',(6.405482968417,0.543239826058));
#4361 = CARTESIAN_POINT('',(6.539163813385,0.413560438785));
#4362 = CARTESIAN_POINT('',(6.608057224919,0.35358233781));
#4363 = CARTESIAN_POINT('',(6.679924576024,0.297744042391));
#4364 = CARTESIAN_POINT('',(6.754654033685,0.246221805842));
#4365 = CARTESIAN_POINT('',(6.8481063798,0.189364983363));
#4366 = CARTESIAN_POINT('',(6.864256562601,0.179798959097));
#4367 = CARTESIAN_POINT('',(6.880520647907,0.170423452621));
#4368 = CARTESIAN_POINT('',(6.896897059979,0.161239227737));
#4369 = CARTESIAN_POINT('',(6.913384142896,0.152246904246));
#4370 = ( GEOMETRIC_REPRESENTATION_CONTEXT(2) 
PARAMETRIC_REPRESENTATION_CONTEXT() REPRESENTATION_CONTEXT('2D SPACE',''
  ) );
#4371 = PCURVE('',#4372,#4379);
#4372 = SURFACE_OF_LINEAR_EXTRUSION('',#4373,#4377);
#4373 = B_SPLINE_CURVE_WITH_KNOTS('',2,(#4374,#4375,#4376),
  .UNSPECIFIED.,.F.,.F.,(3,3),(0.,1.),.PIECEWISE_BEZIER_KNOTS.);
#4374 = CARTESIAN_POINT('',(47.84208984375,-75.33291015625,
    -2.999989999987E-02));
#4375 = CARTESIAN_POINT('',(47.61357421875,-75.77724609375,
    -2.999989999987E-02));
#4376 = CARTESIAN_POINT('',(47.61357421875,-76.32568359375,
    -2.999989999987E-02));
#4377 = VECTOR('',#4378,1.);
#4378 = DIRECTION('',(0.,-1.224646799147E-16,-1.));
#4379 = DEFINITIONAL_REPRESENTATION('',(#4380),#4395);
#4380 = B_SPLINE_CURVE_WITH_KNOTS('',5,(#4381,#4382,#4383,#4384,#4385,
    #4386,#4387,#4388,#4389,#4390,#4391,#4392,#4393,#4394),
  .UNSPECIFIED.,.F.,.F.,(6,4,4,6),(0.,0.460371002283,0.907409121574,1.),
  .UNSPECIFIED.);
#4381 = CARTESIAN_POINT('',(1.,-3.E-02));
#4382 = CARTESIAN_POINT('',(0.911002637017,-3.E-02));
#4383 = CARTESIAN_POINT('',(0.820977576085,-3.E-02));
#4384 = CARTESIAN_POINT('',(0.730033159908,-3.E-02));
#4385 = CARTESIAN_POINT('',(0.638312224124,-3.E-02));
#4386 = CARTESIAN_POINT('',(0.456361245918,-3.E-02));
#4387 = CARTESIAN_POINT('',(0.366161671121,-3.E-02));
#4388 = CARTESIAN_POINT('',(0.2755739138,-3.E-02));
#4389 = CARTESIAN_POINT('',(0.184785492494,-3.E-02));
#4390 = CARTESIAN_POINT('',(7.519643910529E-02,-3.E-02));
#4391 = CARTESIAN_POINT('',(5.639290915866E-02,-3.E-02));
#4392 = CARTESIAN_POINT('',(3.759116286052E-02,-3.E-02));
#4393 = CARTESIAN_POINT('',(1.8792946509E-02,-3.E-02));
#4394 = CARTESIAN_POINT('',(0.,-3.E-02));
#4395 = ( GEOMETRIC_REPRESENTATION_CONTEXT(2) 
PARAMETRIC_REPRESENTATION_CONTEXT() REPRESENTATION_CONTEXT('2D SPACE',''
  ) );
#4396 = ORIENTED_EDGE('',*,*,#4397,.F.);
#4397 = EDGE_CURVE('',#4398,#4335,#4400,.T.);
#4398 = VERTEX_POINT('',#4399);
#4399 = CARTESIAN_POINT('',(47.8408203125,-77.3400390625,
    1.000001272899E-07));
#4400 = SURFACE_CURVE('',#4401,(#4412,#4426),.PCURVE_S1.);
#4401 = B_SPLINE_CURVE_WITH_KNOTS('',5,(#4402,#4403,#4404,#4405,#4406,
    #4407,#4408,#4409,#4410,#4411),.UNSPECIFIED.,.F.,.F.,(6,4,6),(0.,
    0.306537412517,1.),.UNSPECIFIED.);
#4402 = CARTESIAN_POINT('',(47.8408203125,-77.3400390625,
    1.000001272899E-07));
#4403 = CARTESIAN_POINT('',(47.812920340525,-77.2822128636,
    1.000001272899E-07));
#4404 = CARTESIAN_POINT('',(47.787089238457,-77.22355587012,
    1.000001272899E-07));
#4405 = CARTESIAN_POINT('',(47.763372535655,-77.16410895345,
    1.000001272899E-07));
#4406 = CARTESIAN_POINT('',(47.741801710859,-77.10391937744,
    1.000001272899E-07));
#4407 = CARTESIAN_POINT('',(47.678489639057,-76.90531856552,
    1.000001272899E-07));
#4408 = CARTESIAN_POINT('',(47.645651698622,-76.76405695355,
    1.000001272899E-07));
#4409 = CARTESIAN_POINT('',(47.624093200806,-76.61990726026,
    1.000001272899E-07));
#4410 = CARTESIAN_POINT('',(47.61357421875,-76.473555612,
    1.000001272899E-07));
#4411 = CARTESIAN_POINT('',(47.61357421875,-76.32568359375,
    1.000001272899E-07));
#4412 = PCURVE('',#1770,#4413);
#4413 = DEFINITIONAL_REPRESENTATION('',(#4414),#4425);
#4414 = B_SPLINE_CURVE_WITH_KNOTS('',5,(#4415,#4416,#4417,#4418,#4419,
    #4420,#4421,#4422,#4423,#4424),.UNSPECIFIED.,.F.,.F.,(6,4,6),(0.,
    0.306537412517,1.),.UNSPECIFIED.);
#4415 = CARTESIAN_POINT('',(5.784881046501,1.812080877702));
#4416 = CARTESIAN_POINT('',(5.794281086136,1.74856775331));
#4417 = CARTESIAN_POINT('',(5.805859430098,1.685529426326));
#4418 = CARTESIAN_POINT('',(5.819630787503,1.623025285593));
#4419 = CARTESIAN_POINT('',(5.835594652234,1.561112116034));
#4420 = CARTESIAN_POINT('',(5.894773890957,1.36124086088));
#4421 = CARTESIAN_POINT('',(5.946956314477,1.225925791421));
#4422 = CARTESIAN_POINT('',(6.01009280327,1.094557276597));
#4423 = CARTESIAN_POINT('',(6.083599446203,0.967568192906));
#4424 = CARTESIAN_POINT('',(6.166662730201,0.845230036001));
#4425 = ( GEOMETRIC_REPRESENTATION_CONTEXT(2) 
PARAMETRIC_REPRESENTATION_CONTEXT() REPRESENTATION_CONTEXT('2D SPACE',''
  ) );
#4426 = PCURVE('',#4427,#4434);
#4427 = SURFACE_OF_LINEAR_EXTRUSION('',#4428,#4432);
#4428 = B_SPLINE_CURVE_WITH_KNOTS('',2,(#4429,#4430,#4431),
  .UNSPECIFIED.,.F.,.F.,(3,3),(0.,1.),.PIECEWISE_BEZIER_KNOTS.);
#4429 = CARTESIAN_POINT('',(47.61357421875,-76.32568359375,
    -2.999989999987E-02));
#4430 = CARTESIAN_POINT('',(47.61357421875,-76.86904296875,
    -2.999989999987E-02));
#4431 = CARTESIAN_POINT('',(47.8408203125,-77.3400390625,
    -2.999989999987E-02));
#4432 = VECTOR('',#4433,1.);
#4433 = DIRECTION('',(0.,-1.224646799147E-16,-1.));
#4434 = DEFINITIONAL_REPRESENTATION('',(#4435),#4446);
#4435 = B_SPLINE_CURVE_WITH_KNOTS('',5,(#4436,#4437,#4438,#4439,#4440,
    #4441,#4442,#4443,#4444,#4445),.UNSPECIFIED.,.F.,.F.,(6,4,6),(0.,
    0.306537412517,1.),.UNSPECIFIED.);
#4436 = CARTESIAN_POINT('',(1.,-3.E-02));
#4437 = CARTESIAN_POINT('',(0.93861286785,-3.E-02));
#4438 = CARTESIAN_POINT('',(0.877067468043,-3.E-02));
#4439 = CARTESIAN_POINT('',(0.815414751723,-3.E-02));
#4440 = CARTESIAN_POINT('',(0.753707435209,-3.E-02));
#4441 = CARTESIAN_POINT('',(0.55240269168,-3.E-02));
#4442 = CARTESIAN_POINT('',(0.412791236283,-3.E-02));
#4443 = CARTESIAN_POINT('',(0.273827323308,-3.E-02));
#4444 = CARTESIAN_POINT('',(0.136072022552,-3.E-02));
#4445 = CARTESIAN_POINT('',(0.,-3.E-02));
#4446 = ( GEOMETRIC_REPRESENTATION_CONTEXT(2) 
PARAMETRIC_REPRESENTATION_CONTEXT() REPRESENTATION_CONTEXT('2D SPACE',''
  ) );
#4447 = ORIENTED_EDGE('',*,*,#4448,.F.);
#4448 = EDGE_CURVE('',#4449,#4398,#4451,.T.);
#4449 = VERTEX_POINT('',#4450);
#4450 = CARTESIAN_POINT('',(48.49462890625,-78.03955078125,
    1.000001272899E-07));
#4451 = SURFACE_CURVE('',#4452,(#4463,#4477),.PCURVE_S1.);
#4452 = B_SPLINE_CURVE_WITH_KNOTS('',5,(#4453,#4454,#4455,#4456,#4457,
    #4458,#4459,#4460,#4461,#4462),.UNSPECIFIED.,.F.,.F.,(6,4,6),(0.,
    0.297203190814,1.),.UNSPECIFIED.);
#4453 = CARTESIAN_POINT('',(48.49462890625,-78.03955078125,
    1.000001272899E-07));
#4454 = CARTESIAN_POINT('',(48.443756069692,-78.01229747595,
    1.000001272899E-07));
#4455 = CARTESIAN_POINT('',(48.394422265378,-77.9827641976,
    1.000001272899E-07));
#4456 = CARTESIAN_POINT('',(48.346733679743,-77.95094969633,
    1.000001272899E-07));
#4457 = CARTESIAN_POINT('',(48.300779093734,-77.91688194998,
    1.000001272899E-07));
#4458 = CARTESIAN_POINT('',(48.15223018078,-77.79486513778,
    1.000001272899E-07));
#4459 = CARTESIAN_POINT('',(48.057895464805,-77.69680888433,
    1.000001272899E-07));
#4460 = CARTESIAN_POINT('',(47.974644829098,-77.58726699449,
    1.000001272899E-07));
#4461 = CARTESIAN_POINT('',(47.902452054256,-77.46777859429,
    1.000001272899E-07));
#4462 = CARTESIAN_POINT('',(47.8408203125,-77.3400390625,
    1.000001272899E-07));
#4463 = PCURVE('',#1770,#4464);
#4464 = DEFINITIONAL_REPRESENTATION('',(#4465),#4476);
#4465 = B_SPLINE_CURVE_WITH_KNOTS('',5,(#4466,#4467,#4468,#4469,#4470,
    #4471,#4472,#4473,#4474,#4475),.UNSPECIFIED.,.F.,.F.,(6,4,6),(0.,
    0.297203190814,1.),.UNSPECIFIED.);
#4466 = CARTESIAN_POINT('',(5.932860346653,2.758064201369));
#4467 = CARTESIAN_POINT('',(5.906080837792,2.706940370777));
#4468 = CARTESIAN_POINT('',(5.881855324081,2.654794773997));
#4469 = CARTESIAN_POINT('',(5.860272358245,2.601686024468));
#4470 = CARTESIAN_POINT('',(5.841389675125,2.547687139341));
#4471 = CARTESIAN_POINT('',(5.787031296903,2.363296118096));
#4472 = CARTESIAN_POINT('',(5.764066432443,2.229181680101));
#4473 = CARTESIAN_POINT('',(5.756723459508,2.091791088267));
#4474 = CARTESIAN_POINT('',(5.764116121871,1.952382971345));
#4475 = CARTESIAN_POINT('',(5.784881046501,1.812080877702));
#4476 = ( GEOMETRIC_REPRESENTATION_CONTEXT(2) 
PARAMETRIC_REPRESENTATION_CONTEXT() REPRESENTATION_CONTEXT('2D SPACE',''
  ) );
#4477 = PCURVE('',#4478,#4485);
#4478 = SURFACE_OF_LINEAR_EXTRUSION('',#4479,#4483);
#4479 = B_SPLINE_CURVE_WITH_KNOTS('',2,(#4480,#4481,#4482),
  .UNSPECIFIED.,.F.,.F.,(3,3),(0.,1.),.PIECEWISE_BEZIER_KNOTS.);
#4480 = CARTESIAN_POINT('',(47.8408203125,-77.3400390625,
    -2.999989999987E-02));
#4481 = CARTESIAN_POINT('',(48.06806640625,-77.81103515625,
    -2.999989999987E-02));
#4482 = CARTESIAN_POINT('',(48.49462890625,-78.03955078125,
    -2.999989999987E-02));
#4483 = VECTOR('',#4484,1.);
#4484 = DIRECTION('',(0.,-1.224646799147E-16,-1.));
#4485 = DEFINITIONAL_REPRESENTATION('',(#4486),#4497);
#4486 = B_SPLINE_CURVE_WITH_KNOTS('',5,(#4487,#4488,#4489,#4490,#4491,
    #4492,#4493,#4494,#4495,#4496),.UNSPECIFIED.,.F.,.F.,(6,4,6),(0.,
    0.297203190814,1.),.UNSPECIFIED.);
#4487 = CARTESIAN_POINT('',(1.,-3.E-02));
#4488 = CARTESIAN_POINT('',(0.940368836269,-3.E-02));
#4489 = CARTESIAN_POINT('',(0.880464982306,-3.E-02));
#4490 = CARTESIAN_POINT('',(0.820374016779,-3.E-02));
#4491 = CARTESIAN_POINT('',(0.760186905216,-3.E-02));
#4492 = CARTESIAN_POINT('',(0.557675939398,-3.E-02));
#4493 = CARTESIAN_POINT('',(0.415312704113,-3.E-02));
#4494 = CARTESIAN_POINT('',(0.274286551796,-3.E-02));
#4495 = CARTESIAN_POINT('',(0.135605723159,-3.E-02));
#4496 = CARTESIAN_POINT('',(0.,-3.E-02));
#4497 = ( GEOMETRIC_REPRESENTATION_CONTEXT(2) 
PARAMETRIC_REPRESENTATION_CONTEXT() REPRESENTATION_CONTEXT('2D SPACE',''
  ) );
#4498 = ORIENTED_EDGE('',*,*,#4499,.F.);
#4499 = EDGE_CURVE('',#4500,#4449,#4502,.T.);
#4500 = VERTEX_POINT('',#4501);
#4501 = CARTESIAN_POINT('',(49.47724609375,-78.26806640625,
    1.000001272899E-07));
#4502 = SURFACE_CURVE('',#4503,(#4514,#4528),.PCURVE_S1.);
#4503 = B_SPLINE_CURVE_WITH_KNOTS('',5,(#4504,#4505,#4506,#4507,#4508,
    #4509,#4510,#4511,#4512,#4513),.UNSPECIFIED.,.F.,.F.,(6,4,6),(0.,
    0.50917299324,1.),.UNSPECIFIED.);
#4504 = CARTESIAN_POINT('',(49.47724609375,-78.26806640625,
    1.000001272899E-07));
#4505 = CARTESIAN_POINT('',(49.369098089412,-78.26806640625,
    1.000001272899E-07));
#4506 = CARTESIAN_POINT('',(49.262316644216,-78.2626637231,
    1.000001272899E-07));
#4507 = CARTESIAN_POINT('',(49.157219188429,-78.25152059178,
    1.000001272899E-07));
#4508 = CARTESIAN_POINT('',(49.054173214922,-78.23433488646,
    1.000001272899E-07));
#4509 = CARTESIAN_POINT('',(48.856580720558,-78.18838314358,
    1.000001272899E-07));
#4510 = CARTESIAN_POINT('',(48.761856221744,-78.1600555363,
    1.000001272899E-07));
#4511 = CARTESIAN_POINT('',(48.669745108443,-78.12580465983,
    1.000001272899E-07));
#4512 = CARTESIAN_POINT('',(48.580576116903,-78.08559392981,
    1.000001272899E-07));
#4513 = CARTESIAN_POINT('',(48.49462890625,-78.03955078125,
    1.000001272899E-07));
#4514 = PCURVE('',#1770,#4515);
#4515 = DEFINITIONAL_REPRESENTATION('',(#4516),#4527);
#4516 = B_SPLINE_CURVE_WITH_KNOTS('',5,(#4517,#4518,#4519,#4520,#4521,
    #4522,#4523,#4524,#4525,#4526),.UNSPECIFIED.,.F.,.F.,(6,4,6),(0.,
    0.50917299324,1.),.UNSPECIFIED.);
#4517 = CARTESIAN_POINT('',(6.617440963039,3.49908060315));
#4518 = CARTESIAN_POINT('',(6.52796745967,3.438331257169));
#4519 = CARTESIAN_POINT('',(6.442659361888,3.373879767845));
#4520 = CARTESIAN_POINT('',(6.361969018338,3.305625002102));
#4521 = CARTESIAN_POINT('',(6.286370176275,3.233523433452));
#4522 = CARTESIAN_POINT('',(6.148709250631,3.084513950353));
#4523 = CARTESIAN_POINT('',(6.086253644637,3.007868785535));
#4524 = CARTESIAN_POINT('',(6.0292874001,2.927791156226));
#4525 = CARTESIAN_POINT('',(5.978103038921,2.844435454371));
#4526 = CARTESIAN_POINT('',(5.932860346653,2.758064201369));
#4527 = ( GEOMETRIC_REPRESENTATION_CONTEXT(2) 
PARAMETRIC_REPRESENTATION_CONTEXT() REPRESENTATION_CONTEXT('2D SPACE',''
  ) );
#4528 = PCURVE('',#4529,#4536);
#4529 = SURFACE_OF_LINEAR_EXTRUSION('',#4530,#4534);
#4530 = B_SPLINE_CURVE_WITH_KNOTS('',2,(#4531,#4532,#4533),
  .UNSPECIFIED.,.F.,.F.,(3,3),(0.,1.),.PIECEWISE_BEZIER_KNOTS.);
#4531 = CARTESIAN_POINT('',(48.49462890625,-78.03955078125,
    -2.999989999987E-02));
#4532 = CARTESIAN_POINT('',(48.92119140625,-78.26806640625,
    -2.999989999987E-02));
#4533 = CARTESIAN_POINT('',(49.47724609375,-78.26806640625,
    -2.999989999987E-02));
#4534 = VECTOR('',#4535,1.);
#4535 = DIRECTION('',(0.,-1.224646799147E-16,-1.));
#4536 = DEFINITIONAL_REPRESENTATION('',(#4537),#4548);
#4537 = B_SPLINE_CURVE_WITH_KNOTS('',5,(#4538,#4539,#4540,#4541,#4542,
    #4543,#4544,#4545,#4546,#4547),.UNSPECIFIED.,.F.,.F.,(6,4,6),(0.,
    0.50917299324,1.),.UNSPECIFIED.);
#4538 = CARTESIAN_POINT('',(1.,-3.E-02));
#4539 = CARTESIAN_POINT('',(0.9027541654,-3.E-02));
#4540 = CARTESIAN_POINT('',(0.803984234931,-3.E-02));
#4541 = CARTESIAN_POINT('',(0.703803533845,-3.E-02));
#4542 = CARTESIAN_POINT('',(0.60238856299,-3.E-02));
#4543 = CARTESIAN_POINT('',(0.401300594167,-3.E-02));
#4544 = CARTESIAN_POINT('',(0.301690958551,-3.E-02));
#4545 = CARTESIAN_POINT('',(0.201413102967,-3.E-02));
#4546 = CARTESIAN_POINT('',(0.100743983183,-3.E-02));
#4547 = CARTESIAN_POINT('',(0.,-3.E-02));
#4548 = ( GEOMETRIC_REPRESENTATION_CONTEXT(2) 
PARAMETRIC_REPRESENTATION_CONTEXT() REPRESENTATION_CONTEXT('2D SPACE',''
  ) );
#4549 = ORIENTED_EDGE('',*,*,#4550,.F.);
#4550 = EDGE_CURVE('',#4551,#4500,#4553,.T.);
#4551 = VERTEX_POINT('',#4552);
#4552 = CARTESIAN_POINT('',(50.2072265625,-78.1373046875,
    1.000001272899E-07));
#4553 = SURFACE_CURVE('',#4554,(#4561,#4571),.PCURVE_S1.);
#4554 = B_SPLINE_CURVE_WITH_KNOTS('',5,(#4555,#4556,#4557,#4558,#4559,
    #4560),.UNSPECIFIED.,.F.,.F.,(6,6),(0.,1.),
  .PIECEWISE_BEZIER_KNOTS.);
#4555 = CARTESIAN_POINT('',(50.2072265625,-78.1373046875,
    1.000001272899E-07));
#4556 = CARTESIAN_POINT('',(50.073991686227,-78.19070232273,
    1.000001272899E-07));
#4557 = CARTESIAN_POINT('',(49.933419564047,-78.2301769,
    1.000001272899E-07));
#4558 = CARTESIAN_POINT('',(49.786419319021,-78.25573928891,
    1.000001272899E-07));
#4559 = CARTESIAN_POINT('',(49.634033773328,-78.26806640625,
    1.000001272899E-07));
#4560 = CARTESIAN_POINT('',(49.47724609375,-78.26806640625,
    1.000001272899E-07));
#4561 = PCURVE('',#1770,#4562);
#4562 = DEFINITIONAL_REPRESENTATION('',(#4563),#4570);
#4563 = B_SPLINE_CURVE_WITH_KNOTS('',5,(#4564,#4565,#4566,#4567,#4568,
    #4569),.UNSPECIFIED.,.F.,.F.,(6,6),(0.,1.),
  .PIECEWISE_BEZIER_KNOTS.);
#4564 = CARTESIAN_POINT('',(7.294823770718,3.800945877251));
#4565 = CARTESIAN_POINT('',(7.154600539956,3.770281806106));
#4566 = CARTESIAN_POINT('',(7.016127943159,3.723977338496));
#4567 = CARTESIAN_POINT('',(6.88015201446,3.66255214351));
#4568 = CARTESIAN_POINT('',(6.747155265792,3.58715202944));
#4569 = CARTESIAN_POINT('',(6.617440963039,3.49908060315));
#4570 = ( GEOMETRIC_REPRESENTATION_CONTEXT(2) 
PARAMETRIC_REPRESENTATION_CONTEXT() REPRESENTATION_CONTEXT('2D SPACE',''
  ) );
#4571 = PCURVE('',#4572,#4579);
#4572 = SURFACE_OF_LINEAR_EXTRUSION('',#4573,#4577);
#4573 = B_SPLINE_CURVE_WITH_KNOTS('',2,(#4574,#4575,#4576),
  .UNSPECIFIED.,.F.,.F.,(3,3),(0.,1.),.PIECEWISE_BEZIER_KNOTS.);
#4574 = CARTESIAN_POINT('',(49.47724609375,-78.26806640625,
    -2.999989999987E-02));
#4575 = CARTESIAN_POINT('',(49.88095703125,-78.26806640625,
    -2.999989999987E-02));
#4576 = CARTESIAN_POINT('',(50.2072265625,-78.1373046875,
    -2.999989999987E-02));
#4577 = VECTOR('',#4578,1.);
#4578 = DIRECTION('',(0.,-1.224646799147E-16,-1.));
#4579 = DEFINITIONAL_REPRESENTATION('',(#4580),#4587);
#4580 = B_SPLINE_CURVE_WITH_KNOTS('',5,(#4581,#4582,#4583,#4584,#4585,
    #4586),.UNSPECIFIED.,.F.,.F.,(6,6),(0.,1.),
  .PIECEWISE_BEZIER_KNOTS.);
#4581 = CARTESIAN_POINT('',(1.,-3.E-02));
#4582 = CARTESIAN_POINT('',(0.795820842108,-3.E-02));
#4583 = CARTESIAN_POINT('',(0.592766806843,-3.E-02));
#4584 = CARTESIAN_POINT('',(0.39195587941,-3.E-02));
#4585 = CARTESIAN_POINT('',(0.194183096139,-3.E-02));
#4586 = CARTESIAN_POINT('',(0.,-3.E-02));
#4587 = ( GEOMETRIC_REPRESENTATION_CONTEXT(2) 
PARAMETRIC_REPRESENTATION_CONTEXT() REPRESENTATION_CONTEXT('2D SPACE',''
  ) );
#4588 = ORIENTED_EDGE('',*,*,#4589,.F.);
#4589 = EDGE_CURVE('',#4590,#4551,#4592,.T.);
#4590 = VERTEX_POINT('',#4591);
#4591 = CARTESIAN_POINT('',(50.71884765625,-77.77294921875,
    1.000001272899E-07));
#4592 = SURFACE_CURVE('',#4593,(#4600,#4610),.PCURVE_S1.);
#4593 = B_SPLINE_CURVE_WITH_KNOTS('',5,(#4594,#4595,#4596,#4597,#4598,
    #4599),.UNSPECIFIED.,.F.,.F.,(6,6),(0.,1.),
  .PIECEWISE_BEZIER_KNOTS.);
#4594 = CARTESIAN_POINT('',(50.71884765625,-77.77294921875,
    1.000001272899E-07));
#4595 = CARTESIAN_POINT('',(50.643389889525,-77.86804667818,
    1.000001272899E-07));
#4596 = CARTESIAN_POINT('',(50.553440148809,-77.95235921004,
    1.000001272899E-07));
#4597 = CARTESIAN_POINT('',(50.449717015793,-78.02514847875,
    1.000001272899E-07));
#4598 = CARTESIAN_POINT('',(50.333740043481,-78.08660084103,
    1.000001272899E-07));
#4599 = CARTESIAN_POINT('',(50.2072265625,-78.1373046875,
    1.000001272899E-07));
#4600 = PCURVE('',#1770,#4601);
#4601 = DEFINITIONAL_REPRESENTATION('',(#4602),#4609);
#4602 = B_SPLINE_CURVE_WITH_KNOTS('',5,(#4603,#4604,#4605,#4606,#4607,
    #4608),.UNSPECIFIED.,.F.,.F.,(6,6),(0.,1.),
  .PIECEWISE_BEZIER_KNOTS.);
#4603 = CARTESIAN_POINT('',(7.922767748994,3.786895563201));
#4604 = CARTESIAN_POINT('',(7.806921143342,3.823185579862));
#4605 = CARTESIAN_POINT('',(7.685143125538,3.842412468947));
#4606 = CARTESIAN_POINT('',(7.558442936814,3.844369031958));
#4607 = CARTESIAN_POINT('',(7.42797305966,3.830063016023));
#4608 = CARTESIAN_POINT('',(7.294823770718,3.800945877251));
#4609 = ( GEOMETRIC_REPRESENTATION_CONTEXT(2) 
PARAMETRIC_REPRESENTATION_CONTEXT() REPRESENTATION_CONTEXT('2D SPACE',''
  ) );
#4610 = PCURVE('',#4611,#4618);
#4611 = SURFACE_OF_LINEAR_EXTRUSION('',#4612,#4616);
#4612 = B_SPLINE_CURVE_WITH_KNOTS('',2,(#4613,#4614,#4615),
  .UNSPECIFIED.,.F.,.F.,(3,3),(0.,1.),.PIECEWISE_BEZIER_KNOTS.);
#4613 = CARTESIAN_POINT('',(50.2072265625,-78.1373046875,
    -2.999989999987E-02));
#4614 = CARTESIAN_POINT('',(50.53349609375,-78.00654296875,
    -2.999989999987E-02));
#4615 = CARTESIAN_POINT('',(50.71884765625,-77.77294921875,
    -2.999989999987E-02));
#4616 = VECTOR('',#4617,1.);
#4617 = DIRECTION('',(0.,-1.224646799147E-16,-1.));
#4618 = DEFINITIONAL_REPRESENTATION('',(#4619),#4626);
#4619 = B_SPLINE_CURVE_WITH_KNOTS('',5,(#4620,#4621,#4622,#4623,#4624,
    #4625),.UNSPECIFIED.,.F.,.F.,(6,6),(0.,1.),
  .PIECEWISE_BEZIER_KNOTS.);
#4620 = CARTESIAN_POINT('',(1.,-3.E-02));
#4621 = CARTESIAN_POINT('',(0.796446909571,-3.E-02));
#4622 = CARTESIAN_POINT('',(0.593178085292,-3.E-02));
#4623 = CARTESIAN_POINT('',(0.39190520535,-3.E-02));
#4624 = CARTESIAN_POINT('',(0.19387878558,-3.E-02));
#4625 = CARTESIAN_POINT('',(0.,-3.E-02));
#4626 = ( GEOMETRIC_REPRESENTATION_CONTEXT(2) 
PARAMETRIC_REPRESENTATION_CONTEXT() REPRESENTATION_CONTEXT('2D SPACE',''
  ) );
#4627 = ORIENTED_EDGE('',*,*,#4628,.F.);
#4628 = EDGE_CURVE('',#4629,#4590,#4631,.T.);
#4629 = VERTEX_POINT('',#4630);
#4630 = CARTESIAN_POINT('',(51.00068359375,-77.16357421875,
    1.000001272899E-07));
#4631 = SURFACE_CURVE('',#4632,(#4640,#4651),.PCURVE_S1.);
#4632 = B_SPLINE_CURVE_WITH_KNOTS('',6,(#4633,#4634,#4635,#4636,#4637,
    #4638,#4639),.UNSPECIFIED.,.F.,.F.,(7,7),(0.,1.),
  .PIECEWISE_BEZIER_KNOTS.);
#4633 = CARTESIAN_POINT('',(51.00068359375,-77.16357421875,
    1.000001272899E-07));
#4634 = CARTESIAN_POINT('',(50.969990227748,-77.28311680212,
    1.000001272899E-07));
#4635 = CARTESIAN_POINT('',(50.933242049506,-77.39659208835,
    1.000001272899E-07));
#4636 = CARTESIAN_POINT('',(50.890035662009,-77.50318360765,
    1.000001272899E-07));
#4637 = CARTESIAN_POINT('',(50.840016914354,-77.60200197329,
    1.000001272899E-07));
#4638 = CARTESIAN_POINT('',(50.782949020577,-77.69216393768,
    1.000001272899E-07));
#4639 = CARTESIAN_POINT('',(50.71884765625,-77.77294921875,
    1.000001272899E-07));
#4640 = PCURVE('',#1770,#4641);
#4641 = DEFINITIONAL_REPRESENTATION('',(#4642),#4650);
#4642 = B_SPLINE_CURVE_WITH_KNOTS('',6,(#4643,#4644,#4645,#4646,#4647,
    #4648,#4649),.UNSPECIFIED.,.F.,.F.,(7,7),(0.,1.),
  .PIECEWISE_BEZIER_KNOTS.);
#4643 = CARTESIAN_POINT('',(8.498238205355,3.441058693931));
#4644 = CARTESIAN_POINT('',(8.405694872682,3.522718007756));
#4645 = CARTESIAN_POINT('',(8.311550392294,3.595956563189));
#4646 = CARTESIAN_POINT('',(8.215929654722,3.659872276851));
#4647 = CARTESIAN_POINT('',(8.119039252214,3.71353040212));
#4648 = CARTESIAN_POINT('',(8.021179427435,3.756067198139));
#4649 = CARTESIAN_POINT('',(7.922767748994,3.786895563201));
#4650 = ( GEOMETRIC_REPRESENTATION_CONTEXT(2) 
PARAMETRIC_REPRESENTATION_CONTEXT() REPRESENTATION_CONTEXT('2D SPACE',''
  ) );
#4651 = PCURVE('',#4652,#4659);
#4652 = SURFACE_OF_LINEAR_EXTRUSION('',#4653,#4657);
#4653 = B_SPLINE_CURVE_WITH_KNOTS('',2,(#4654,#4655,#4656),
  .UNSPECIFIED.,.F.,.F.,(3,3),(0.,1.),.PIECEWISE_BEZIER_KNOTS.);
#4654 = CARTESIAN_POINT('',(50.71884765625,-77.77294921875,
    -2.999989999987E-02));
#4655 = CARTESIAN_POINT('',(50.90419921875,-77.53935546875,
    -2.999989999987E-02));
#4656 = CARTESIAN_POINT('',(51.00068359375,-77.16357421875,
    -2.999989999987E-02));
#4657 = VECTOR('',#4658,1.);
#4658 = DIRECTION('',(0.,-1.224646799147E-16,-1.));
#4659 = DEFINITIONAL_REPRESENTATION('',(#4660),#4668);
#4660 = B_SPLINE_CURVE_WITH_KNOTS('',6,(#4661,#4662,#4663,#4664,#4665,
    #4666,#4667),.UNSPECIFIED.,.F.,.F.,(7,7),(0.,1.),
  .PIECEWISE_BEZIER_KNOTS.);
#4661 = CARTESIAN_POINT('',(1.,-3.E-02));
#4662 = CARTESIAN_POINT('',(0.840941261205,-3.E-02));
#4663 = CARTESIAN_POINT('',(0.678468055034,-3.E-02));
#4664 = CARTESIAN_POINT('',(0.512741687295,-3.E-02));
#4665 = CARTESIAN_POINT('',(0.344066544928,-3.E-02));
#4666 = CARTESIAN_POINT('',(0.172918327373,-3.E-02));
#4667 = CARTESIAN_POINT('',(0.,-3.E-02));
#4668 = ( GEOMETRIC_REPRESENTATION_CONTEXT(2) 
PARAMETRIC_REPRESENTATION_CONTEXT() REPRESENTATION_CONTEXT('2D SPACE',''
  ) );
#4669 = ORIENTED_EDGE('',*,*,#4670,.T.);
#4670 = EDGE_CURVE('',#4629,#4671,#4673,.T.);
#4671 = VERTEX_POINT('',#4672);
#4672 = CARTESIAN_POINT('',(50.55634765625,-77.04169921875,
    1.000001272899E-07));
#4673 = SURFACE_CURVE('',#4674,(#4678,#4685),.PCURVE_S1.);
#4674 = LINE('',#4675,#4676);
#4675 = CARTESIAN_POINT('',(47.078167219982,-76.08768401337,
    1.000001272899E-07));
#4676 = VECTOR('',#4677,1.);
#4677 = DIRECTION('',(-0.964381293586,0.264516011955,-2.364821984375E-17
    ));
#4678 = PCURVE('',#1770,#4679);
#4679 = DEFINITIONAL_REPRESENTATION('',(#4680),#4684);
#4680 = LINE('',#4681,#4682);
#4681 = CARTESIAN_POINT('',(5.857397466724,0.347576088568));
#4682 = VECTOR('',#4683,1.);
#4683 = DIRECTION('',(-0.649271326108,-0.760556865128));
#4684 = ( GEOMETRIC_REPRESENTATION_CONTEXT(2) 
PARAMETRIC_REPRESENTATION_CONTEXT() REPRESENTATION_CONTEXT('2D SPACE',''
  ) );
#4685 = PCURVE('',#4686,#4691);
#4686 = PLANE('',#4687);
#4687 = AXIS2_PLACEMENT_3D('',#4688,#4689,#4690);
#4688 = CARTESIAN_POINT('',(51.00068359375,-77.16357421875,
    -2.999989999987E-02));
#4689 = DIRECTION('',(-0.264516011955,-0.964381293586,1.181026464348E-16
    ));
#4690 = DIRECTION('',(-0.964381293586,0.264516011955,-3.239386873641E-17
    ));
#4691 = DEFINITIONAL_REPRESENTATION('',(#4692),#4696);
#4692 = LINE('',#4693,#4694);
#4693 = CARTESIAN_POINT('',(4.067391601076,-3.E-02));
#4694 = VECTOR('',#4695,1.);
#4695 = DIRECTION('',(1.,-8.745648892658E-18));
#4696 = ( GEOMETRIC_REPRESENTATION_CONTEXT(2) 
PARAMETRIC_REPRESENTATION_CONTEXT() REPRESENTATION_CONTEXT('2D SPACE',''
  ) );
#4697 = ORIENTED_EDGE('',*,*,#4698,.F.);
#4698 = EDGE_CURVE('',#4699,#4671,#4701,.T.);
#4699 = VERTEX_POINT('',#4700);
#4700 = CARTESIAN_POINT('',(50.34814453125,-77.48857421875,
    1.000001272899E-07));
#4701 = SURFACE_CURVE('',#4702,(#4710,#4721),.PCURVE_S1.);
#4702 = B_SPLINE_CURVE_WITH_KNOTS('',6,(#4703,#4704,#4705,#4706,#4707,
    #4708,#4709),.UNSPECIFIED.,.F.,.F.,(7,7),(0.,1.),
  .PIECEWISE_BEZIER_KNOTS.);
#4703 = CARTESIAN_POINT('',(50.34814453125,-77.48857421875,
    1.000001272899E-07));
#4704 = CARTESIAN_POINT('',(50.391020895137,-77.43257243734,
    1.000001272899E-07));
#4705 = CARTESIAN_POINT('',(50.43055435723,-77.36847085295,
    1.000001272899E-07));
#4706 = CARTESIAN_POINT('',(50.466750421718,-77.29675078841,
    1.000001272899E-07));
#4707 = CARTESIAN_POINT('',(50.499693507453,-77.21799067607,
    1.000001272899E-07));
#4708 = CARTESIAN_POINT('',(50.529509923884,-77.13278485587,
    1.000001272899E-07));
#4709 = CARTESIAN_POINT('',(50.55634765625,-77.04169921875,
    1.000001272899E-07));
#4710 = PCURVE('',#1770,#4711);
#4711 = DEFINITIONAL_REPRESENTATION('',(#4712),#4720);
#4712 = B_SPLINE_CURVE_WITH_KNOTS('',6,(#4713,#4714,#4715,#4716,#4717,
    #4718,#4719),.UNSPECIFIED.,.F.,.F.,(7,7),(0.,1.),
  .PIECEWISE_BEZIER_KNOTS.);
#4713 = CARTESIAN_POINT('',(7.775816243626,3.343392234488));
#4714 = CARTESIAN_POINT('',(7.842746466953,3.321145272766));
#4715 = CARTESIAN_POINT('',(7.911460880389,3.290319356178));
#4716 = CARTESIAN_POINT('',(7.981693667007,3.251315786796));
#4717 = CARTESIAN_POINT('',(8.053189749201,3.204660536008));
#4718 = CARTESIAN_POINT('',(8.125719770766,3.150916266953));
#4719 = CARTESIAN_POINT('',(8.19908828893,3.090634281994));
#4720 = ( GEOMETRIC_REPRESENTATION_CONTEXT(2) 
PARAMETRIC_REPRESENTATION_CONTEXT() REPRESENTATION_CONTEXT('2D SPACE',''
  ) );
#4721 = PCURVE('',#4722,#4729);
#4722 = SURFACE_OF_LINEAR_EXTRUSION('',#4723,#4727);
#4723 = B_SPLINE_CURVE_WITH_KNOTS('',2,(#4724,#4725,#4726),
  .UNSPECIFIED.,.F.,.F.,(3,3),(0.,1.),.PIECEWISE_BEZIER_KNOTS.);
#4724 = CARTESIAN_POINT('',(50.55634765625,-77.04169921875,
    -2.999989999987E-02));
#4725 = CARTESIAN_POINT('',(50.47255859375,-77.32607421875,
    -2.999989999987E-02));
#4726 = CARTESIAN_POINT('',(50.34814453125,-77.48857421875,
    -2.999989999987E-02));
#4727 = VECTOR('',#4728,1.);
#4728 = DIRECTION('',(0.,-1.224646799147E-16,-1.));
#4729 = DEFINITIONAL_REPRESENTATION('',(#4730),#4738);
#4730 = B_SPLINE_CURVE_WITH_KNOTS('',6,(#4731,#4732,#4733,#4734,#4735,
    #4736,#4737),.UNSPECIFIED.,.F.,.F.,(7,7),(0.,1.),
  .PIECEWISE_BEZIER_KNOTS.);
#4731 = CARTESIAN_POINT('',(1.,-3.E-02));
#4732 = CARTESIAN_POINT('',(0.827686826452,-3.E-02));
#4733 = CARTESIAN_POINT('',(0.657173868037,-3.E-02));
#4734 = CARTESIAN_POINT('',(0.488894925104,-3.E-02));
#4735 = CARTESIAN_POINT('',(0.323153479218,-3.E-02));
#4736 = CARTESIAN_POINT('',(0.160150570762,-3.E-02));
#4737 = CARTESIAN_POINT('',(0.,-3.E-02));
#4738 = ( GEOMETRIC_REPRESENTATION_CONTEXT(2) 
PARAMETRIC_REPRESENTATION_CONTEXT() REPRESENTATION_CONTEXT('2D SPACE',''
  ) );
#4739 = ORIENTED_EDGE('',*,*,#4740,.F.);
#4740 = EDGE_CURVE('',#4741,#4699,#4743,.T.);
#4741 = VERTEX_POINT('',#4742);
#4742 = CARTESIAN_POINT('',(49.99267578125,-77.748828125,
    1.000001272899E-07));
#4743 = SURFACE_CURVE('',#4744,(#4751,#4761),.PCURVE_S1.);
#4744 = B_SPLINE_CURVE_WITH_KNOTS('',5,(#4745,#4746,#4747,#4748,#4749,
    #4750),.UNSPECIFIED.,.F.,.F.,(6,6),(0.,1.),
  .PIECEWISE_BEZIER_KNOTS.);
#4745 = CARTESIAN_POINT('',(49.99267578125,-77.748828125,
    1.000001272899E-07));
#4746 = CARTESIAN_POINT('',(50.083132084831,-77.7105581504,
    1.000001272899E-07));
#4747 = CARTESIAN_POINT('',(50.164676911293,-77.66553430004,
    1.000001272899E-07));
#4748 = CARTESIAN_POINT('',(50.236440090892,-77.61351870669,
    1.000001272899E-07));
#4749 = CARTESIAN_POINT('',(50.297710398288,-77.554447372,
    1.000001272899E-07));
#4750 = CARTESIAN_POINT('',(50.34814453125,-77.48857421875,
    1.000001272899E-07));
#4751 = PCURVE('',#1770,#4752);
#4752 = DEFINITIONAL_REPRESENTATION('',(#4753),#4760);
#4753 = B_SPLINE_CURVE_WITH_KNOTS('',5,(#4754,#4755,#4756,#4757,#4758,
    #4759),.UNSPECIFIED.,.F.,.F.,(6,6),(0.,1.),
  .PIECEWISE_BEZIER_KNOTS.);
#4754 = CARTESIAN_POINT('',(7.335537301024,3.359031308814));
#4755 = CARTESIAN_POINT('',(7.431871194323,3.378181108153));
#4756 = CARTESIAN_POINT('',(7.524626218605,3.386737468061));
#4757 = CARTESIAN_POINT('',(7.613216076798,3.384014799787));
#4758 = CARTESIAN_POINT('',(7.697088304117,3.369560643461));
#4759 = CARTESIAN_POINT('',(7.775816243626,3.343392234488));
#4760 = ( GEOMETRIC_REPRESENTATION_CONTEXT(2) 
PARAMETRIC_REPRESENTATION_CONTEXT() REPRESENTATION_CONTEXT('2D SPACE',''
  ) );
#4761 = PCURVE('',#4762,#4769);
#4762 = SURFACE_OF_LINEAR_EXTRUSION('',#4763,#4767);
#4763 = B_SPLINE_CURVE_WITH_KNOTS('',2,(#4764,#4765,#4766),
  .UNSPECIFIED.,.F.,.F.,(3,3),(0.,1.),.PIECEWISE_BEZIER_KNOTS.);
#4764 = CARTESIAN_POINT('',(50.34814453125,-77.48857421875,
    -2.999989999987E-02));
#4765 = CARTESIAN_POINT('',(50.22373046875,-77.65107421875,
    -2.999989999987E-02));
#4766 = CARTESIAN_POINT('',(49.99267578125,-77.748828125,
    -2.999989999987E-02));
#4767 = VECTOR('',#4768,1.);
#4768 = DIRECTION('',(0.,-1.224646799147E-16,-1.));
#4769 = DEFINITIONAL_REPRESENTATION('',(#4770),#4777);
#4770 = B_SPLINE_CURVE_WITH_KNOTS('',5,(#4771,#4772,#4773,#4774,#4775,
    #4776),.UNSPECIFIED.,.F.,.F.,(6,6),(0.,1.),
  .PIECEWISE_BEZIER_KNOTS.);
#4771 = CARTESIAN_POINT('',(1.,-3.E-02));
#4772 = CARTESIAN_POINT('',(0.804253476612,-3.E-02));
#4773 = CARTESIAN_POINT('',(0.605685258539,-3.E-02));
#4774 = CARTESIAN_POINT('',(0.404905440013,-3.E-02));
#4775 = CARTESIAN_POINT('',(0.202686625404,-3.E-02));
#4776 = CARTESIAN_POINT('',(0.,-3.E-02));
#4777 = ( GEOMETRIC_REPRESENTATION_CONTEXT(2) 
PARAMETRIC_REPRESENTATION_CONTEXT() REPRESENTATION_CONTEXT('2D SPACE',''
  ) );
#4778 = ORIENTED_EDGE('',*,*,#4779,.F.);
#4779 = EDGE_CURVE('',#4780,#4741,#4782,.T.);
#4780 = VERTEX_POINT('',#4781);
#4781 = CARTESIAN_POINT('',(49.47978515625,-77.84658203125,
    1.000001272899E-07));
#4782 = SURFACE_CURVE('',#4783,(#4790,#4800),.PCURVE_S1.);
#4783 = B_SPLINE_CURVE_WITH_KNOTS('',5,(#4784,#4785,#4786,#4787,#4788,
    #4789),.UNSPECIFIED.,.F.,.F.,(6,6),(0.,1.),
  .PIECEWISE_BEZIER_KNOTS.);
#4784 = CARTESIAN_POINT('',(49.47978515625,-77.84658203125,
    1.000001272899E-07));
#4785 = CARTESIAN_POINT('',(49.590744199446,-77.84658203125,
    1.000001272899E-07));
#4786 = CARTESIAN_POINT('',(49.697975982205,-77.83711207804,
    1.000001272899E-07));
#4787 = CARTESIAN_POINT('',(49.800991438769,-77.81776533108,
    1.000001272899E-07));
#4788 = CARTESIAN_POINT('',(49.899343102906,-77.78831502737,
    1.000001272899E-07));
#4789 = CARTESIAN_POINT('',(49.99267578125,-77.748828125,
    1.000001272899E-07));
#4790 = PCURVE('',#1770,#4791);
#4791 = DEFINITIONAL_REPRESENTATION('',(#4792),#4799);
#4792 = B_SPLINE_CURVE_WITH_KNOTS('',5,(#4793,#4794,#4795,#4796,#4797,
    #4798),.UNSPECIFIED.,.F.,.F.,(6,6),(0.,1.),
  .PIECEWISE_BEZIER_KNOTS.);
#4793 = CARTESIAN_POINT('',(6.856299544832,3.151802468061));
#4794 = CARTESIAN_POINT('',(6.948098689772,3.21413084246));
#4795 = CARTESIAN_POINT('',(7.042133681927,3.2665307995));
#4796 = CARTESIAN_POINT('',(7.138228437334,3.308391029937));
#4797 = CARTESIAN_POINT('',(7.236140134426,3.339272574583));
#4798 = CARTESIAN_POINT('',(7.335537301024,3.359031308814));
#4799 = ( GEOMETRIC_REPRESENTATION_CONTEXT(2) 
PARAMETRIC_REPRESENTATION_CONTEXT() REPRESENTATION_CONTEXT('2D SPACE',''
  ) );
#4800 = PCURVE('',#4801,#4808);
#4801 = SURFACE_OF_LINEAR_EXTRUSION('',#4802,#4806);
#4802 = B_SPLINE_CURVE_WITH_KNOTS('',2,(#4803,#4804,#4805),
  .UNSPECIFIED.,.F.,.F.,(3,3),(0.,1.),.PIECEWISE_BEZIER_KNOTS.);
#4803 = CARTESIAN_POINT('',(49.99267578125,-77.748828125,
    -2.999989999987E-02));
#4804 = CARTESIAN_POINT('',(49.76162109375,-77.84658203125,
    -2.999989999987E-02));
#4805 = CARTESIAN_POINT('',(49.47978515625,-77.84658203125,
    -2.999989999987E-02));
#4806 = VECTOR('',#4807,1.);
#4807 = DIRECTION('',(0.,-1.224646799147E-16,-1.));
#4808 = DEFINITIONAL_REPRESENTATION('',(#4809),#4816);
#4809 = B_SPLINE_CURVE_WITH_KNOTS('',5,(#4810,#4811,#4812,#4813,#4814,
    #4815),.UNSPECIFIED.,.F.,.F.,(6,6),(0.,1.),
  .PIECEWISE_BEZIER_KNOTS.);
#4810 = CARTESIAN_POINT('',(1.,-3.E-02));
#4811 = CARTESIAN_POINT('',(0.803149583797,-3.E-02));
#4812 = CARTESIAN_POINT('',(0.604184114801,-3.E-02));
#4813 = CARTESIAN_POINT('',(0.403596291034,-3.E-02));
#4814 = CARTESIAN_POINT('',(0.201970969198,-3.E-02));
#4815 = CARTESIAN_POINT('',(0.,-3.E-02));
#4816 = ( GEOMETRIC_REPRESENTATION_CONTEXT(2) 
PARAMETRIC_REPRESENTATION_CONTEXT() REPRESENTATION_CONTEXT('2D SPACE',''
  ) );
#4817 = ORIENTED_EDGE('',*,*,#4818,.F.);
#4818 = EDGE_CURVE('',#4819,#4780,#4821,.T.);
#4819 = VERTEX_POINT('',#4820);
#4820 = CARTESIAN_POINT('',(48.89580078125,-77.74375,1.000001272899E-07)
  );
#4821 = SURFACE_CURVE('',#4822,(#4829,#4839),.PCURVE_S1.);
#4822 = B_SPLINE_CURVE_WITH_KNOTS('',5,(#4823,#4824,#4825,#4826,#4827,
    #4828),.UNSPECIFIED.,.F.,.F.,(6,6),(0.,1.),
  .PIECEWISE_BEZIER_KNOTS.);
#4823 = CARTESIAN_POINT('',(48.89580078125,-77.74375,1.000001272899E-07)
  );
#4824 = CARTESIAN_POINT('',(48.997058826078,-77.78602784345,
    1.000001272899E-07));
#4825 = CARTESIAN_POINT('',(49.107010204543,-77.8170389787,
    1.000001272899E-07));
#4826 = CARTESIAN_POINT('',(49.224791996813,-77.83699549377,
    1.000001272899E-07));
#4827 = CARTESIAN_POINT('',(49.349367278779,-77.84658203125,
    1.000001272899E-07));
#4828 = CARTESIAN_POINT('',(49.47978515625,-77.84658203125,
    1.000001272899E-07));
#4829 = PCURVE('',#1770,#4830);
#4830 = DEFINITIONAL_REPRESENTATION('',(#4831),#4838);
#4831 = B_SPLINE_CURVE_WITH_KNOTS('',5,(#4832,#4833,#4834,#4835,#4836,
    #4837),.UNSPECIFIED.,.F.,.F.,(6,6),(0.,1.),
  .PIECEWISE_BEZIER_KNOTS.);
#4832 = CARTESIAN_POINT('',(6.430918146617,2.738688872366));
#4833 = CARTESIAN_POINT('',(6.49094293131,2.830545461201));
#4834 = CARTESIAN_POINT('',(6.564488706804,2.917964080743));
#4835 = CARTESIAN_POINT('',(6.650722423332,3.000635473727));
#4836 = CARTESIAN_POINT('',(6.748401627799,3.078543596487));
#4837 = CARTESIAN_POINT('',(6.856299544832,3.151802468061));
#4838 = ( GEOMETRIC_REPRESENTATION_CONTEXT(2) 
PARAMETRIC_REPRESENTATION_CONTEXT() REPRESENTATION_CONTEXT('2D SPACE',''
  ) );
#4839 = PCURVE('',#4840,#4847);
#4840 = SURFACE_OF_LINEAR_EXTRUSION('',#4841,#4845);
#4841 = B_SPLINE_CURVE_WITH_KNOTS('',2,(#4842,#4843,#4844),
  .UNSPECIFIED.,.F.,.F.,(3,3),(0.,1.),.PIECEWISE_BEZIER_KNOTS.);
#4842 = CARTESIAN_POINT('',(49.47978515625,-77.84658203125,
    -2.999989999987E-02));
#4843 = CARTESIAN_POINT('',(49.14208984375,-77.84658203125,
    -2.999989999987E-02));
#4844 = CARTESIAN_POINT('',(48.89580078125,-77.74375,-2.999989999987E-02
    ));
#4845 = VECTOR('',#4846,1.);
#4846 = DIRECTION('',(0.,-1.224646799147E-16,-1.));
#4847 = DEFINITIONAL_REPRESENTATION('',(#4848),#4855);
#4848 = B_SPLINE_CURVE_WITH_KNOTS('',5,(#4849,#4850,#4851,#4852,#4853,
    #4854),.UNSPECIFIED.,.F.,.F.,(6,6),(0.,1.),
  .PIECEWISE_BEZIER_KNOTS.);
#4849 = CARTESIAN_POINT('',(1.,-3.E-02));
#4850 = CARTESIAN_POINT('',(0.794432518034,-3.E-02));
#4851 = CARTESIAN_POINT('',(0.590821708338,-3.E-02));
#4852 = CARTESIAN_POINT('',(0.390166099929,-3.E-02));
#4853 = CARTESIAN_POINT('',(0.193099922688,-3.E-02));
#4854 = CARTESIAN_POINT('',(0.,-3.E-02));
#4855 = ( GEOMETRIC_REPRESENTATION_CONTEXT(2) 
PARAMETRIC_REPRESENTATION_CONTEXT() REPRESENTATION_CONTEXT('2D SPACE',''
  ) );
#4856 = ORIENTED_EDGE('',*,*,#4857,.F.);
#4857 = EDGE_CURVE('',#4858,#4819,#4860,.T.);
#4858 = VERTEX_POINT('',#4859);
#4859 = CARTESIAN_POINT('',(48.4984375,-77.47333984375,
    1.000001272899E-07));
#4860 = SURFACE_CURVE('',#4861,(#4868,#4878),.PCURVE_S1.);
#4861 = B_SPLINE_CURVE_WITH_KNOTS('',5,(#4862,#4863,#4864,#4865,#4866,
    #4867),.UNSPECIFIED.,.F.,.F.,(6,6),(0.,1.),
  .PIECEWISE_BEZIER_KNOTS.);
#4862 = CARTESIAN_POINT('',(48.4984375,-77.47333984375,
    1.000001272899E-07));
#4863 = CARTESIAN_POINT('',(48.559657242078,-77.54124745681,
    1.000001272899E-07));
#4864 = CARTESIAN_POINT('',(48.630470149003,-77.60231147967,
    1.000001272899E-07));
#4865 = CARTESIAN_POINT('',(48.710523108688,-77.65634540864,
    1.000001272899E-07));
#4866 = CARTESIAN_POINT('',(48.79920715714,-77.7034196724,
    1.000001272899E-07));
#4867 = CARTESIAN_POINT('',(48.89580078125,-77.74375,1.000001272899E-07)
  );
#4868 = PCURVE('',#1770,#4869);
#4869 = DEFINITIONAL_REPRESENTATION('',(#4870),#4877);
#4870 = B_SPLINE_CURVE_WITH_KNOTS('',5,(#4871,#4872,#4873,#4874,#4875,
    #4876),.UNSPECIFIED.,.F.,.F.,(6,6),(0.,1.),
  .PIECEWISE_BEZIER_KNOTS.);
#4871 = CARTESIAN_POINT('',(6.254065648399,2.291763348634));
#4872 = CARTESIAN_POINT('',(6.266568900092,2.38233359446));
#4873 = CARTESIAN_POINT('',(6.290853022861,2.472630682211));
#4874 = CARTESIAN_POINT('',(6.326730642017,2.562301961214));
#4875 = CARTESIAN_POINT('',(6.373658385185,2.651063629068));
#4876 = CARTESIAN_POINT('',(6.430918146617,2.738688872366));
#4877 = ( GEOMETRIC_REPRESENTATION_CONTEXT(2) 
PARAMETRIC_REPRESENTATION_CONTEXT() REPRESENTATION_CONTEXT('2D SPACE',''
  ) );
#4878 = PCURVE('',#4879,#4886);
#4879 = SURFACE_OF_LINEAR_EXTRUSION('',#4880,#4884);
#4880 = B_SPLINE_CURVE_WITH_KNOTS('',2,(#4881,#4882,#4883),
  .UNSPECIFIED.,.F.,.F.,(3,3),(0.,1.),.PIECEWISE_BEZIER_KNOTS.);
#4881 = CARTESIAN_POINT('',(48.89580078125,-77.74375,-2.999989999987E-02
    ));
#4882 = CARTESIAN_POINT('',(48.64951171875,-77.64091796875,
    -2.999989999987E-02));
#4883 = CARTESIAN_POINT('',(48.4984375,-77.47333984375,
    -2.999989999987E-02));
#4884 = VECTOR('',#4885,1.);
#4885 = DIRECTION('',(0.,-1.224646799147E-16,-1.));
#4886 = DEFINITIONAL_REPRESENTATION('',(#4887),#4894);
#4887 = B_SPLINE_CURVE_WITH_KNOTS('',5,(#4888,#4889,#4890,#4891,#4892,
    #4893),.UNSPECIFIED.,.F.,.F.,(6,6),(0.,1.),
  .PIECEWISE_BEZIER_KNOTS.);
#4888 = CARTESIAN_POINT('',(1.,-3.E-02));
#4889 = CARTESIAN_POINT('',(0.797385210445,-3.E-02));
#4890 = CARTESIAN_POINT('',(0.595362777395,-3.E-02));
#4891 = CARTESIAN_POINT('',(0.394721835771,-3.E-02));
#4892 = CARTESIAN_POINT('',(0.196098079081,-3.E-02));
#4893 = CARTESIAN_POINT('',(0.,-3.E-02));
#4894 = ( GEOMETRIC_REPRESENTATION_CONTEXT(2) 
PARAMETRIC_REPRESENTATION_CONTEXT() REPRESENTATION_CONTEXT('2D SPACE',''
  ) );
#4895 = ORIENTED_EDGE('',*,*,#4896,.F.);
#4896 = EDGE_CURVE('',#4897,#4858,#4899,.T.);
#4897 = VERTEX_POINT('',#4898);
#4898 = CARTESIAN_POINT('',(48.26357421875,-77.10517578125,
    1.000001272899E-07));
#4899 = SURFACE_CURVE('',#4900,(#4909,#4921),.PCURVE_S1.);
#4900 = B_SPLINE_CURVE_WITH_KNOTS('',4,(#4901,#4902,#4903,#4904,#4905,
    #4906,#4907,#4908),.UNSPECIFIED.,.F.,.F.,(5,3,5),(0.,0.175703859967,
    1.),.UNSPECIFIED.);
#4901 = CARTESIAN_POINT('',(48.26357421875,-77.10517578125,
    1.000001272899E-07));
#4902 = CARTESIAN_POINT('',(48.270946229302,-77.12282392772,
    1.000001272899E-07));
#4903 = CARTESIAN_POINT('',(48.278666906496,-77.14030515584,
    1.000001272899E-07));
#4904 = CARTESIAN_POINT('',(48.28673583592,-77.1576175984,
    1.000001272899E-07));
#4905 = CARTESIAN_POINT('',(48.334636649433,-77.25517938701,
    1.000001272899E-07));
#4906 = CARTESIAN_POINT('',(48.381768408073,-77.33184797503,
    1.000001272899E-07));
#4907 = CARTESIAN_POINT('',(48.436459109753,-77.40459070498,
    1.000001272899E-07));
#4908 = CARTESIAN_POINT('',(48.4984375,-77.47333984375,
    1.000001272899E-07));
#4909 = PCURVE('',#1770,#4910);
#4910 = DEFINITIONAL_REPRESENTATION('',(#4911),#4920);
#4911 = B_SPLINE_CURVE_WITH_KNOTS('',4,(#4912,#4913,#4914,#4915,#4916,
    #4917,#4918,#4919),.UNSPECIFIED.,.F.,.F.,(5,3,5),(0.,0.175703859967,
    1.),.UNSPECIFIED.);
#4912 = CARTESIAN_POINT('',(6.266564126138,1.855243789107));
#4913 = CARTESIAN_POINT('',(6.262749781642,1.873985571029));
#4914 = CARTESIAN_POINT('',(6.259317659703,1.892785111765));
#4915 = CARTESIAN_POINT('',(6.256268466322,1.911640633748));
#4916 = CARTESIAN_POINT('',(6.241095174298,2.019262944359));
#4917 = CARTESIAN_POINT('',(6.237021839639,2.10916779966));
#4918 = CARTESIAN_POINT('',(6.241407453729,2.200070736904));
#4919 = CARTESIAN_POINT('',(6.254065648399,2.291763348634));
#4920 = ( GEOMETRIC_REPRESENTATION_CONTEXT(2) 
PARAMETRIC_REPRESENTATION_CONTEXT() REPRESENTATION_CONTEXT('2D SPACE',''
  ) );
#4921 = PCURVE('',#4922,#4929);
#4922 = SURFACE_OF_LINEAR_EXTRUSION('',#4923,#4927);
#4923 = B_SPLINE_CURVE_WITH_KNOTS('',2,(#4924,#4925,#4926),
  .UNSPECIFIED.,.F.,.F.,(3,3),(0.,1.),.PIECEWISE_BEZIER_KNOTS.);
#4924 = CARTESIAN_POINT('',(48.4984375,-77.47333984375,
    -2.999989999987E-02));
#4925 = CARTESIAN_POINT('',(48.34736328125,-77.30576171875,
    -2.999989999987E-02));
#4926 = CARTESIAN_POINT('',(48.26357421875,-77.10517578125,
    -2.999989999987E-02));
#4927 = VECTOR('',#4928,1.);
#4928 = DIRECTION('',(0.,-1.224646799147E-16,-1.));
#4929 = DEFINITIONAL_REPRESENTATION('',(#4930),#4939);
#4930 = B_SPLINE_CURVE_WITH_KNOTS('',4,(#4931,#4932,#4933,#4934,#4935,
    #4936,#4937,#4938),.UNSPECIFIED.,.F.,.F.,(5,3,5),(0.,0.175703859967,
    1.),.UNSPECIFIED.);
#4931 = CARTESIAN_POINT('',(1.,-3.E-02));
#4932 = CARTESIAN_POINT('',(0.956008515119,-3.E-02));
#4933 = CARTESIAN_POINT('',(0.912008495217,-3.E-02));
#4934 = CARTESIAN_POINT('',(0.868004223671,-3.E-02));
#4935 = CARTESIAN_POINT('',(0.617558822648,-3.E-02));
#4936 = CARTESIAN_POINT('',(0.411117046663,-3.E-02));
#4937 = CARTESIAN_POINT('',(0.205125635467,-3.E-02));
#4938 = CARTESIAN_POINT('',(0.,-3.E-02));
#4939 = ( GEOMETRIC_REPRESENTATION_CONTEXT(2) 
PARAMETRIC_REPRESENTATION_CONTEXT() REPRESENTATION_CONTEXT('2D SPACE',''
  ) );
#4940 = ORIENTED_EDGE('',*,*,#4941,.F.);
#4941 = EDGE_CURVE('',#4942,#4897,#4944,.T.);
#4942 = VERTEX_POINT('',#4943);
#4943 = CARTESIAN_POINT('',(48.12138671875,-76.35615234375,
    1.000001272899E-07));
#4944 = SURFACE_CURVE('',#4945,(#4952,#4962),.PCURVE_S1.);
#4945 = B_SPLINE_CURVE_WITH_KNOTS('',5,(#4946,#4947,#4948,#4949,#4950,
    #4951),.UNSPECIFIED.,.F.,.F.,(6,6),(0.,1.),
  .PIECEWISE_BEZIER_KNOTS.);
#4946 = CARTESIAN_POINT('',(48.12138671875,-76.35615234375,
    1.000001272899E-07));
#4947 = CARTESIAN_POINT('',(48.12138671875,-76.51452584566,
    1.000001272899E-07));
#4948 = CARTESIAN_POINT('',(48.135062941055,-76.66952088922,
    1.000001272899E-07));
#4949 = CARTESIAN_POINT('',(48.163188423569,-76.82020455562,
    1.000001272899E-07));
#4950 = CARTESIAN_POINT('',(48.206134195344,-76.96567858155,
    1.000001272899E-07));
#4951 = CARTESIAN_POINT('',(48.26357421875,-77.10517578125,
    1.000001272899E-07));
#4952 = PCURVE('',#1770,#4953);
#4953 = DEFINITIONAL_REPRESENTATION('',(#4954),#4961);
#4954 = B_SPLINE_CURVE_WITH_KNOTS('',5,(#4955,#4956,#4957,#4958,#4959,
    #4960),.UNSPECIFIED.,.F.,.F.,(6,6),(0.,1.),
  .PIECEWISE_BEZIER_KNOTS.);
#4955 = CARTESIAN_POINT('',(6.569673465913,1.155688127832));
#4956 = CARTESIAN_POINT('',(6.480711244916,1.286714420402));
#4957 = CARTESIAN_POINT('',(6.40496146059,1.422627895664));
#4958 = CARTESIAN_POINT('',(6.343587709217,1.563090961023));
#4959 = CARTESIAN_POINT('',(6.297401528462,1.707568877118));
#4960 = CARTESIAN_POINT('',(6.266564126138,1.855243789107));
#4961 = ( GEOMETRIC_REPRESENTATION_CONTEXT(2) 
PARAMETRIC_REPRESENTATION_CONTEXT() REPRESENTATION_CONTEXT('2D SPACE',''
  ) );
#4962 = PCURVE('',#4963,#4970);
#4963 = SURFACE_OF_LINEAR_EXTRUSION('',#4964,#4968);
#4964 = B_SPLINE_CURVE_WITH_KNOTS('',2,(#4965,#4966,#4967),
  .UNSPECIFIED.,.F.,.F.,(3,3),(0.,1.),.PIECEWISE_BEZIER_KNOTS.);
#4965 = CARTESIAN_POINT('',(48.26357421875,-77.10517578125,
    -2.999989999987E-02));
#4966 = CARTESIAN_POINT('',(48.12138671875,-76.75986328125,
    -2.999989999987E-02));
#4967 = CARTESIAN_POINT('',(48.12138671875,-76.35615234375,
    -2.999989999987E-02));
#4968 = VECTOR('',#4969,1.);
#4969 = DIRECTION('',(0.,-1.224646799147E-16,-1.));
#4970 = DEFINITIONAL_REPRESENTATION('',(#4971),#4978);
#4971 = B_SPLINE_CURVE_WITH_KNOTS('',5,(#4972,#4973,#4974,#4975,#4976,
    #4977),.UNSPECIFIED.,.F.,.F.,(6,6),(0.,1.),
  .PIECEWISE_BEZIER_KNOTS.);
#4972 = CARTESIAN_POINT('',(1.,-3.E-02));
#4973 = CARTESIAN_POINT('',(0.803852847167,-3.E-02));
#4974 = CARTESIAN_POINT('',(0.604933213697,-3.E-02));
#4975 = CARTESIAN_POINT('',(0.4040033047,-3.E-02));
#4976 = CARTESIAN_POINT('',(0.201986895493,-3.E-02));
#4977 = CARTESIAN_POINT('',(0.,-3.E-02));
#4978 = ( GEOMETRIC_REPRESENTATION_CONTEXT(2) 
PARAMETRIC_REPRESENTATION_CONTEXT() REPRESENTATION_CONTEXT('2D SPACE',''
  ) );
#4979 = ORIENTED_EDGE('',*,*,#4980,.F.);
#4980 = EDGE_CURVE('',#4981,#4942,#4983,.T.);
#4981 = VERTEX_POINT('',#4982);
#4982 = CARTESIAN_POINT('',(48.2927734375,-75.52333984375,
    1.000001290663E-07));
#4983 = SURFACE_CURVE('',#4984,(#4995,#5009),.PCURVE_S1.);
#4984 = B_SPLINE_CURVE_WITH_KNOTS('',5,(#4985,#4986,#4987,#4988,#4989,
    #4990,#4991,#4992,#4993,#4994),.UNSPECIFIED.,.F.,.F.,(6,4,6),(0.,
    0.486793975657,1.),.UNSPECIFIED.);
#4985 = CARTESIAN_POINT('',(48.2927734375,-75.52333984375,
    1.000001290663E-07));
#4986 = CARTESIAN_POINT('',(48.25761151059,-75.59210094526,
    1.000001290663E-07));
#4987 = CARTESIAN_POINT('',(48.227246600649,-75.66457331799,
    1.000001272899E-07));
#4988 = CARTESIAN_POINT('',(48.201629629229,-75.74042191271,
    1.000001272899E-07));
#4989 = CARTESIAN_POINT('',(48.180585472682,-75.81927675018,
    1.000001272899E-07));
#4990 = CARTESIAN_POINT('',(48.146291370926,-75.98672052032,
    1.000001272899E-07));
#4991 = CARTESIAN_POINT('',(48.133526077231,-76.07560664607,
    1.000001272899E-07));
#4992 = CARTESIAN_POINT('',(48.125331037333,-76.16704257109,
    1.000001272899E-07));
#4993 = CARTESIAN_POINT('',(48.12138671875,-76.26065784566,
    1.000001272899E-07));
#4994 = CARTESIAN_POINT('',(48.12138671875,-76.35615234375,
    1.000001272899E-07));
#4995 = PCURVE('',#1770,#4996);
#4996 = DEFINITIONAL_REPRESENTATION('',(#4997),#5008);
#4997 = B_SPLINE_CURVE_WITH_KNOTS('',5,(#4998,#4999,#5000,#5001,#5002,
    #5003,#5004,#5005,#5006,#5007),.UNSPECIFIED.,.F.,.F.,(6,4,6),(0.,
    0.486793975657,1.),.UNSPECIFIED.);
#4998 = CARTESIAN_POINT('',(7.179276807754,0.562953926747));
#4999 = CARTESIAN_POINT('',(7.111561709575,0.600090373315));
#5000 = CARTESIAN_POINT('',(7.045730590818,0.642991846108));
#5001 = CARTESIAN_POINT('',(6.981931052916,0.691353582117));
#5002 = CARTESIAN_POINT('',(6.920226038048,0.744771117232));
#5003 = CARTESIAN_POINT('',(6.79779647465,0.864037640525));
#5004 = CARTESIAN_POINT('',(6.737305949698,0.930404744318));
#5005 = CARTESIAN_POINT('',(6.679164224269,1.001448581679));
#5006 = CARTESIAN_POINT('',(6.623315031832,1.076683181336));
#5007 = CARTESIAN_POINT('',(6.569673465913,1.155688127832));
#5008 = ( GEOMETRIC_REPRESENTATION_CONTEXT(2) 
PARAMETRIC_REPRESENTATION_CONTEXT() REPRESENTATION_CONTEXT('2D SPACE',''
  ) );
#5009 = PCURVE('',#5010,#5017);
#5010 = SURFACE_OF_LINEAR_EXTRUSION('',#5011,#5015);
#5011 = B_SPLINE_CURVE_WITH_KNOTS('',2,(#5012,#5013,#5014),
  .UNSPECIFIED.,.F.,.F.,(3,3),(0.,1.),.PIECEWISE_BEZIER_KNOTS.);
#5012 = CARTESIAN_POINT('',(48.12138671875,-76.35615234375,
    -2.999989999987E-02));
#5013 = CARTESIAN_POINT('',(48.12138671875,-75.85849609375,
    -2.999989999987E-02));
#5014 = CARTESIAN_POINT('',(48.2927734375,-75.52333984375,
    -2.999989999987E-02));
#5015 = VECTOR('',#5016,1.);
#5016 = DIRECTION('',(0.,-1.224646799147E-16,-1.));
#5017 = DEFINITIONAL_REPRESENTATION('',(#5018),#5029);
#5018 = B_SPLINE_CURVE_WITH_KNOTS('',5,(#5019,#5020,#5021,#5022,#5023,
    #5024,#5025,#5026,#5027,#5028),.UNSPECIFIED.,.F.,.F.,(6,4,6),(0.,
    0.486793975657,1.),.UNSPECIFIED.);
#5019 = CARTESIAN_POINT('',(1.,-3.E-02));
#5020 = CARTESIAN_POINT('',(0.897419335739,-3.E-02));
#5021 = CARTESIAN_POINT('',(0.795679624987,-3.E-02));
#5022 = CARTESIAN_POINT('',(0.695070742113,-3.E-02));
#5023 = CARTESIAN_POINT('',(0.59579758365,-3.E-02));
#5024 = CARTESIAN_POINT('',(0.394896199203,-3.E-02));
#5025 = CARTESIAN_POINT('',(0.293431066059,-3.E-02));
#5026 = CARTESIAN_POINT('',(0.193757810754,-3.E-02));
#5027 = CARTESIAN_POINT('',(9.594423669722E-02,-3.E-02));
#5028 = CARTESIAN_POINT('',(0.,-3.E-02));
#5029 = ( GEOMETRIC_REPRESENTATION_CONTEXT(2) 
PARAMETRIC_REPRESENTATION_CONTEXT() REPRESENTATION_CONTEXT('2D SPACE',''
  ) );
#5030 = ORIENTED_EDGE('',*,*,#5031,.F.);
#5031 = EDGE_CURVE('',#5032,#4981,#5034,.T.);
#5032 = VERTEX_POINT('',#5033);
#5033 = CARTESIAN_POINT('',(48.79169921875,-75.02568359375,
    1.000001290663E-07));
#5034 = SURFACE_CURVE('',#5035,(#5046,#5060),.PCURVE_S1.);
#5035 = B_SPLINE_CURVE_WITH_KNOTS('',5,(#5036,#5037,#5038,#5039,#5040,
    #5041,#5042,#5043,#5044,#5045),.UNSPECIFIED.,.F.,.F.,(6,4,6),(0.,
    0.425143881602,1.),.UNSPECIFIED.);
#5036 = CARTESIAN_POINT('',(48.79169921875,-75.02568359375,
    1.000001290663E-07));
#5037 = CARTESIAN_POINT('',(48.736366347533,-75.05313556086,
    1.000001290663E-07));
#5038 = CARTESIAN_POINT('',(48.683465671393,-75.08384235009,
    1.000001290663E-07));
#5039 = CARTESIAN_POINT('',(48.633176651164,-75.11782886185,
    1.000001290663E-07));
#5040 = CARTESIAN_POINT('',(48.585645422279,-75.1550678508,
    1.000001290663E-07));
#5041 = CARTESIAN_POINT('',(48.480571389751,-75.2500914659,
    1.000001290663E-07));
#5042 = CARTESIAN_POINT('',(48.425390694254,-75.31049916617,
    1.000001290663E-07));
#5043 = CARTESIAN_POINT('',(48.375691932119,-75.37645777705,
    1.000001290663E-07));
#5044 = CARTESIAN_POINT('',(48.331519606805,-75.4475695571,
    1.000001290663E-07));
#5045 = CARTESIAN_POINT('',(48.2927734375,-75.52333984375,
    1.000001290663E-07));
#5046 = PCURVE('',#1770,#5047);
#5047 = DEFINITIONAL_REPRESENTATION('',(#5048),#5059);
#5048 = B_SPLINE_CURVE_WITH_KNOTS('',5,(#5049,#5050,#5051,#5052,#5053,
    #5054,#5055,#5056,#5057,#5058),.UNSPECIFIED.,.F.,.F.,(6,4,6),(0.,
    0.425143881602,1.),.UNSPECIFIED.);
#5049 = CARTESIAN_POINT('',(7.871595910071,0.431489334834));
#5050 = CARTESIAN_POINT('',(7.810397232131,0.423119212139));
#5051 = CARTESIAN_POINT('',(7.749382456794,0.418808106533));
#5052 = CARTESIAN_POINT('',(7.688686069259,0.418677426224));
#5053 = CARTESIAN_POINT('',(7.628444275326,0.422786718278));
#5054 = CARTESIAN_POINT('',(7.488136884852,0.442379469925));
#5055 = CARTESIAN_POINT('',(7.408552074383,0.46135991643));
#5056 = CARTESIAN_POINT('',(7.330384521632,0.48801210215));
#5057 = CARTESIAN_POINT('',(7.253894466375,0.522031964482));
#5058 = CARTESIAN_POINT('',(7.179276807754,0.562953926747));
#5059 = ( GEOMETRIC_REPRESENTATION_CONTEXT(2) 
PARAMETRIC_REPRESENTATION_CONTEXT() REPRESENTATION_CONTEXT('2D SPACE',''
  ) );
#5060 = PCURVE('',#5061,#5068);
#5061 = SURFACE_OF_LINEAR_EXTRUSION('',#5062,#5066);
#5062 = B_SPLINE_CURVE_WITH_KNOTS('',2,(#5063,#5064,#5065),
  .UNSPECIFIED.,.F.,.F.,(3,3),(0.,1.),.PIECEWISE_BEZIER_KNOTS.);
#5063 = CARTESIAN_POINT('',(48.2927734375,-75.52333984375,
    -2.999989999987E-02));
#5064 = CARTESIAN_POINT('',(48.46416015625,-75.18818359375,
    -2.999989999987E-02));
#5065 = CARTESIAN_POINT('',(48.79169921875,-75.02568359375,
    -2.999989999987E-02));
#5066 = VECTOR('',#5067,1.);
#5067 = DIRECTION('',(0.,-1.224646799147E-16,-1.));
#5068 = DEFINITIONAL_REPRESENTATION('',(#5069),#5080);
#5069 = B_SPLINE_CURVE_WITH_KNOTS('',5,(#5070,#5071,#5072,#5073,#5074,
    #5075,#5076,#5077,#5078,#5079),.UNSPECIFIED.,.F.,.F.,(6,4,6),(0.,
    0.425143881602,1.),.UNSPECIFIED.);
#5070 = CARTESIAN_POINT('',(1.,-3.E-02));
#5071 = CARTESIAN_POINT('',(0.915532408876,-3.E-02));
#5072 = CARTESIAN_POINT('',(0.83052583156,-3.E-02));
#5073 = CARTESIAN_POINT('',(0.745145640688,-3.E-02));
#5074 = CARTESIAN_POINT('',(0.659571788088,-3.E-02));
#5075 = CARTESIAN_POINT('',(0.458294545745,-3.E-02));
#5076 = CARTESIAN_POINT('',(0.342580375374,-3.E-02));
#5077 = CARTESIAN_POINT('',(0.227352631439,-3.E-02));
#5078 = CARTESIAN_POINT('',(0.11303725746,-3.E-02));
#5079 = CARTESIAN_POINT('',(0.,-3.E-02));
#5080 = ( GEOMETRIC_REPRESENTATION_CONTEXT(2) 
PARAMETRIC_REPRESENTATION_CONTEXT() REPRESENTATION_CONTEXT('2D SPACE',''
  ) );
#5081 = ORIENTED_EDGE('',*,*,#5082,.F.);
#5082 = EDGE_CURVE('',#5083,#5032,#5085,.T.);
#5083 = VERTEX_POINT('',#5084);
#5084 = CARTESIAN_POINT('',(49.48740234375,-74.86318359375,
    1.000001290663E-07));
#5085 = SURFACE_CURVE('',#5086,(#5097,#5111),.PCURVE_S1.);
#5086 = B_SPLINE_CURVE_WITH_KNOTS('',5,(#5087,#5088,#5089,#5090,#5091,
    #5092,#5093,#5094,#5095,#5096),.UNSPECIFIED.,.F.,.F.,(6,4,6),(0.,
    0.533202142721,1.),.UNSPECIFIED.);
#5087 = CARTESIAN_POINT('',(49.48740234375,-74.86318359375,
    1.000001290663E-07));
#5088 = CARTESIAN_POINT('',(49.40945340662,-74.86318359375,
    1.000001290663E-07));
#5089 = CARTESIAN_POINT('',(49.332241059528,-74.86773630623,
    1.000001290663E-07));
#5090 = CARTESIAN_POINT('',(49.255914130221,-74.87693560227,
    1.000001290663E-07));
#5091 = CARTESIAN_POINT('',(49.180615694506,-74.89081753416,
    1.000001290663E-07));
#5092 = CARTESIAN_POINT('',(49.041578132921,-74.92557081176,
    1.000001290663E-07));
#5093 = CARTESIAN_POINT('',(48.977565910564,-74.94535702284,
    1.000001290663E-07));
#5094 = CARTESIAN_POINT('',(48.914533553375,-74.96868331936,
    1.000001290663E-07));
#5095 = CARTESIAN_POINT('',(48.852557148543,-74.9954905123,
    1.000001290663E-07));
#5096 = CARTESIAN_POINT('',(48.79169921875,-75.02568359375,
    1.000001290663E-07));
#5097 = PCURVE('',#1770,#5098);
#5098 = DEFINITIONAL_REPRESENTATION('',(#5099),#5110);
#5099 = B_SPLINE_CURVE_WITH_KNOTS('',5,(#5100,#5101,#5102,#5103,#5104,
    #5105,#5106,#5107,#5108,#5109),.UNSPECIFIED.,.F.,.F.,(6,4,6),(0.,
    0.533202142721,1.),.UNSPECIFIED.);
#5100 = CARTESIAN_POINT('',(8.538448387487,0.68784233657));
#5101 = CARTESIAN_POINT('',(8.473959315021,0.644056535994));
#5102 = CARTESIAN_POINT('',(8.407522273049,0.60445106682));
#5103 = CARTESIAN_POINT('',(8.339207660775,0.569187191041));
#5104 = CARTESIAN_POINT('',(8.26911359689,0.538375104738));
#5105 = CARTESIAN_POINT('',(8.134562647856,0.489026589568));
#5106 = CARTESIAN_POINT('',(8.070489369596,0.469438997247));
#5107 = CARTESIAN_POINT('',(8.005238206395,0.45333061859));
#5108 = CARTESIAN_POINT('',(7.938905354956,0.440695225079));
#5109 = CARTESIAN_POINT('',(7.871595910071,0.431489334834));
#5110 = ( GEOMETRIC_REPRESENTATION_CONTEXT(2) 
PARAMETRIC_REPRESENTATION_CONTEXT() REPRESENTATION_CONTEXT('2D SPACE',''
  ) );
#5111 = PCURVE('',#5112,#5119);
#5112 = SURFACE_OF_LINEAR_EXTRUSION('',#5113,#5117);
#5113 = B_SPLINE_CURVE_WITH_KNOTS('',2,(#5114,#5115,#5116),
  .UNSPECIFIED.,.F.,.F.,(3,3),(0.,1.),.PIECEWISE_BEZIER_KNOTS.);
#5114 = CARTESIAN_POINT('',(48.79169921875,-75.02568359375,
    -2.999989999987E-02));
#5115 = CARTESIAN_POINT('',(49.11923828125,-74.86318359375,
    -2.999989999987E-02));
#5116 = CARTESIAN_POINT('',(49.48740234375,-74.86318359375,
    -2.999989999987E-02));
#5117 = VECTOR('',#5118,1.);
#5118 = DIRECTION('',(0.,-1.224646799147E-16,-1.));
#5119 = DEFINITIONAL_REPRESENTATION('',(#5120),#5131);
#5120 = B_SPLINE_CURVE_WITH_KNOTS('',5,(#5121,#5122,#5123,#5124,#5125,
    #5126,#5127,#5128,#5129,#5130),.UNSPECIFIED.,.F.,.F.,(6,4,6),(0.,
    0.533202142721,1.),.UNSPECIFIED.);
#5121 = CARTESIAN_POINT('',(1.,-3.E-02));
#5122 = CARTESIAN_POINT('',(0.8941383135,-3.E-02));
#5123 = CARTESIAN_POINT('',(0.787731234166,-3.E-02));
#5124 = CARTESIAN_POINT('',(0.680949012154,-3.E-02));
#5125 = CARTESIAN_POINT('',(0.573973716747,-3.E-02));
#5126 = CARTESIAN_POINT('',(0.373348647611,-3.E-02));
#5127 = CARTESIAN_POINT('',(0.279696411895,-3.E-02));
#5128 = CARTESIAN_POINT('',(0.186172982624,-3.E-02));
#5129 = CARTESIAN_POINT('',(9.29017890691E-02,-3.E-02));
#5130 = CARTESIAN_POINT('',(0.,-3.E-02));
#5131 = ( GEOMETRIC_REPRESENTATION_CONTEXT(2) 
PARAMETRIC_REPRESENTATION_CONTEXT() REPRESENTATION_CONTEXT('2D SPACE',''
  ) );
#5132 = ORIENTED_EDGE('',*,*,#5133,.F.);
#5133 = EDGE_CURVE('',#5134,#5083,#5136,.T.);
#5134 = VERTEX_POINT('',#5135);
#5135 = CARTESIAN_POINT('',(50.11201171875,-74.986328125,
    1.000001290663E-07));
#5136 = SURFACE_CURVE('',#5137,(#5148,#5162),.PCURVE_S1.);
#5137 = B_SPLINE_CURVE_WITH_KNOTS('',5,(#5138,#5139,#5140,#5141,#5142,
    #5143,#5144,#5145,#5146,#5147),.UNSPECIFIED.,.F.,.F.,(6,4,6),(0.,
    0.684574923803,1.),.UNSPECIFIED.);
#5138 = CARTESIAN_POINT('',(50.11201171875,-74.986328125,
    1.000001290663E-07));
#5139 = CARTESIAN_POINT('',(50.029210251212,-74.95286253187,
    1.000001290663E-07));
#5140 = CARTESIAN_POINT('',(49.94529083132,-74.92491339824,
    1.000001290663E-07));
#5141 = CARTESIAN_POINT('',(49.860369130491,-74.9026471196,
    1.000001290663E-07));
#5142 = CARTESIAN_POINT('',(49.774578375376,-74.88616329707,
    1.000001290663E-07));
#5143 = CARTESIAN_POINT('',(49.648212878528,-74.87055801759,
    1.000001290663E-07));
#5144 = CARTESIAN_POINT('',(49.608201729693,-74.86686721086,
    1.000001290663E-07));
#5145 = CARTESIAN_POINT('',(49.568052948668,-74.86440967097,
    1.000001290663E-07));
#5146 = CARTESIAN_POINT('',(49.527781440228,-74.86318359375,
    1.000001290663E-07));
#5147 = CARTESIAN_POINT('',(49.48740234375,-74.86318359375,
    1.000001290663E-07));
#5148 = PCURVE('',#1770,#5149);
#5149 = DEFINITIONAL_REPRESENTATION('',(#5150),#5161);
#5150 = B_SPLINE_CURVE_WITH_KNOTS('',5,(#5151,#5152,#5153,#5154,#5155,
    #5156,#5157,#5158,#5159,#5160),.UNSPECIFIED.,.F.,.F.,(6,4,6),(0.,
    0.684574923803,1.),.UNSPECIFIED.);
#5151 = CARTESIAN_POINT('',(8.98602982535,1.140581006661));
#5152 = CARTESIAN_POINT('',(8.93632456706,1.066382514438));
#5153 = CARTESIAN_POINT('',(8.88259567076,0.996119943977));
#5154 = CARTESIAN_POINT('',(8.8248453659,0.929995933778));
#5155 = CARTESIAN_POINT('',(8.763127925811,0.868167722924));
#5156 = CARTESIAN_POINT('',(8.667348505294,0.784274539967));
#5157 = CARTESIAN_POINT('',(8.63631951326,0.758745816169));
#5158 = CARTESIAN_POINT('',(8.604483898962,0.734160093028));
#5159 = CARTESIAN_POINT('',(8.571855006933,0.710524250281));
#5160 = CARTESIAN_POINT('',(8.538448387487,0.68784233657));
#5161 = ( GEOMETRIC_REPRESENTATION_CONTEXT(2) 
PARAMETRIC_REPRESENTATION_CONTEXT() REPRESENTATION_CONTEXT('2D SPACE',''
  ) );
#5162 = PCURVE('',#5163,#5170);
#5163 = SURFACE_OF_LINEAR_EXTRUSION('',#5164,#5168);
#5164 = B_SPLINE_CURVE_WITH_KNOTS('',2,(#5165,#5166,#5167),
  .UNSPECIFIED.,.F.,.F.,(3,3),(0.,1.),.PIECEWISE_BEZIER_KNOTS.);
#5165 = CARTESIAN_POINT('',(49.48740234375,-74.86318359375,
    -2.999989999987E-02));
#5166 = CARTESIAN_POINT('',(49.80732421875,-74.86318359375,
    -2.999989999987E-02));
#5167 = CARTESIAN_POINT('',(50.11201171875,-74.986328125,
    -2.999989999987E-02));
#5168 = VECTOR('',#5169,1.);
#5169 = DIRECTION('',(0.,-1.224646799147E-16,-1.));
#5170 = DEFINITIONAL_REPRESENTATION('',(#5171),#5182);
#5171 = B_SPLINE_CURVE_WITH_KNOTS('',5,(#5172,#5173,#5174,#5175,#5176,
    #5177,#5178,#5179,#5180,#5181),.UNSPECIFIED.,.F.,.F.,(6,4,6),(0.,
    0.684574923803,1.),.UNSPECIFIED.);
#5172 = CARTESIAN_POINT('',(1.,-3.E-02));
#5173 = CARTESIAN_POINT('',(0.864120668656,-3.E-02));
#5174 = CARTESIAN_POINT('',(0.727560696521,-3.E-02));
#5175 = CARTESIAN_POINT('',(0.590533036252,-3.E-02));
#5176 = CARTESIAN_POINT('',(0.453265162818,-3.E-02));
#5177 = CARTESIAN_POINT('',(0.252753636548,-3.E-02));
#5178 = CARTESIAN_POINT('',(0.189507346368,-3.E-02));
#5179 = CARTESIAN_POINT('',(0.1262844008,-3.E-02));
#5180 = CARTESIAN_POINT('',(6.310774541151E-02,-3.E-02));
#5181 = CARTESIAN_POINT('',(0.,-3.E-02));
#5182 = ( GEOMETRIC_REPRESENTATION_CONTEXT(2) 
PARAMETRIC_REPRESENTATION_CONTEXT() REPRESENTATION_CONTEXT('2D SPACE',''
  ) );
#5183 = ORIENTED_EDGE('',*,*,#5184,.F.);
#5184 = EDGE_CURVE('',#4001,#5134,#5185,.T.);
#5185 = SURFACE_CURVE('',#5186,(#5194,#5205),.PCURVE_S1.);
#5186 = B_SPLINE_CURVE_WITH_KNOTS('',6,(#5187,#5188,#5189,#5190,#5191,
    #5192,#5193),.UNSPECIFIED.,.F.,.F.,(7,7),(0.,1.),
  .PIECEWISE_BEZIER_KNOTS.);
#5187 = CARTESIAN_POINT('',(50.57412109375,-75.24912109375,
    1.000001290663E-07));
#5188 = CARTESIAN_POINT('',(50.51921193647,-75.20041135745,
    1.000001290663E-07));
#5189 = CARTESIAN_POINT('',(50.454370104127,-75.15363155989,
    1.000001290663E-07));
#5190 = CARTESIAN_POINT('',(50.38035869707,-75.1088585415,
    1.000001290663E-07));
#5191 = CARTESIAN_POINT('',(50.298069086947,-75.06608783947,
    1.000001290663E-07));
#5192 = CARTESIAN_POINT('',(50.208363854621,-75.02527044658,
    1.000001290663E-07));
#5193 = CARTESIAN_POINT('',(50.11201171875,-74.986328125,
    1.000001290663E-07));
#5194 = PCURVE('',#1770,#5195);
#5195 = DEFINITIONAL_REPRESENTATION('',(#5196),#5204);
#5196 = B_SPLINE_CURVE_WITH_KNOTS('',6,(#5197,#5198,#5199,#5200,#5201,
    #5202,#5203),.UNSPECIFIED.,.F.,.F.,(7,7),(0.,1.),
  .PIECEWISE_BEZIER_KNOTS.);
#5197 = CARTESIAN_POINT('',(9.220727117232,1.617574088446));
#5198 = CARTESIAN_POINT('',(9.202660856483,1.546431526039));
#5199 = CARTESIAN_POINT('',(9.175292956209,1.471306225932));
#5200 = CARTESIAN_POINT('',(9.139211584963,1.392690412008));
#5201 = CARTESIAN_POINT('',(9.095156703301,1.311081097048));
#5202 = CARTESIAN_POINT('',(9.043869474122,1.22692226868));
#5203 = CARTESIAN_POINT('',(8.98602982535,1.140581006661));
#5204 = ( GEOMETRIC_REPRESENTATION_CONTEXT(2) 
PARAMETRIC_REPRESENTATION_CONTEXT() REPRESENTATION_CONTEXT('2D SPACE',''
  ) );
#5205 = PCURVE('',#5206,#5213);
#5206 = SURFACE_OF_LINEAR_EXTRUSION('',#5207,#5211);
#5207 = B_SPLINE_CURVE_WITH_KNOTS('',2,(#5208,#5209,#5210),
  .UNSPECIFIED.,.F.,.F.,(3,3),(0.,1.),.PIECEWISE_BEZIER_KNOTS.);
#5208 = CARTESIAN_POINT('',(50.11201171875,-74.986328125,
    -2.999989999987E-02));
#5209 = CARTESIAN_POINT('',(50.41669921875,-75.10947265625,
    -2.999989999987E-02));
#5210 = CARTESIAN_POINT('',(50.57412109375,-75.24912109375,
    -2.999989999987E-02));
#5211 = VECTOR('',#5212,1.);
#5212 = DIRECTION('',(0.,-1.224646799147E-16,-1.));
#5213 = DEFINITIONAL_REPRESENTATION('',(#5214),#5222);
#5214 = B_SPLINE_CURVE_WITH_KNOTS('',6,(#5215,#5216,#5217,#5218,#5219,
    #5220,#5221),.UNSPECIFIED.,.F.,.F.,(7,7),(0.,1.),
  .PIECEWISE_BEZIER_KNOTS.);
#5215 = CARTESIAN_POINT('',(1.,-3.E-02));
#5216 = CARTESIAN_POINT('',(0.825598706407,-3.E-02));
#5217 = CARTESIAN_POINT('',(0.653793862967,-3.E-02));
#5218 = CARTESIAN_POINT('',(0.485101585604,-3.E-02));
#5219 = CARTESIAN_POINT('',(0.319825237365,-3.E-02));
#5220 = CARTESIAN_POINT('',(0.158116325532,-3.E-02));
#5221 = CARTESIAN_POINT('',(0.,-3.E-02));
#5222 = ( GEOMETRIC_REPRESENTATION_CONTEXT(2) 
PARAMETRIC_REPRESENTATION_CONTEXT() REPRESENTATION_CONTEXT('2D SPACE',''
  ) );
#5223 = ADVANCED_FACE('',(#5224),#1808,.T.);
#5224 = FACE_BOUND('',#5225,.T.);
#5225 = EDGE_LOOP('',(#5226,#5227,#5228,#5229));
#5226 = ORIENTED_EDGE('',*,*,#2521,.T.);
#5227 = ORIENTED_EDGE('',*,*,#1788,.T.);
#5228 = ORIENTED_EDGE('',*,*,#3739,.F.);
#5229 = ORIENTED_EDGE('',*,*,#5230,.F.);
#5230 = EDGE_CURVE('',#2405,#3705,#5231,.T.);
#5231 = SURFACE_CURVE('',#5232,(#5242,#5249),.PCURVE_S1.);
#5232 = ( BOUNDED_CURVE() B_SPLINE_CURVE(8,(#5233,#5234,#5235,#5236,
    #5237,#5238,#5239,#5240,#5241),.UNSPECIFIED.,.F.,.F.) 
B_SPLINE_CURVE_WITH_KNOTS((9,9),(0.,1.),.PIECEWISE_BEZIER_KNOTS.) CURVE(
) GEOMETRIC_REPRESENTATION_ITEM() RATIONAL_B_SPLINE_CURVE((1.,
    0.999999999998,1.000000000007,0.999999999989,1.000000000011,
    0.999999999993,1.000000000003,0.999999999999,1.)) 
REPRESENTATION_ITEM('') );
#5233 = CARTESIAN_POINT('',(39.7645,-85.179875,12.0000001));
#5234 = CARTESIAN_POINT('',(39.655415965373,-85.306278217,
    10.109050780334));
#5235 = CARTESIAN_POINT('',(39.992955257787,-85.02918849296,
    8.853147919602));
#5236 = CARTESIAN_POINT('',(39.90419076027,-85.25863824082,
    6.054939778262));
#5237 = CARTESIAN_POINT('',(40.727341392638,-84.67193300128,
    5.733264695011));
#5238 = CARTESIAN_POINT('',(40.592678213537,-84.95129242639,
    2.616030019782));
#5239 = CARTESIAN_POINT('',(42.011472816194,-84.15068653881,
    1.855487538744));
#5240 = CARTESIAN_POINT('',(43.127739176293,-83.09658033118,
    3.86889443969E-02));
#5241 = CARTESIAN_POINT('',(44.734632609201,-81.78804362221,
    1.000001272899E-07));
#5242 = PCURVE('',#1808,#5243);
#5243 = DEFINITIONAL_REPRESENTATION('',(#5244),#5248);
#5244 = LINE('',#5245,#5246);
#5245 = CARTESIAN_POINT('',(7.,0.));
#5246 = VECTOR('',#5247,1.);
#5247 = DIRECTION('',(0.,1.));
#5248 = ( GEOMETRIC_REPRESENTATION_CONTEXT(2) 
PARAMETRIC_REPRESENTATION_CONTEXT() REPRESENTATION_CONTEXT('2D SPACE',''
  ) );
#5249 = PCURVE('',#2432,#5250);
#5250 = DEFINITIONAL_REPRESENTATION('',(#5251),#5255);
#5251 = LINE('',#5252,#5253);
#5252 = CARTESIAN_POINT('',(7.,0.));
#5253 = VECTOR('',#5254,1.);
#5254 = DIRECTION('',(0.,1.));
#5255 = ( GEOMETRIC_REPRESENTATION_CONTEXT(2) 
PARAMETRIC_REPRESENTATION_CONTEXT() REPRESENTATION_CONTEXT('2D SPACE',''
  ) );
#5256 = ADVANCED_FACE('',(#5257),#2432,.T.);
#5257 = FACE_BOUND('',#5258,.T.);
#5258 = EDGE_LOOP('',(#5259,#5260,#5261,#5262));
#5259 = ORIENTED_EDGE('',*,*,#2404,.T.);
#5260 = ORIENTED_EDGE('',*,*,#5230,.T.);
#5261 = ORIENTED_EDGE('',*,*,#3704,.F.);
#5262 = ORIENTED_EDGE('',*,*,#5263,.F.);
#5263 = EDGE_CURVE('',#2288,#3670,#5264,.T.);
#5264 = SURFACE_CURVE('',#5265,(#5275,#5282),.PCURVE_S1.);
#5265 = ( BOUNDED_CURVE() B_SPLINE_CURVE(8,(#5266,#5267,#5268,#5269,
    #5270,#5271,#5272,#5273,#5274),.UNSPECIFIED.,.F.,.F.) 
B_SPLINE_CURVE_WITH_KNOTS((9,9),(0.,1.),.PIECEWISE_BEZIER_KNOTS.) CURVE(
) GEOMETRIC_REPRESENTATION_ITEM() RATIONAL_B_SPLINE_CURVE((1.,
    0.999999999998,1.000000000007,0.999999999989,1.000000000011,
    0.999999999993,1.000000000003,0.999999999999,1.)) 
REPRESENTATION_ITEM('') );
#5266 = CARTESIAN_POINT('',(55.4855,-85.179875,12.0000001));
#5267 = CARTESIAN_POINT('',(55.594584034646,-85.306278217,
    10.109050780335));
#5268 = CARTESIAN_POINT('',(55.257044742158,-85.02918849295,
    8.853147919599));
#5269 = CARTESIAN_POINT('',(55.345809239816,-85.25863824084,
    6.054939778266));
#5270 = CARTESIAN_POINT('',(54.522658607279,-84.67193300126,
    5.733264695009));
#5271 = CARTESIAN_POINT('',(54.657321786516,-84.9512924264,
    2.616030019783));
#5272 = CARTESIAN_POINT('',(53.238527183786,-84.1506865388,
    1.855487538744));
#5273 = CARTESIAN_POINT('',(52.122260823711,-83.09658033118,
    3.86889443969E-02));
#5274 = CARTESIAN_POINT('',(50.515367390799,-81.78804362221,
    1.000001272899E-07));
#5275 = PCURVE('',#2432,#5276);
#5276 = DEFINITIONAL_REPRESENTATION('',(#5277),#5281);
#5277 = LINE('',#5278,#5279);
#5278 = CARTESIAN_POINT('',(6.,0.));
#5279 = VECTOR('',#5280,1.);
#5280 = DIRECTION('',(0.,1.));
#5281 = ( GEOMETRIC_REPRESENTATION_CONTEXT(2) 
PARAMETRIC_REPRESENTATION_CONTEXT() REPRESENTATION_CONTEXT('2D SPACE',''
  ) );
#5282 = PCURVE('',#2315,#5283);
#5283 = DEFINITIONAL_REPRESENTATION('',(#5284),#5288);
#5284 = LINE('',#5285,#5286);
#5285 = CARTESIAN_POINT('',(6.,0.));
#5286 = VECTOR('',#5287,1.);
#5287 = DIRECTION('',(0.,1.));
#5288 = ( GEOMETRIC_REPRESENTATION_CONTEXT(2) 
PARAMETRIC_REPRESENTATION_CONTEXT() REPRESENTATION_CONTEXT('2D SPACE',''
  ) );
#5289 = ADVANCED_FACE('',(#5290),#1964,.T.);
#5290 = FACE_BOUND('',#5291,.T.);
#5291 = EDGE_LOOP('',(#5292,#5293,#5320,#5321));
#5292 = ORIENTED_EDGE('',*,*,#1936,.T.);
#5293 = ORIENTED_EDGE('',*,*,#5294,.T.);
#5294 = EDGE_CURVE('',#1937,#3565,#5295,.T.);
#5295 = SURFACE_CURVE('',#5296,(#5306,#5313),.PCURVE_S1.);
#5296 = ( BOUNDED_CURVE() B_SPLINE_CURVE(8,(#5297,#5298,#5299,#5300,
    #5301,#5302,#5303,#5304,#5305),.UNSPECIFIED.,.F.,.F.) 
B_SPLINE_CURVE_WITH_KNOTS((9,9),(0.,1.),.PIECEWISE_BEZIER_KNOTS.) CURVE(
) GEOMETRIC_REPRESENTATION_ITEM() RATIONAL_B_SPLINE_CURVE((1.,
    0.999999999998,1.000000000007,0.999999999989,1.000000000011,
    0.999999999993,1.000000000003,0.999999999999,1.)) 
REPRESENTATION_ITEM('') );
#5297 = CARTESIAN_POINT('',(55.4855,-67.220125,12.0000001));
#5298 = CARTESIAN_POINT('',(55.594584034637,-67.09372178296,
    10.109050780361));
#5299 = CARTESIAN_POINT('',(55.257044742184,-67.37081150714,
    8.853147919526));
#5300 = CARTESIAN_POINT('',(55.345809239776,-67.141361759,6.054939778378
    ));
#5301 = CARTESIAN_POINT('',(54.522658607317,-67.72806699887,5.7332646949
    ));
#5302 = CARTESIAN_POINT('',(54.657321786492,-67.4487075735,
    2.616030019851));
#5303 = CARTESIAN_POINT('',(53.238527183795,-68.24931346122,
    1.855487538718));
#5304 = CARTESIAN_POINT('',(52.122260823709,-69.30341966881,
    3.868894440204E-02));
#5305 = CARTESIAN_POINT('',(50.515367390799,-70.61195637778,
    1.000001361717E-07));
#5306 = PCURVE('',#1964,#5307);
#5307 = DEFINITIONAL_REPRESENTATION('',(#5308),#5312);
#5308 = LINE('',#5309,#5310);
#5309 = CARTESIAN_POINT('',(3.,0.));
#5310 = VECTOR('',#5311,1.);
#5311 = DIRECTION('',(0.,1.));
#5312 = ( GEOMETRIC_REPRESENTATION_CONTEXT(2) 
PARAMETRIC_REPRESENTATION_CONTEXT() REPRESENTATION_CONTEXT('2D SPACE',''
  ) );
#5313 = PCURVE('',#2081,#5314);
#5314 = DEFINITIONAL_REPRESENTATION('',(#5315),#5319);
#5315 = LINE('',#5316,#5317);
#5316 = CARTESIAN_POINT('',(3.,0.));
#5317 = VECTOR('',#5318,1.);
#5318 = DIRECTION('',(0.,1.));
#5319 = ( GEOMETRIC_REPRESENTATION_CONTEXT(2) 
PARAMETRIC_REPRESENTATION_CONTEXT() REPRESENTATION_CONTEXT('2D SPACE',''
  ) );
#5320 = ORIENTED_EDGE('',*,*,#3564,.F.);
#5321 = ORIENTED_EDGE('',*,*,#3496,.F.);
#5322 = ADVANCED_FACE('',(#5323),#2315,.T.);
#5323 = FACE_BOUND('',#5324,.T.);
#5324 = EDGE_LOOP('',(#5325,#5326,#5327,#5328));
#5325 = ORIENTED_EDGE('',*,*,#2287,.T.);
#5326 = ORIENTED_EDGE('',*,*,#5263,.T.);
#5327 = ORIENTED_EDGE('',*,*,#3669,.F.);
#5328 = ORIENTED_EDGE('',*,*,#5329,.F.);
#5329 = EDGE_CURVE('',#2171,#3635,#5330,.T.);
#5330 = SURFACE_CURVE('',#5331,(#5341,#5348),.PCURVE_S1.);
#5331 = ( BOUNDED_CURVE() B_SPLINE_CURVE(8,(#5332,#5333,#5334,#5335,
    #5336,#5337,#5338,#5339,#5340),.UNSPECIFIED.,.F.,.F.) 
B_SPLINE_CURVE_WITH_KNOTS((9,9),(0.,1.),.PIECEWISE_BEZIER_KNOTS.) CURVE(
) GEOMETRIC_REPRESENTATION_ITEM() RATIONAL_B_SPLINE_CURVE((1.,
    0.999999999998,1.000000000007,0.999999999989,1.000000000011,
    0.999999999993,1.000000000003,0.999999999999,1.)) 
REPRESENTATION_ITEM('') );
#5332 = CARTESIAN_POINT('',(56.604875,-84.0605,12.0000001));
#5333 = CARTESIAN_POINT('',(56.731278217028,-84.16958403462,
    10.109050780334));
#5334 = CARTESIAN_POINT('',(56.454188492885,-83.83204474223,
    8.853147919602));
#5335 = CARTESIAN_POINT('',(56.683638240947,-83.92080923969,
    6.054939778262));
#5336 = CARTESIAN_POINT('',(56.096933001168,-83.09765860739,
    5.733264695011));
#5337 = CARTESIAN_POINT('',(56.376292426466,-83.23232178644,
    2.616030019782));
#5338 = CARTESIAN_POINT('',(55.575686538786,-81.81352718381,
    1.855487538744));
#5339 = CARTESIAN_POINT('',(54.521580331187,-80.6972608237,
    3.86889443969E-02));
#5340 = CARTESIAN_POINT('',(53.213043622212,-79.09036739079,
    1.000001272899E-07));
#5341 = PCURVE('',#2315,#5342);
#5342 = DEFINITIONAL_REPRESENTATION('',(#5343),#5347);
#5343 = LINE('',#5344,#5345);
#5344 = CARTESIAN_POINT('',(5.,0.));
#5345 = VECTOR('',#5346,1.);
#5346 = DIRECTION('',(0.,1.));
#5347 = ( GEOMETRIC_REPRESENTATION_CONTEXT(2) 
PARAMETRIC_REPRESENTATION_CONTEXT() REPRESENTATION_CONTEXT('2D SPACE',''
  ) );
#5348 = PCURVE('',#2198,#5349);
#5349 = DEFINITIONAL_REPRESENTATION('',(#5350),#5354);
#5350 = LINE('',#5351,#5352);
#5351 = CARTESIAN_POINT('',(5.,0.));
#5352 = VECTOR('',#5353,1.);
#5353 = DIRECTION('',(0.,1.));
#5354 = ( GEOMETRIC_REPRESENTATION_CONTEXT(2) 
PARAMETRIC_REPRESENTATION_CONTEXT() REPRESENTATION_CONTEXT('2D SPACE',''
  ) );
#5355 = ADVANCED_FACE('',(#5356),#2081,.T.);
#5356 = FACE_BOUND('',#5357,.T.);
#5357 = EDGE_LOOP('',(#5358,#5359,#5386,#5387));
#5358 = ORIENTED_EDGE('',*,*,#2053,.T.);
#5359 = ORIENTED_EDGE('',*,*,#5360,.T.);
#5360 = EDGE_CURVE('',#2054,#3600,#5361,.T.);
#5361 = SURFACE_CURVE('',#5362,(#5372,#5379),.PCURVE_S1.);
#5362 = ( BOUNDED_CURVE() B_SPLINE_CURVE(8,(#5363,#5364,#5365,#5366,
    #5367,#5368,#5369,#5370,#5371),.UNSPECIFIED.,.F.,.F.) 
B_SPLINE_CURVE_WITH_KNOTS((9,9),(0.,1.),.PIECEWISE_BEZIER_KNOTS.) CURVE(
) GEOMETRIC_REPRESENTATION_ITEM() RATIONAL_B_SPLINE_CURVE((1.,
    0.999999999998,1.000000000007,0.999999999989,1.000000000011,
    0.999999999993,1.000000000003,0.999999999999,1.)) 
REPRESENTATION_ITEM('') );
#5363 = CARTESIAN_POINT('',(56.604875,-68.3395,12.0000001));
#5364 = CARTESIAN_POINT('',(56.731278217005,-68.23041596535,
    10.109050780335));
#5365 = CARTESIAN_POINT('',(56.454188492951,-68.56795525784,
    8.853147919599));
#5366 = CARTESIAN_POINT('',(56.683638240846,-68.47919076018,
    6.054939778266));
#5367 = CARTESIAN_POINT('',(56.096933001264,-69.30234139272,
    5.733264695009));
#5368 = CARTESIAN_POINT('',(56.376292426407,-69.16767821348,
    2.616030019783));
#5369 = CARTESIAN_POINT('',(55.575686538809,-70.58647281621,
    1.855487538744));
#5370 = CARTESIAN_POINT('',(54.521580331183,-71.70273917628,
    3.86889443969E-02));
#5371 = CARTESIAN_POINT('',(53.213043622212,-73.3096326092,
    1.000001272899E-07));
#5372 = PCURVE('',#2081,#5373);
#5373 = DEFINITIONAL_REPRESENTATION('',(#5374),#5378);
#5374 = LINE('',#5375,#5376);
#5375 = CARTESIAN_POINT('',(4.,0.));
#5376 = VECTOR('',#5377,1.);
#5377 = DIRECTION('',(0.,1.));
#5378 = ( GEOMETRIC_REPRESENTATION_CONTEXT(2) 
PARAMETRIC_REPRESENTATION_CONTEXT() REPRESENTATION_CONTEXT('2D SPACE',''
  ) );
#5379 = PCURVE('',#2198,#5380);
#5380 = DEFINITIONAL_REPRESENTATION('',(#5381),#5385);
#5381 = LINE('',#5382,#5383);
#5382 = CARTESIAN_POINT('',(4.,0.));
#5383 = VECTOR('',#5384,1.);
#5384 = DIRECTION('',(0.,1.));
#5385 = ( GEOMETRIC_REPRESENTATION_CONTEXT(2) 
PARAMETRIC_REPRESENTATION_CONTEXT() REPRESENTATION_CONTEXT('2D SPACE',''
  ) );
#5386 = ORIENTED_EDGE('',*,*,#3599,.F.);
#5387 = ORIENTED_EDGE('',*,*,#5294,.F.);
#5388 = ADVANCED_FACE('',(#5389),#2198,.T.);
#5389 = FACE_BOUND('',#5390,.T.);
#5390 = EDGE_LOOP('',(#5391,#5392,#5393,#5394));
#5391 = ORIENTED_EDGE('',*,*,#2170,.T.);
#5392 = ORIENTED_EDGE('',*,*,#5329,.T.);
#5393 = ORIENTED_EDGE('',*,*,#3634,.F.);
#5394 = ORIENTED_EDGE('',*,*,#5360,.F.);
#5395 = ADVANCED_FACE('',(#5396),#2586,.F.);
#5396 = FACE_BOUND('',#5397,.F.);
#5397 = EDGE_LOOP('',(#5398,#5399,#5428,#5468));
#5398 = ORIENTED_EDGE('',*,*,#2556,.T.);
#5399 = ORIENTED_EDGE('',*,*,#5400,.T.);
#5400 = EDGE_CURVE('',#2559,#5401,#5403,.T.);
#5401 = VERTEX_POINT('',#5402);
#5402 = CARTESIAN_POINT('',(43.889641548791,-74.26791804247,1.8000001));
#5403 = SURFACE_CURVE('',#5404,(#5414,#5421),.PCURVE_S1.);
#5404 = ( BOUNDED_CURVE() B_SPLINE_CURVE(8,(#5405,#5406,#5407,#5408,
    #5409,#5410,#5411,#5412,#5413),.UNSPECIFIED.,.F.,.F.) 
B_SPLINE_CURVE_WITH_KNOTS((9,9),(0.,1.),.PIECEWISE_BEZIER_KNOTS.) CURVE(
) GEOMETRIC_REPRESENTATION_ITEM() RATIONAL_B_SPLINE_CURVE((1.,
    0.999999999999,1.000000000004,0.999999999994,1.000000000006,
0.999999999996,1.000000000001,1.,1.)) REPRESENTATION_ITEM('') );
#5405 = CARTESIAN_POINT('',(39.953888561953,-69.48512128968,12.0000001)
  );
#5406 = CARTESIAN_POINT('',(39.999533081472,-69.35277308903,
    10.446767717685));
#5407 = CARTESIAN_POINT('',(39.637295019243,-69.84787326552,
    8.840705507884));
#5408 = CARTESIAN_POINT('',(40.839694706428,-69.50652245222,
    7.262415588888));
#5409 = CARTESIAN_POINT('',(39.192912691408,-70.34084447845,
    6.075731686693));
#5410 = CARTESIAN_POINT('',(41.268966955734,-70.50343353024,
    3.452533405902));
#5411 = CARTESIAN_POINT('',(41.65823258775,-72.53575516717,3.81312087615
    ));
#5412 = CARTESIAN_POINT('',(42.855225252033,-72.72821971763,
    2.090756066052));
#5413 = CARTESIAN_POINT('',(43.889641548791,-74.26791804247,1.8000001));
#5414 = PCURVE('',#2586,#5415);
#5415 = DEFINITIONAL_REPRESENTATION('',(#5416),#5420);
#5416 = LINE('',#5417,#5418);
#5417 = CARTESIAN_POINT('',(1.,0.));
#5418 = VECTOR('',#5419,1.);
#5419 = DIRECTION('',(0.,1.));
#5420 = ( GEOMETRIC_REPRESENTATION_CONTEXT(2) 
PARAMETRIC_REPRESENTATION_CONTEXT() REPRESENTATION_CONTEXT('2D SPACE',''
  ) );
#5421 = PCURVE('',#3403,#5422);
#5422 = DEFINITIONAL_REPRESENTATION('',(#5423),#5427);
#5423 = LINE('',#5424,#5425);
#5424 = CARTESIAN_POINT('',(1.,0.));
#5425 = VECTOR('',#5426,1.);
#5426 = DIRECTION('',(0.,1.));
#5427 = ( GEOMETRIC_REPRESENTATION_CONTEXT(2) 
PARAMETRIC_REPRESENTATION_CONTEXT() REPRESENTATION_CONTEXT('2D SPACE',''
  ) );
#5428 = ORIENTED_EDGE('',*,*,#5429,.F.);
#5429 = EDGE_CURVE('',#5430,#5401,#5432,.T.);
#5430 = VERTEX_POINT('',#5431);
#5431 = CARTESIAN_POINT('',(43.889641548791,-78.13208195752,1.8000001));
#5432 = SURFACE_CURVE('',#5433,(#5443,#5450),.PCURVE_S1.);
#5433 = B_SPLINE_CURVE_WITH_KNOTS('',8,(#5434,#5435,#5436,#5437,#5438,
    #5439,#5440,#5441,#5442),.UNSPECIFIED.,.F.,.F.,(9,9),(0.,1.),
  .PIECEWISE_BEZIER_KNOTS.);
#5434 = CARTESIAN_POINT('',(43.889641548791,-78.13208195752,1.8000001));
#5435 = CARTESIAN_POINT('',(43.889641548791,-77.64906146814,1.8000001));
#5436 = CARTESIAN_POINT('',(43.889641548791,-77.16604097876,1.8000001));
#5437 = CARTESIAN_POINT('',(43.889641548791,-76.68302048938,1.8000001));
#5438 = CARTESIAN_POINT('',(43.889641548791,-76.2,1.8000001));
#5439 = CARTESIAN_POINT('',(43.889641548791,-75.71697951062,1.8000001));
#5440 = CARTESIAN_POINT('',(43.889641548791,-75.23395902123,1.8000001));
#5441 = CARTESIAN_POINT('',(43.889641548791,-74.75093853185,1.8000001));
#5442 = CARTESIAN_POINT('',(43.889641548791,-74.26791804247,1.8000001));
#5443 = PCURVE('',#2586,#5444);
#5444 = DEFINITIONAL_REPRESENTATION('',(#5445),#5449);
#5445 = LINE('',#5446,#5447);
#5446 = CARTESIAN_POINT('',(0.,1.));
#5447 = VECTOR('',#5448,1.);
#5448 = DIRECTION('',(1.,0.));
#5449 = ( GEOMETRIC_REPRESENTATION_CONTEXT(2) 
PARAMETRIC_REPRESENTATION_CONTEXT() REPRESENTATION_CONTEXT('2D SPACE',''
  ) );
#5450 = PCURVE('',#5451,#5456);
#5451 = PLANE('',#5452);
#5452 = AXIS2_PLACEMENT_3D('',#5453,#5454,#5455);
#5453 = CARTESIAN_POINT('',(43.889641548791,-78.13208195752,1.8000001));
#5454 = DIRECTION('',(5.240696121541E-17,1.106446695134E-16,-1.));
#5455 = DIRECTION('',(0.827324590189,0.56172415158,1.055093508199E-16));
#5456 = DEFINITIONAL_REPRESENTATION('',(#5457),#5467);
#5457 = B_SPLINE_CURVE_WITH_KNOTS('',8,(#5458,#5459,#5460,#5461,#5462,
    #5463,#5464,#5465,#5466),.UNSPECIFIED.,.F.,.F.,(9,9),(0.,1.),
  .PIECEWISE_BEZIER_KNOTS.);
#5458 = CARTESIAN_POINT('',(0.,0.));
#5459 = CARTESIAN_POINT('',(0.271324274593,-0.39961472843));
#5460 = CARTESIAN_POINT('',(0.542648549186,-0.79922945686));
#5461 = CARTESIAN_POINT('',(0.813972823778,-1.198844185289));
#5462 = CARTESIAN_POINT('',(1.085297098371,-1.598458913719));
#5463 = CARTESIAN_POINT('',(1.356621372964,-1.998073642149));
#5464 = CARTESIAN_POINT('',(1.627945647557,-2.397688370579));
#5465 = CARTESIAN_POINT('',(1.89926992215,-2.797303099009));
#5466 = CARTESIAN_POINT('',(2.170594196742,-3.196917827439));
#5467 = ( GEOMETRIC_REPRESENTATION_CONTEXT(2) 
PARAMETRIC_REPRESENTATION_CONTEXT() REPRESENTATION_CONTEXT('2D SPACE',''
  ) );
#5468 = ORIENTED_EDGE('',*,*,#5469,.F.);
#5469 = EDGE_CURVE('',#2557,#5430,#5470,.T.);
#5470 = SURFACE_CURVE('',#5471,(#5481,#5488),.PCURVE_S1.);
#5471 = ( BOUNDED_CURVE() B_SPLINE_CURVE(8,(#5472,#5473,#5474,#5475,
    #5476,#5477,#5478,#5479,#5480),.UNSPECIFIED.,.F.,.F.) 
B_SPLINE_CURVE_WITH_KNOTS((9,9),(0.,1.),.PIECEWISE_BEZIER_KNOTS.) CURVE(
) GEOMETRIC_REPRESENTATION_ITEM() RATIONAL_B_SPLINE_CURVE((1.,
    0.999999999999,1.000000000004,0.999999999994,1.000000000006,
0.999999999996,1.000000000001,1.,1.)) REPRESENTATION_ITEM('') );
#5472 = CARTESIAN_POINT('',(39.953888561953,-82.91487871031,12.0000001)
  );
#5473 = CARTESIAN_POINT('',(39.999533081473,-83.04722691096,
    10.446767717684));
#5474 = CARTESIAN_POINT('',(39.63729501924,-82.55212673446,
    8.840705507884));
#5475 = CARTESIAN_POINT('',(40.839694706432,-82.89347754779,
    7.262415588888));
#5476 = CARTESIAN_POINT('',(39.192912691404,-82.05915552151,
    6.075731686694));
#5477 = CARTESIAN_POINT('',(41.268966955737,-81.89656646977,
    3.452533405902));
#5478 = CARTESIAN_POINT('',(41.658232587749,-79.86424483282,
    3.813120876151));
#5479 = CARTESIAN_POINT('',(42.855225252033,-79.67178028236,
    2.090756066052));
#5480 = CARTESIAN_POINT('',(43.889641548791,-78.13208195752,1.8000001));
#5481 = PCURVE('',#2586,#5482);
#5482 = DEFINITIONAL_REPRESENTATION('',(#5483),#5487);
#5483 = LINE('',#5484,#5485);
#5484 = CARTESIAN_POINT('',(0.,0.));
#5485 = VECTOR('',#5486,1.);
#5486 = DIRECTION('',(0.,1.));
#5487 = ( GEOMETRIC_REPRESENTATION_CONTEXT(2) 
PARAMETRIC_REPRESENTATION_CONTEXT() REPRESENTATION_CONTEXT('2D SPACE',''
  ) );
#5488 = PCURVE('',#2703,#5489);
#5489 = DEFINITIONAL_REPRESENTATION('',(#5490),#5494);
#5490 = LINE('',#5491,#5492);
#5491 = CARTESIAN_POINT('',(8.,0.));
#5492 = VECTOR('',#5493,1.);
#5493 = DIRECTION('',(0.,1.));
#5494 = ( GEOMETRIC_REPRESENTATION_CONTEXT(2) 
PARAMETRIC_REPRESENTATION_CONTEXT() REPRESENTATION_CONTEXT('2D SPACE',''
  ) );
#5495 = ADVANCED_FACE('',(#5496),#3403,.F.);
#5496 = FACE_BOUND('',#5497,.F.);
#5497 = EDGE_LOOP('',(#5498,#5499,#5528,#5561));
#5498 = ORIENTED_EDGE('',*,*,#3377,.T.);
#5499 = ORIENTED_EDGE('',*,*,#5500,.T.);
#5500 = EDGE_CURVE('',#3261,#5501,#5503,.T.);
#5501 = VERTEX_POINT('',#5502);
#5502 = CARTESIAN_POINT('',(45.692918042478,-72.46464154879,1.8000001));
#5503 = SURFACE_CURVE('',#5504,(#5514,#5521),.PCURVE_S1.);
#5504 = ( BOUNDED_CURVE() B_SPLINE_CURVE(8,(#5505,#5506,#5507,#5508,
    #5509,#5510,#5511,#5512,#5513),.UNSPECIFIED.,.F.,.F.) 
B_SPLINE_CURVE_WITH_KNOTS((9,9),(0.,1.),.PIECEWISE_BEZIER_KNOTS.) CURVE(
) GEOMETRIC_REPRESENTATION_ITEM() RATIONAL_B_SPLINE_CURVE((1.,
    0.999999999999,1.000000000004,0.999999999994,1.000000000006,
0.999999999996,1.000000000001,1.,1.)) REPRESENTATION_ITEM('') );
#5505 = CARTESIAN_POINT('',(40.910121289687,-68.52888856195,12.0000001)
  );
#5506 = CARTESIAN_POINT('',(40.777773089035,-68.57453308147,
    10.446767717684));
#5507 = CARTESIAN_POINT('',(41.272873265536,-68.21229501924,
    8.840705507884));
#5508 = CARTESIAN_POINT('',(40.931522452204,-69.41469470643,
    7.262415588888));
#5509 = CARTESIAN_POINT('',(41.765844478481,-67.7679126914,
    6.075731686694));
#5510 = CARTESIAN_POINT('',(41.928433530226,-69.84396695573,
    3.452533405902));
#5511 = CARTESIAN_POINT('',(43.960755167179,-70.23323258774,
    3.813120876151));
#5512 = CARTESIAN_POINT('',(44.153219717632,-71.43022525203,
    2.090756066052));
#5513 = CARTESIAN_POINT('',(45.692918042478,-72.46464154879,1.8000001));
#5514 = PCURVE('',#3403,#5515);
#5515 = DEFINITIONAL_REPRESENTATION('',(#5516),#5520);
#5516 = LINE('',#5517,#5518);
#5517 = CARTESIAN_POINT('',(2.,0.));
#5518 = VECTOR('',#5519,1.);
#5519 = DIRECTION('',(0.,1.));
#5520 = ( GEOMETRIC_REPRESENTATION_CONTEXT(2) 
PARAMETRIC_REPRESENTATION_CONTEXT() REPRESENTATION_CONTEXT('2D SPACE',''
  ) );
#5521 = PCURVE('',#3288,#5522);
#5522 = DEFINITIONAL_REPRESENTATION('',(#5523),#5527);
#5523 = LINE('',#5524,#5525);
#5524 = CARTESIAN_POINT('',(2.,0.));
#5525 = VECTOR('',#5526,1.);
#5526 = DIRECTION('',(0.,1.));
#5527 = ( GEOMETRIC_REPRESENTATION_CONTEXT(2) 
PARAMETRIC_REPRESENTATION_CONTEXT() REPRESENTATION_CONTEXT('2D SPACE',''
  ) );
#5528 = ORIENTED_EDGE('',*,*,#5529,.F.);
#5529 = EDGE_CURVE('',#5401,#5501,#5530,.T.);
#5530 = SURFACE_CURVE('',#5531,(#5541,#5548),.PCURVE_S1.);
#5531 = B_SPLINE_CURVE_WITH_KNOTS('',8,(#5532,#5533,#5534,#5535,#5536,
    #5537,#5538,#5539,#5540),.UNSPECIFIED.,.F.,.F.,(9,9),(1.,2.),
  .PIECEWISE_BEZIER_KNOTS.);
#5532 = CARTESIAN_POINT('',(43.889641548791,-74.26791804247,1.8000001));
#5533 = CARTESIAN_POINT('',(43.889641548791,-73.91384553091,1.8000001));
#5534 = CARTESIAN_POINT('',(43.969095333818,-73.5597729079,1.8000001));
#5535 = CARTESIAN_POINT('',(44.128002123495,-73.2265020022,
    1.800000100001));
#5536 = CARTESIAN_POINT('',(44.359830105428,-72.93483010542,
    1.800000099999));
#5537 = CARTESIAN_POINT('',(44.651502002209,-72.70300212349,
    1.800000100001));
#5538 = CARTESIAN_POINT('',(44.984772907906,-72.54409533381,1.8000001));
#5539 = CARTESIAN_POINT('',(45.338845530918,-72.46464154879,1.8000001));
#5540 = CARTESIAN_POINT('',(45.692918042478,-72.46464154879,1.8000001));
#5541 = PCURVE('',#3403,#5542);
#5542 = DEFINITIONAL_REPRESENTATION('',(#5543),#5547);
#5543 = LINE('',#5544,#5545);
#5544 = CARTESIAN_POINT('',(0.,1.));
#5545 = VECTOR('',#5546,1.);
#5546 = DIRECTION('',(1.,0.));
#5547 = ( GEOMETRIC_REPRESENTATION_CONTEXT(2) 
PARAMETRIC_REPRESENTATION_CONTEXT() REPRESENTATION_CONTEXT('2D SPACE',''
  ) );
#5548 = PCURVE('',#5451,#5549);
#5549 = DEFINITIONAL_REPRESENTATION('',(#5550),#5560);
#5550 = B_SPLINE_CURVE_WITH_KNOTS('',8,(#5551,#5552,#5553,#5554,#5555,
    #5556,#5557,#5558,#5559),.UNSPECIFIED.,.F.,.F.,(9,9),(1.,2.),
  .PIECEWISE_BEZIER_KNOTS.);
#5551 = CARTESIAN_POINT('',(2.170594196742,-3.196917827439));
#5552 = CARTESIAN_POINT('',(2.369485277896,-3.489850722962));
#5553 = CARTESIAN_POINT('',(2.634110491792,-3.738152600709));
#5554 = CARTESIAN_POINT('',(2.952784303189,-3.924614034575));
#5555 = CARTESIAN_POINT('',(3.308420442094,-4.035697990586));
#5556 = CARTESIAN_POINT('',(3.679951151032,-4.063655831974));
#5557 = CARTESIAN_POINT('',(4.044936148121,-4.007917009873));
#5558 = CARTESIAN_POINT('',(4.382500245836,-3.87475993625));
#5559 = CARTESIAN_POINT('',(4.67543314136,-3.675868855097));
#5560 = ( GEOMETRIC_REPRESENTATION_CONTEXT(2) 
PARAMETRIC_REPRESENTATION_CONTEXT() REPRESENTATION_CONTEXT('2D SPACE',''
  ) );
#5561 = ORIENTED_EDGE('',*,*,#5400,.F.);
#5562 = ADVANCED_FACE('',(#5563),#3288,.F.);
#5563 = FACE_BOUND('',#5564,.F.);
#5564 = EDGE_LOOP('',(#5565,#5566,#5595,#5628));
#5565 = ORIENTED_EDGE('',*,*,#3260,.T.);
#5566 = ORIENTED_EDGE('',*,*,#5567,.T.);
#5567 = EDGE_CURVE('',#3144,#5568,#5570,.T.);
#5568 = VERTEX_POINT('',#5569);
#5569 = CARTESIAN_POINT('',(49.557081957522,-72.46464154879,1.8000001));
#5570 = SURFACE_CURVE('',#5571,(#5581,#5588),.PCURVE_S1.);
#5571 = ( BOUNDED_CURVE() B_SPLINE_CURVE(8,(#5572,#5573,#5574,#5575,
    #5576,#5577,#5578,#5579,#5580),.UNSPECIFIED.,.F.,.F.) 
B_SPLINE_CURVE_WITH_KNOTS((9,9),(0.,1.),.PIECEWISE_BEZIER_KNOTS.) CURVE(
) GEOMETRIC_REPRESENTATION_ITEM() RATIONAL_B_SPLINE_CURVE((1.,
    0.999999999999,1.000000000004,0.999999999994,1.000000000006,
0.999999999996,1.000000000001,1.,1.)) REPRESENTATION_ITEM('') );
#5572 = CARTESIAN_POINT('',(54.339878710312,-68.52888856195,12.0000001)
  );
#5573 = CARTESIAN_POINT('',(54.472226910962,-68.57453308147,
    10.446767717693));
#5574 = CARTESIAN_POINT('',(53.977126734474,-68.21229501923,
    8.84070550786));
#5575 = CARTESIAN_POINT('',(54.31847754778,-69.41469470644,
    7.262415588926));
#5576 = CARTESIAN_POINT('',(53.484155521535,-67.76791269139,
    6.075731686657));
#5577 = CARTESIAN_POINT('',(53.321566469764,-69.84396695574,
    3.452533405924));
#5578 = CARTESIAN_POINT('',(51.289244832825,-70.23323258774,
    3.813120876143));
#5579 = CARTESIAN_POINT('',(51.096780282367,-71.43022525203,
    2.090756066053));
#5580 = CARTESIAN_POINT('',(49.557081957522,-72.46464154879,1.8000001));
#5581 = PCURVE('',#3288,#5582);
#5582 = DEFINITIONAL_REPRESENTATION('',(#5583),#5587);
#5583 = LINE('',#5584,#5585);
#5584 = CARTESIAN_POINT('',(3.,0.));
#5585 = VECTOR('',#5586,1.);
#5586 = DIRECTION('',(0.,1.));
#5587 = ( GEOMETRIC_REPRESENTATION_CONTEXT(2) 
PARAMETRIC_REPRESENTATION_CONTEXT() REPRESENTATION_CONTEXT('2D SPACE',''
  ) );
#5588 = PCURVE('',#3171,#5589);
#5589 = DEFINITIONAL_REPRESENTATION('',(#5590),#5594);
#5590 = LINE('',#5591,#5592);
#5591 = CARTESIAN_POINT('',(3.,0.));
#5592 = VECTOR('',#5593,1.);
#5593 = DIRECTION('',(0.,1.));
#5594 = ( GEOMETRIC_REPRESENTATION_CONTEXT(2) 
PARAMETRIC_REPRESENTATION_CONTEXT() REPRESENTATION_CONTEXT('2D SPACE',''
  ) );
#5595 = ORIENTED_EDGE('',*,*,#5596,.F.);
#5596 = EDGE_CURVE('',#5501,#5568,#5597,.T.);
#5597 = SURFACE_CURVE('',#5598,(#5608,#5615),.PCURVE_S1.);
#5598 = B_SPLINE_CURVE_WITH_KNOTS('',8,(#5599,#5600,#5601,#5602,#5603,
    #5604,#5605,#5606,#5607),.UNSPECIFIED.,.F.,.F.,(9,9),(2.,3.),
  .PIECEWISE_BEZIER_KNOTS.);
#5599 = CARTESIAN_POINT('',(45.692918042478,-72.46464154879,1.8000001));
#5600 = CARTESIAN_POINT('',(46.175938531859,-72.46464154879,1.8000001));
#5601 = CARTESIAN_POINT('',(46.658959021239,-72.46464154879,1.8000001));
#5602 = CARTESIAN_POINT('',(47.14197951062,-72.46464154879,1.8000001));
#5603 = CARTESIAN_POINT('',(47.625,-72.46464154879,1.8000001));
#5604 = CARTESIAN_POINT('',(48.10802048938,-72.46464154879,1.8000001));
#5605 = CARTESIAN_POINT('',(48.591040978761,-72.46464154879,1.8000001));
#5606 = CARTESIAN_POINT('',(49.074061468141,-72.46464154879,1.8000001));
#5607 = CARTESIAN_POINT('',(49.557081957522,-72.46464154879,1.8000001));
#5608 = PCURVE('',#3288,#5609);
#5609 = DEFINITIONAL_REPRESENTATION('',(#5610),#5614);
#5610 = LINE('',#5611,#5612);
#5611 = CARTESIAN_POINT('',(0.,1.));
#5612 = VECTOR('',#5613,1.);
#5613 = DIRECTION('',(1.,0.));
#5614 = ( GEOMETRIC_REPRESENTATION_CONTEXT(2) 
PARAMETRIC_REPRESENTATION_CONTEXT() REPRESENTATION_CONTEXT('2D SPACE',''
  ) );
#5615 = PCURVE('',#5451,#5616);
#5616 = DEFINITIONAL_REPRESENTATION('',(#5617),#5627);
#5617 = B_SPLINE_CURVE_WITH_KNOTS('',8,(#5618,#5619,#5620,#5621,#5622,
    #5623,#5624,#5625,#5626),.UNSPECIFIED.,.F.,.F.,(9,9),(2.,3.),
  .PIECEWISE_BEZIER_KNOTS.);
#5618 = CARTESIAN_POINT('',(4.67543314136,-3.675868855097));
#5619 = CARTESIAN_POINT('',(5.07504786979,-3.404544580504));
#5620 = CARTESIAN_POINT('',(5.47466259822,-3.133220305911));
#5621 = CARTESIAN_POINT('',(5.87427732665,-2.861896031318));
#5622 = CARTESIAN_POINT('',(6.273892055079,-2.590571756726));
#5623 = CARTESIAN_POINT('',(6.673506783509,-2.319247482133));
#5624 = CARTESIAN_POINT('',(7.073121511939,-2.04792320754));
#5625 = CARTESIAN_POINT('',(7.472736240369,-1.776598932947));
#5626 = CARTESIAN_POINT('',(7.872350968799,-1.505274658354));
#5627 = ( GEOMETRIC_REPRESENTATION_CONTEXT(2) 
PARAMETRIC_REPRESENTATION_CONTEXT() REPRESENTATION_CONTEXT('2D SPACE',''
  ) );
#5628 = ORIENTED_EDGE('',*,*,#5500,.F.);
#5629 = ADVANCED_FACE('',(#5630),#3171,.F.);
#5630 = FACE_BOUND('',#5631,.F.);
#5631 = EDGE_LOOP('',(#5632,#5633,#5662,#5695));
#5632 = ORIENTED_EDGE('',*,*,#3143,.T.);
#5633 = ORIENTED_EDGE('',*,*,#5634,.T.);
#5634 = EDGE_CURVE('',#3027,#5635,#5637,.T.);
#5635 = VERTEX_POINT('',#5636);
#5636 = CARTESIAN_POINT('',(51.360358451209,-74.26791804247,1.8000001));
#5637 = SURFACE_CURVE('',#5638,(#5648,#5655),.PCURVE_S1.);
#5638 = ( BOUNDED_CURVE() B_SPLINE_CURVE(8,(#5639,#5640,#5641,#5642,
    #5643,#5644,#5645,#5646,#5647),.UNSPECIFIED.,.F.,.F.) 
B_SPLINE_CURVE_WITH_KNOTS((9,9),(0.,1.),.PIECEWISE_BEZIER_KNOTS.) CURVE(
) GEOMETRIC_REPRESENTATION_ITEM() RATIONAL_B_SPLINE_CURVE((1.,
    0.999999999999,1.000000000004,0.999999999994,1.000000000006,
0.999999999996,1.000000000001,1.,1.)) REPRESENTATION_ITEM('') );
#5639 = CARTESIAN_POINT('',(55.296111438047,-69.48512128968,12.0000001)
  );
#5640 = CARTESIAN_POINT('',(55.250466918527,-69.35277308903,
    10.446767717684));
#5641 = CARTESIAN_POINT('',(55.61270498076,-69.84787326553,
    8.840705507884));
#5642 = CARTESIAN_POINT('',(54.410305293568,-69.5065224522,
    7.262415588888));
#5643 = CARTESIAN_POINT('',(56.057087308596,-70.34084447848,
    6.075731686694));
#5644 = CARTESIAN_POINT('',(53.981033044263,-70.50343353022,
    3.452533405902));
#5645 = CARTESIAN_POINT('',(53.591767412251,-72.53575516717,
    3.813120876151));
#5646 = CARTESIAN_POINT('',(52.394774747967,-72.72821971763,
    2.090756066052));
#5647 = CARTESIAN_POINT('',(51.360358451209,-74.26791804247,1.8000001));
#5648 = PCURVE('',#3171,#5649);
#5649 = DEFINITIONAL_REPRESENTATION('',(#5650),#5654);
#5650 = LINE('',#5651,#5652);
#5651 = CARTESIAN_POINT('',(4.,0.));
#5652 = VECTOR('',#5653,1.);
#5653 = DIRECTION('',(0.,1.));
#5654 = ( GEOMETRIC_REPRESENTATION_CONTEXT(2) 
PARAMETRIC_REPRESENTATION_CONTEXT() REPRESENTATION_CONTEXT('2D SPACE',''
  ) );
#5655 = PCURVE('',#3054,#5656);
#5656 = DEFINITIONAL_REPRESENTATION('',(#5657),#5661);
#5657 = LINE('',#5658,#5659);
#5658 = CARTESIAN_POINT('',(4.,0.));
#5659 = VECTOR('',#5660,1.);
#5660 = DIRECTION('',(0.,1.));
#5661 = ( GEOMETRIC_REPRESENTATION_CONTEXT(2) 
PARAMETRIC_REPRESENTATION_CONTEXT() REPRESENTATION_CONTEXT('2D SPACE',''
  ) );
#5662 = ORIENTED_EDGE('',*,*,#5663,.F.);
#5663 = EDGE_CURVE('',#5568,#5635,#5664,.T.);
#5664 = SURFACE_CURVE('',#5665,(#5675,#5682),.PCURVE_S1.);
#5665 = B_SPLINE_CURVE_WITH_KNOTS('',8,(#5666,#5667,#5668,#5669,#5670,
    #5671,#5672,#5673,#5674),.UNSPECIFIED.,.F.,.F.,(9,9),(3.,4.),
  .PIECEWISE_BEZIER_KNOTS.);
#5666 = CARTESIAN_POINT('',(49.557081957522,-72.46464154879,1.8000001));
#5667 = CARTESIAN_POINT('',(49.911154469082,-72.46464154879,1.8000001));
#5668 = CARTESIAN_POINT('',(50.265227092094,-72.54409533381,1.8000001));
#5669 = CARTESIAN_POINT('',(50.598497997791,-72.70300212349,
    1.800000100001));
#5670 = CARTESIAN_POINT('',(50.890169894572,-72.93483010542,
    1.800000099999));
#5671 = CARTESIAN_POINT('',(51.121997876505,-73.2265020022,
    1.800000100001));
#5672 = CARTESIAN_POINT('',(51.280904666182,-73.5597729079,1.8000001));
#5673 = CARTESIAN_POINT('',(51.360358451209,-73.91384553091,1.8000001));
#5674 = CARTESIAN_POINT('',(51.360358451209,-74.26791804247,1.8000001));
#5675 = PCURVE('',#3171,#5676);
#5676 = DEFINITIONAL_REPRESENTATION('',(#5677),#5681);
#5677 = LINE('',#5678,#5679);
#5678 = CARTESIAN_POINT('',(0.,1.));
#5679 = VECTOR('',#5680,1.);
#5680 = DIRECTION('',(1.,0.));
#5681 = ( GEOMETRIC_REPRESENTATION_CONTEXT(2) 
PARAMETRIC_REPRESENTATION_CONTEXT() REPRESENTATION_CONTEXT('2D SPACE',''
  ) );
#5682 = PCURVE('',#5451,#5683);
#5683 = DEFINITIONAL_REPRESENTATION('',(#5684),#5694);
#5684 = B_SPLINE_CURVE_WITH_KNOTS('',8,(#5685,#5686,#5687,#5688,#5689,
    #5690,#5691,#5692,#5693),.UNSPECIFIED.,.F.,.F.,(9,9),(3.,4.),
  .PIECEWISE_BEZIER_KNOTS.);
#5685 = CARTESIAN_POINT('',(7.872350968799,-1.505274658354));
#5686 = CARTESIAN_POINT('',(8.165283864322,-1.306383577201));
#5687 = CARTESIAN_POINT('',(8.413585742069,-1.041758363305));
#5688 = CARTESIAN_POINT('',(8.600047175935,-0.723084551908));
#5689 = CARTESIAN_POINT('',(8.711131131946,-0.367448413003));
#5690 = CARTESIAN_POINT('',(8.739088973334,4.08229593495E-03));
#5691 = CARTESIAN_POINT('',(8.683350151233,0.369067293025));
#5692 = CARTESIAN_POINT('',(8.55019307761,0.70663139074));
#5693 = CARTESIAN_POINT('',(8.351301996457,0.999564286263));
#5694 = ( GEOMETRIC_REPRESENTATION_CONTEXT(2) 
PARAMETRIC_REPRESENTATION_CONTEXT() REPRESENTATION_CONTEXT('2D SPACE',''
  ) );
#5695 = ORIENTED_EDGE('',*,*,#5567,.F.);
#5696 = ADVANCED_FACE('',(#5697),#3054,.F.);
#5697 = FACE_BOUND('',#5698,.F.);
#5698 = EDGE_LOOP('',(#5699,#5700,#5729,#5762));
#5699 = ORIENTED_EDGE('',*,*,#3026,.T.);
#5700 = ORIENTED_EDGE('',*,*,#5701,.T.);
#5701 = EDGE_CURVE('',#2910,#5702,#5704,.T.);
#5702 = VERTEX_POINT('',#5703);
#5703 = CARTESIAN_POINT('',(51.360358451209,-78.13208195752,1.8000001));
#5704 = SURFACE_CURVE('',#5705,(#5715,#5722),.PCURVE_S1.);
#5705 = ( BOUNDED_CURVE() B_SPLINE_CURVE(8,(#5706,#5707,#5708,#5709,
    #5710,#5711,#5712,#5713,#5714),.UNSPECIFIED.,.F.,.F.) 
B_SPLINE_CURVE_WITH_KNOTS((9,9),(0.,1.),.PIECEWISE_BEZIER_KNOTS.) CURVE(
) GEOMETRIC_REPRESENTATION_ITEM() RATIONAL_B_SPLINE_CURVE((1.,
    0.999999999999,1.000000000004,0.999999999994,1.000000000006,
0.999999999996,1.000000000001,1.,1.)) REPRESENTATION_ITEM('') );
#5706 = CARTESIAN_POINT('',(55.296111438047,-82.91487871031,12.0000001)
  );
#5707 = CARTESIAN_POINT('',(55.250466918528,-83.04722691096,
    10.446767717685));
#5708 = CARTESIAN_POINT('',(55.612704980757,-82.55212673447,
    8.840705507884));
#5709 = CARTESIAN_POINT('',(54.410305293572,-82.89347754777,
    7.262415588888));
#5710 = CARTESIAN_POINT('',(56.057087308592,-82.05915552154,
    6.075731686693));
#5711 = CARTESIAN_POINT('',(53.981033044266,-81.89656646975,
    3.452533405902));
#5712 = CARTESIAN_POINT('',(53.59176741225,-79.86424483282,3.81312087615
    ));
#5713 = CARTESIAN_POINT('',(52.394774747967,-79.67178028236,
    2.090756066052));
#5714 = CARTESIAN_POINT('',(51.360358451209,-78.13208195752,1.8000001));
#5715 = PCURVE('',#3054,#5716);
#5716 = DEFINITIONAL_REPRESENTATION('',(#5717),#5721);
#5717 = LINE('',#5718,#5719);
#5718 = CARTESIAN_POINT('',(5.,0.));
#5719 = VECTOR('',#5720,1.);
#5720 = DIRECTION('',(0.,1.));
#5721 = ( GEOMETRIC_REPRESENTATION_CONTEXT(2) 
PARAMETRIC_REPRESENTATION_CONTEXT() REPRESENTATION_CONTEXT('2D SPACE',''
  ) );
#5722 = PCURVE('',#2937,#5723);
#5723 = DEFINITIONAL_REPRESENTATION('',(#5724),#5728);
#5724 = LINE('',#5725,#5726);
#5725 = CARTESIAN_POINT('',(5.,0.));
#5726 = VECTOR('',#5727,1.);
#5727 = DIRECTION('',(0.,1.));
#5728 = ( GEOMETRIC_REPRESENTATION_CONTEXT(2) 
PARAMETRIC_REPRESENTATION_CONTEXT() REPRESENTATION_CONTEXT('2D SPACE',''
  ) );
#5729 = ORIENTED_EDGE('',*,*,#5730,.F.);
#5730 = EDGE_CURVE('',#5635,#5702,#5731,.T.);
#5731 = SURFACE_CURVE('',#5732,(#5742,#5749),.PCURVE_S1.);
#5732 = B_SPLINE_CURVE_WITH_KNOTS('',8,(#5733,#5734,#5735,#5736,#5737,
    #5738,#5739,#5740,#5741),.UNSPECIFIED.,.F.,.F.,(9,9),(4.,5.),
  .PIECEWISE_BEZIER_KNOTS.);
#5733 = CARTESIAN_POINT('',(51.360358451209,-74.26791804247,1.8000001));
#5734 = CARTESIAN_POINT('',(51.360358451209,-74.75093853185,1.8000001));
#5735 = CARTESIAN_POINT('',(51.360358451209,-75.23395902123,1.8000001));
#5736 = CARTESIAN_POINT('',(51.360358451209,-75.71697951062,1.8000001));
#5737 = CARTESIAN_POINT('',(51.360358451209,-76.2,1.8000001));
#5738 = CARTESIAN_POINT('',(51.360358451209,-76.68302048938,1.8000001));
#5739 = CARTESIAN_POINT('',(51.360358451209,-77.16604097876,1.8000001));
#5740 = CARTESIAN_POINT('',(51.360358451209,-77.64906146814,1.8000001));
#5741 = CARTESIAN_POINT('',(51.360358451209,-78.13208195752,1.8000001));
#5742 = PCURVE('',#3054,#5743);
#5743 = DEFINITIONAL_REPRESENTATION('',(#5744),#5748);
#5744 = LINE('',#5745,#5746);
#5745 = CARTESIAN_POINT('',(0.,1.));
#5746 = VECTOR('',#5747,1.);
#5747 = DIRECTION('',(1.,0.));
#5748 = ( GEOMETRIC_REPRESENTATION_CONTEXT(2) 
PARAMETRIC_REPRESENTATION_CONTEXT() REPRESENTATION_CONTEXT('2D SPACE',''
  ) );
#5749 = PCURVE('',#5451,#5750);
#5750 = DEFINITIONAL_REPRESENTATION('',(#5751),#5761);
#5751 = B_SPLINE_CURVE_WITH_KNOTS('',8,(#5752,#5753,#5754,#5755,#5756,
    #5757,#5758,#5759,#5760),.UNSPECIFIED.,.F.,.F.,(9,9),(4.,5.),
  .PIECEWISE_BEZIER_KNOTS.);
#5752 = CARTESIAN_POINT('',(8.351301996457,0.999564286263));
#5753 = CARTESIAN_POINT('',(8.079977721864,1.399179014693));
#5754 = CARTESIAN_POINT('',(7.808653447271,1.798793743123));
#5755 = CARTESIAN_POINT('',(7.537329172678,2.198408471553));
#5756 = CARTESIAN_POINT('',(7.266004898086,2.598023199983));
#5757 = CARTESIAN_POINT('',(6.994680623493,2.997637928412));
#5758 = CARTESIAN_POINT('',(6.7233563489,3.397252656842));
#5759 = CARTESIAN_POINT('',(6.452032074307,3.796867385272));
#5760 = CARTESIAN_POINT('',(6.180707799715,4.196482113702));
#5761 = ( GEOMETRIC_REPRESENTATION_CONTEXT(2) 
PARAMETRIC_REPRESENTATION_CONTEXT() REPRESENTATION_CONTEXT('2D SPACE',''
  ) );
#5762 = ORIENTED_EDGE('',*,*,#5634,.F.);
#5763 = ADVANCED_FACE('',(#5764),#2937,.F.);
#5764 = FACE_BOUND('',#5765,.F.);
#5765 = EDGE_LOOP('',(#5766,#5767,#5796,#5829));
#5766 = ORIENTED_EDGE('',*,*,#2909,.T.);
#5767 = ORIENTED_EDGE('',*,*,#5768,.T.);
#5768 = EDGE_CURVE('',#2793,#5769,#5771,.T.);
#5769 = VERTEX_POINT('',#5770);
#5770 = CARTESIAN_POINT('',(49.557081957522,-79.9353584512,1.8000001));
#5771 = SURFACE_CURVE('',#5772,(#5782,#5789),.PCURVE_S1.);
#5772 = ( BOUNDED_CURVE() B_SPLINE_CURVE(8,(#5773,#5774,#5775,#5776,
    #5777,#5778,#5779,#5780,#5781),.UNSPECIFIED.,.F.,.F.) 
B_SPLINE_CURVE_WITH_KNOTS((9,9),(0.,1.),.PIECEWISE_BEZIER_KNOTS.) CURVE(
) GEOMETRIC_REPRESENTATION_ITEM() RATIONAL_B_SPLINE_CURVE((1.,
    0.999999999999,1.000000000004,0.999999999994,1.000000000006,
0.999999999996,1.000000000001,1.,1.)) REPRESENTATION_ITEM('') );
#5773 = CARTESIAN_POINT('',(54.339878710313,-83.87111143804,12.0000001)
  );
#5774 = CARTESIAN_POINT('',(54.472226910965,-83.82546691852,
    10.446767717684));
#5775 = CARTESIAN_POINT('',(53.977126734464,-84.18770498076,
    8.840705507884));
#5776 = CARTESIAN_POINT('',(54.318477547796,-82.98530529356,
    7.262415588888));
#5777 = CARTESIAN_POINT('',(53.484155521519,-84.63208730859,
    6.075731686694));
#5778 = CARTESIAN_POINT('',(53.321566469774,-82.55603304426,
    3.452533405902));
#5779 = CARTESIAN_POINT('',(51.289244832821,-82.16676741225,
    3.813120876151));
#5780 = CARTESIAN_POINT('',(51.096780282368,-80.96977474796,
    2.090756066052));
#5781 = CARTESIAN_POINT('',(49.557081957522,-79.9353584512,1.8000001));
#5782 = PCURVE('',#2937,#5783);
#5783 = DEFINITIONAL_REPRESENTATION('',(#5784),#5788);
#5784 = LINE('',#5785,#5786);
#5785 = CARTESIAN_POINT('',(6.,0.));
#5786 = VECTOR('',#5787,1.);
#5787 = DIRECTION('',(0.,1.));
#5788 = ( GEOMETRIC_REPRESENTATION_CONTEXT(2) 
PARAMETRIC_REPRESENTATION_CONTEXT() REPRESENTATION_CONTEXT('2D SPACE',''
  ) );
#5789 = PCURVE('',#2820,#5790);
#5790 = DEFINITIONAL_REPRESENTATION('',(#5791),#5795);
#5791 = LINE('',#5792,#5793);
#5792 = CARTESIAN_POINT('',(6.,0.));
#5793 = VECTOR('',#5794,1.);
#5794 = DIRECTION('',(0.,1.));
#5795 = ( GEOMETRIC_REPRESENTATION_CONTEXT(2) 
PARAMETRIC_REPRESENTATION_CONTEXT() REPRESENTATION_CONTEXT('2D SPACE',''
  ) );
#5796 = ORIENTED_EDGE('',*,*,#5797,.F.);
#5797 = EDGE_CURVE('',#5702,#5769,#5798,.T.);
#5798 = SURFACE_CURVE('',#5799,(#5809,#5816),.PCURVE_S1.);
#5799 = B_SPLINE_CURVE_WITH_KNOTS('',8,(#5800,#5801,#5802,#5803,#5804,
    #5805,#5806,#5807,#5808),.UNSPECIFIED.,.F.,.F.,(9,9),(5.,6.),
  .PIECEWISE_BEZIER_KNOTS.);
#5800 = CARTESIAN_POINT('',(51.360358451209,-78.13208195752,1.8000001));
#5801 = CARTESIAN_POINT('',(51.360358451209,-78.48615446908,1.8000001));
#5802 = CARTESIAN_POINT('',(51.280904666182,-78.84022709209,1.8000001));
#5803 = CARTESIAN_POINT('',(51.121997876505,-79.17349799779,1.8000001));
#5804 = CARTESIAN_POINT('',(50.890169894572,-79.46516989457,1.8000001));
#5805 = CARTESIAN_POINT('',(50.598497997791,-79.6969978765,1.8000001));
#5806 = CARTESIAN_POINT('',(50.265227092094,-79.85590466618,1.8000001));
#5807 = CARTESIAN_POINT('',(49.911154469082,-79.9353584512,1.8000001));
#5808 = CARTESIAN_POINT('',(49.557081957522,-79.9353584512,1.8000001));
#5809 = PCURVE('',#2937,#5810);
#5810 = DEFINITIONAL_REPRESENTATION('',(#5811),#5815);
#5811 = LINE('',#5812,#5813);
#5812 = CARTESIAN_POINT('',(0.,1.));
#5813 = VECTOR('',#5814,1.);
#5814 = DIRECTION('',(1.,0.));
#5815 = ( GEOMETRIC_REPRESENTATION_CONTEXT(2) 
PARAMETRIC_REPRESENTATION_CONTEXT() REPRESENTATION_CONTEXT('2D SPACE',''
  ) );
#5816 = PCURVE('',#5451,#5817);
#5817 = DEFINITIONAL_REPRESENTATION('',(#5818),#5828);
#5818 = B_SPLINE_CURVE_WITH_KNOTS('',8,(#5819,#5820,#5821,#5822,#5823,
    #5824,#5825,#5826,#5827),.UNSPECIFIED.,.F.,.F.,(9,9),(5.,6.),
  .PIECEWISE_BEZIER_KNOTS.);
#5819 = CARTESIAN_POINT('',(6.180707799715,4.196482113702));
#5820 = CARTESIAN_POINT('',(5.981816718561,4.489415009226));
#5821 = CARTESIAN_POINT('',(5.717191504665,4.737716886972));
#5822 = CARTESIAN_POINT('',(5.398517693268,4.924178320839));
#5823 = CARTESIAN_POINT('',(5.042881554363,5.035262276849));
#5824 = CARTESIAN_POINT('',(4.671350845425,5.063220118237));
#5825 = CARTESIAN_POINT('',(4.306365848336,5.007481296136));
#5826 = CARTESIAN_POINT('',(3.96880175062,4.874324222514));
#5827 = CARTESIAN_POINT('',(3.675868855097,4.67543314136));
#5828 = ( GEOMETRIC_REPRESENTATION_CONTEXT(2) 
PARAMETRIC_REPRESENTATION_CONTEXT() REPRESENTATION_CONTEXT('2D SPACE',''
  ) );
#5829 = ORIENTED_EDGE('',*,*,#5701,.F.);
#5830 = ADVANCED_FACE('',(#5831),#2820,.F.);
#5831 = FACE_BOUND('',#5832,.F.);
#5832 = EDGE_LOOP('',(#5833,#5834,#5863,#5896));
#5833 = ORIENTED_EDGE('',*,*,#2792,.T.);
#5834 = ORIENTED_EDGE('',*,*,#5835,.T.);
#5835 = EDGE_CURVE('',#2676,#5836,#5838,.T.);
#5836 = VERTEX_POINT('',#5837);
#5837 = CARTESIAN_POINT('',(45.692918042478,-79.9353584512,1.8000001));
#5838 = SURFACE_CURVE('',#5839,(#5849,#5856),.PCURVE_S1.);
#5839 = ( BOUNDED_CURVE() B_SPLINE_CURVE(8,(#5840,#5841,#5842,#5843,
    #5844,#5845,#5846,#5847,#5848),.UNSPECIFIED.,.F.,.F.) 
B_SPLINE_CURVE_WITH_KNOTS((9,9),(0.,1.),.PIECEWISE_BEZIER_KNOTS.) CURVE(
) GEOMETRIC_REPRESENTATION_ITEM() RATIONAL_B_SPLINE_CURVE((1.,
    0.999999999999,1.000000000004,0.999999999994,1.000000000006,
0.999999999996,1.000000000001,1.,1.)) REPRESENTATION_ITEM('') );
#5840 = CARTESIAN_POINT('',(40.910121289687,-83.87111143804,12.0000001)
  );
#5841 = CARTESIAN_POINT('',(40.777773089044,-83.82546691853,
    10.446767717685));
#5842 = CARTESIAN_POINT('',(41.272873265507,-84.18770498074,
    8.840705507884));
#5843 = CARTESIAN_POINT('',(40.93152245225,-82.98530529359,
    7.262415588888));
#5844 = CARTESIAN_POINT('',(41.765844478437,-84.63208730856,
    6.075731686693));
#5845 = CARTESIAN_POINT('',(41.928433530253,-82.55603304428,
    3.452533405902));
#5846 = CARTESIAN_POINT('',(43.960755167169,-82.16676741224,
    3.81312087615));
#5847 = CARTESIAN_POINT('',(44.153219717634,-80.96977474796,
    2.090756066052));
#5848 = CARTESIAN_POINT('',(45.692918042478,-79.9353584512,1.8000001));
#5849 = PCURVE('',#2820,#5850);
#5850 = DEFINITIONAL_REPRESENTATION('',(#5851),#5855);
#5851 = LINE('',#5852,#5853);
#5852 = CARTESIAN_POINT('',(7.,0.));
#5853 = VECTOR('',#5854,1.);
#5854 = DIRECTION('',(0.,1.));
#5855 = ( GEOMETRIC_REPRESENTATION_CONTEXT(2) 
PARAMETRIC_REPRESENTATION_CONTEXT() REPRESENTATION_CONTEXT('2D SPACE',''
  ) );
#5856 = PCURVE('',#2703,#5857);
#5857 = DEFINITIONAL_REPRESENTATION('',(#5858),#5862);
#5858 = LINE('',#5859,#5860);
#5859 = CARTESIAN_POINT('',(7.,0.));
#5860 = VECTOR('',#5861,1.);
#5861 = DIRECTION('',(0.,1.));
#5862 = ( GEOMETRIC_REPRESENTATION_CONTEXT(2) 
PARAMETRIC_REPRESENTATION_CONTEXT() REPRESENTATION_CONTEXT('2D SPACE',''
  ) );
#5863 = ORIENTED_EDGE('',*,*,#5864,.F.);
#5864 = EDGE_CURVE('',#5769,#5836,#5865,.T.);
#5865 = SURFACE_CURVE('',#5866,(#5876,#5883),.PCURVE_S1.);
#5866 = B_SPLINE_CURVE_WITH_KNOTS('',8,(#5867,#5868,#5869,#5870,#5871,
    #5872,#5873,#5874,#5875),.UNSPECIFIED.,.F.,.F.,(9,9),(6.,7.),
  .PIECEWISE_BEZIER_KNOTS.);
#5867 = CARTESIAN_POINT('',(49.557081957522,-79.9353584512,1.8000001));
#5868 = CARTESIAN_POINT('',(49.074061468141,-79.9353584512,1.8000001));
#5869 = CARTESIAN_POINT('',(48.591040978761,-79.9353584512,1.8000001));
#5870 = CARTESIAN_POINT('',(48.10802048938,-79.9353584512,1.8000001));
#5871 = CARTESIAN_POINT('',(47.625,-79.9353584512,1.8000001));
#5872 = CARTESIAN_POINT('',(47.14197951062,-79.9353584512,1.8000001));
#5873 = CARTESIAN_POINT('',(46.658959021239,-79.9353584512,1.8000001));
#5874 = CARTESIAN_POINT('',(46.175938531859,-79.9353584512,1.8000001));
#5875 = CARTESIAN_POINT('',(45.692918042478,-79.9353584512,1.8000001));
#5876 = PCURVE('',#2820,#5877);
#5877 = DEFINITIONAL_REPRESENTATION('',(#5878),#5882);
#5878 = LINE('',#5879,#5880);
#5879 = CARTESIAN_POINT('',(0.,1.));
#5880 = VECTOR('',#5881,1.);
#5881 = DIRECTION('',(1.,0.));
#5882 = ( GEOMETRIC_REPRESENTATION_CONTEXT(2) 
PARAMETRIC_REPRESENTATION_CONTEXT() REPRESENTATION_CONTEXT('2D SPACE',''
  ) );
#5883 = PCURVE('',#5451,#5884);
#5884 = DEFINITIONAL_REPRESENTATION('',(#5885),#5895);
#5885 = B_SPLINE_CURVE_WITH_KNOTS('',8,(#5886,#5887,#5888,#5889,#5890,
    #5891,#5892,#5893,#5894),.UNSPECIFIED.,.F.,.F.,(9,9),(6.,7.),
  .PIECEWISE_BEZIER_KNOTS.);
#5886 = CARTESIAN_POINT('',(3.675868855097,4.67543314136));
#5887 = CARTESIAN_POINT('',(3.276254126667,4.404108866767));
#5888 = CARTESIAN_POINT('',(2.876639398237,4.132784592175));
#5889 = CARTESIAN_POINT('',(2.477024669807,3.861460317582));
#5890 = CARTESIAN_POINT('',(2.077409941377,3.590136042989));
#5891 = CARTESIAN_POINT('',(1.677795212948,3.318811768396));
#5892 = CARTESIAN_POINT('',(1.278180484518,3.047487493803));
#5893 = CARTESIAN_POINT('',(0.878565756088,2.776163219211));
#5894 = CARTESIAN_POINT('',(0.478951027658,2.504838944618));
#5895 = ( GEOMETRIC_REPRESENTATION_CONTEXT(2) 
PARAMETRIC_REPRESENTATION_CONTEXT() REPRESENTATION_CONTEXT('2D SPACE',''
  ) );
#5896 = ORIENTED_EDGE('',*,*,#5768,.F.);
#5897 = ADVANCED_FACE('',(#5898),#2703,.F.);
#5898 = FACE_BOUND('',#5899,.F.);
#5899 = EDGE_LOOP('',(#5900,#5901,#5902,#5935));
#5900 = ORIENTED_EDGE('',*,*,#2675,.T.);
#5901 = ORIENTED_EDGE('',*,*,#5469,.T.);
#5902 = ORIENTED_EDGE('',*,*,#5903,.F.);
#5903 = EDGE_CURVE('',#5836,#5430,#5904,.T.);
#5904 = SURFACE_CURVE('',#5905,(#5915,#5922),.PCURVE_S1.);
#5905 = B_SPLINE_CURVE_WITH_KNOTS('',8,(#5906,#5907,#5908,#5909,#5910,
    #5911,#5912,#5913,#5914),.UNSPECIFIED.,.F.,.F.,(9,9),(7.,8.),
  .PIECEWISE_BEZIER_KNOTS.);
#5906 = CARTESIAN_POINT('',(45.692918042478,-79.9353584512,1.8000001));
#5907 = CARTESIAN_POINT('',(45.338845530918,-79.9353584512,1.8000001));
#5908 = CARTESIAN_POINT('',(44.984772907906,-79.85590466618,1.8000001));
#5909 = CARTESIAN_POINT('',(44.651502002209,-79.6969978765,
    1.800000100001));
#5910 = CARTESIAN_POINT('',(44.359830105428,-79.46516989457,1.8000001));
#5911 = CARTESIAN_POINT('',(44.128002123495,-79.17349799779,
    1.800000100001));
#5912 = CARTESIAN_POINT('',(43.969095333818,-78.84022709209,1.8000001));
#5913 = CARTESIAN_POINT('',(43.889641548791,-78.48615446908,1.8000001));
#5914 = CARTESIAN_POINT('',(43.889641548791,-78.13208195752,1.8000001));
#5915 = PCURVE('',#2703,#5916);
#5916 = DEFINITIONAL_REPRESENTATION('',(#5917),#5921);
#5917 = LINE('',#5918,#5919);
#5918 = CARTESIAN_POINT('',(0.,1.));
#5919 = VECTOR('',#5920,1.);
#5920 = DIRECTION('',(1.,0.));
#5921 = ( GEOMETRIC_REPRESENTATION_CONTEXT(2) 
PARAMETRIC_REPRESENTATION_CONTEXT() REPRESENTATION_CONTEXT('2D SPACE',''
  ) );
#5922 = PCURVE('',#5451,#5923);
#5923 = DEFINITIONAL_REPRESENTATION('',(#5924),#5934);
#5924 = B_SPLINE_CURVE_WITH_KNOTS('',8,(#5925,#5926,#5927,#5928,#5929,
    #5930,#5931,#5932,#5933),.UNSPECIFIED.,.F.,.F.,(9,9),(7.,8.),
  .PIECEWISE_BEZIER_KNOTS.);
#5925 = CARTESIAN_POINT('',(0.478951027658,2.504838944618));
#5926 = CARTESIAN_POINT('',(0.186018132135,2.305947863464));
#5927 = CARTESIAN_POINT('',(-6.228374561238E-02,2.041322649569));
#5928 = CARTESIAN_POINT('',(-0.248745179479,1.722648838171));
#5929 = CARTESIAN_POINT('',(-0.359829135489,1.367012699266));
#5930 = CARTESIAN_POINT('',(-0.387786976877,0.995481990328));
#5931 = CARTESIAN_POINT('',(-0.332048154776,0.630496993239));
#5932 = CARTESIAN_POINT('',(-0.198891081154,0.292932895524));
#5933 = CARTESIAN_POINT('',(0.,0.));
#5934 = ( GEOMETRIC_REPRESENTATION_CONTEXT(2) 
PARAMETRIC_REPRESENTATION_CONTEXT() REPRESENTATION_CONTEXT('2D SPACE',''
  ) );
#5935 = ORIENTED_EDGE('',*,*,#5835,.F.);
#5936 = ADVANCED_FACE('',(#5937),#3792,.T.);
#5937 = FACE_BOUND('',#5938,.T.);
#5938 = EDGE_LOOP('',(#5939,#5940,#5963,#5991));
#5939 = ORIENTED_EDGE('',*,*,#3774,.F.);
#5940 = ORIENTED_EDGE('',*,*,#5941,.T.);
#5941 = EDGE_CURVE('',#3775,#5942,#5944,.T.);
#5942 = VERTEX_POINT('',#5943);
#5943 = CARTESIAN_POINT('',(44.79267578125,-75.60966796875,0.3200001));
#5944 = SURFACE_CURVE('',#5945,(#5949,#5956),.PCURVE_S1.);
#5945 = LINE('',#5946,#5947);
#5946 = CARTESIAN_POINT('',(44.79267578125,-75.60966796875,
    -2.999989999987E-02));
#5947 = VECTOR('',#5948,1.);
#5948 = DIRECTION('',(0.,1.224646799147E-16,1.));
#5949 = PCURVE('',#3792,#5950);
#5950 = DEFINITIONAL_REPRESENTATION('',(#5951),#5955);
#5951 = LINE('',#5952,#5953);
#5952 = CARTESIAN_POINT('',(0.,0.));
#5953 = VECTOR('',#5954,1.);
#5954 = DIRECTION('',(0.,-1.));
#5955 = ( GEOMETRIC_REPRESENTATION_CONTEXT(2) 
PARAMETRIC_REPRESENTATION_CONTEXT() REPRESENTATION_CONTEXT('2D SPACE',''
  ) );
#5956 = PCURVE('',#3986,#5957);
#5957 = DEFINITIONAL_REPRESENTATION('',(#5958),#5962);
#5958 = LINE('',#5959,#5960);
#5959 = CARTESIAN_POINT('',(1.5564453125,-0.));
#5960 = VECTOR('',#5961,1.);
#5961 = DIRECTION('',(0.,-1.));
#5962 = ( GEOMETRIC_REPRESENTATION_CONTEXT(2) 
PARAMETRIC_REPRESENTATION_CONTEXT() REPRESENTATION_CONTEXT('2D SPACE',''
  ) );
#5963 = ORIENTED_EDGE('',*,*,#5964,.T.);
#5964 = EDGE_CURVE('',#5942,#5965,#5967,.T.);
#5965 = VERTEX_POINT('',#5966);
#5966 = CARTESIAN_POINT('',(44.38388671875,-74.48232421875,0.3200001));
#5967 = SURFACE_CURVE('',#5968,(#5972,#5979),.PCURVE_S1.);
#5968 = LINE('',#5969,#5970);
#5969 = CARTESIAN_POINT('',(44.79267578125,-75.60966796875,0.3200001));
#5970 = VECTOR('',#5971,1.);
#5971 = DIRECTION('',(-0.340892893414,0.940102140844,-1.151293077656E-16
    ));
#5972 = PCURVE('',#3792,#5973);
#5973 = DEFINITIONAL_REPRESENTATION('',(#5974),#5978);
#5974 = LINE('',#5975,#5976);
#5975 = CARTESIAN_POINT('',(-4.029525771797E-17,-0.35));
#5976 = VECTOR('',#5977,1.);
#5977 = DIRECTION('',(1.,0.));
#5978 = ( GEOMETRIC_REPRESENTATION_CONTEXT(2) 
PARAMETRIC_REPRESENTATION_CONTEXT() REPRESENTATION_CONTEXT('2D SPACE',''
  ) );
#5979 = PCURVE('',#5980,#5985);
#5980 = PLANE('',#5981);
#5981 = AXIS2_PLACEMENT_3D('',#5982,#5983,#5984);
#5982 = CARTESIAN_POINT('',(43.86845703125,-74.48232421875,0.3200001));
#5983 = DIRECTION('',(0.,-1.224646799147E-16,-1.));
#5984 = DIRECTION('',(1.,0.,0.));
#5985 = DEFINITIONAL_REPRESENTATION('',(#5986),#5990);
#5986 = LINE('',#5987,#5988);
#5987 = CARTESIAN_POINT('',(0.92421875,1.12734375));
#5988 = VECTOR('',#5989,1.);
#5989 = DIRECTION('',(-0.340892893414,-0.940102140844));
#5990 = ( GEOMETRIC_REPRESENTATION_CONTEXT(2) 
PARAMETRIC_REPRESENTATION_CONTEXT() REPRESENTATION_CONTEXT('2D SPACE',''
  ) );
#5991 = ORIENTED_EDGE('',*,*,#5992,.F.);
#5992 = EDGE_CURVE('',#3777,#5965,#5993,.T.);
#5993 = SURFACE_CURVE('',#5994,(#5998,#6005),.PCURVE_S1.);
#5994 = LINE('',#5995,#5996);
#5995 = CARTESIAN_POINT('',(44.38388671875,-74.48232421875,
    -2.999989999987E-02));
#5996 = VECTOR('',#5997,1.);
#5997 = DIRECTION('',(0.,1.224646799147E-16,1.));
#5998 = PCURVE('',#3792,#5999);
#5999 = DEFINITIONAL_REPRESENTATION('',(#6000),#6004);
#6000 = LINE('',#6001,#6002);
#6001 = CARTESIAN_POINT('',(1.199171559154,-1.380597914976E-16));
#6002 = VECTOR('',#6003,1.);
#6003 = DIRECTION('',(0.,-1.));
#6004 = ( GEOMETRIC_REPRESENTATION_CONTEXT(2) 
PARAMETRIC_REPRESENTATION_CONTEXT() REPRESENTATION_CONTEXT('2D SPACE',''
  ) );
#6005 = PCURVE('',#3820,#6006);
#6006 = DEFINITIONAL_REPRESENTATION('',(#6007),#6011);
#6007 = LINE('',#6008,#6009);
#6008 = CARTESIAN_POINT('',(0.,0.));
#6009 = VECTOR('',#6010,1.);
#6010 = DIRECTION('',(0.,-1.));
#6011 = ( GEOMETRIC_REPRESENTATION_CONTEXT(2) 
PARAMETRIC_REPRESENTATION_CONTEXT() REPRESENTATION_CONTEXT('2D SPACE',''
  ) );
#6012 = ADVANCED_FACE('',(#6013),#3986,.T.);
#6013 = FACE_BOUND('',#6014,.T.);
#6014 = EDGE_LOOP('',(#6015,#6016,#6039,#6060));
#6015 = ORIENTED_EDGE('',*,*,#3972,.F.);
#6016 = ORIENTED_EDGE('',*,*,#6017,.T.);
#6017 = EDGE_CURVE('',#3945,#6018,#6020,.T.);
#6018 = VERTEX_POINT('',#6019);
#6019 = CARTESIAN_POINT('',(46.34912109375,-75.60966796875,0.3200001));
#6020 = SURFACE_CURVE('',#6021,(#6025,#6032),.PCURVE_S1.);
#6021 = LINE('',#6022,#6023);
#6022 = CARTESIAN_POINT('',(46.34912109375,-75.60966796875,
    -2.999989999987E-02));
#6023 = VECTOR('',#6024,1.);
#6024 = DIRECTION('',(0.,1.224646799147E-16,1.));
#6025 = PCURVE('',#3986,#6026);
#6026 = DEFINITIONAL_REPRESENTATION('',(#6027),#6031);
#6027 = LINE('',#6028,#6029);
#6028 = CARTESIAN_POINT('',(0.,0.));
#6029 = VECTOR('',#6030,1.);
#6030 = DIRECTION('',(0.,-1.));
#6031 = ( GEOMETRIC_REPRESENTATION_CONTEXT(2) 
PARAMETRIC_REPRESENTATION_CONTEXT() REPRESENTATION_CONTEXT('2D SPACE',''
  ) );
#6032 = PCURVE('',#3960,#6033);
#6033 = DEFINITIONAL_REPRESENTATION('',(#6034),#6038);
#6034 = LINE('',#6035,#6036);
#6035 = CARTESIAN_POINT('',(1.208062884001,1.380597914976E-16));
#6036 = VECTOR('',#6037,1.);
#6037 = DIRECTION('',(0.,-1.));
#6038 = ( GEOMETRIC_REPRESENTATION_CONTEXT(2) 
PARAMETRIC_REPRESENTATION_CONTEXT() REPRESENTATION_CONTEXT('2D SPACE',''
  ) );
#6039 = ORIENTED_EDGE('',*,*,#6040,.T.);
#6040 = EDGE_CURVE('',#6018,#5942,#6041,.T.);
#6041 = SURFACE_CURVE('',#6042,(#6046,#6053),.PCURVE_S1.);
#6042 = LINE('',#6043,#6044);
#6043 = CARTESIAN_POINT('',(46.34912109375,-75.60966796875,0.3200001));
#6044 = VECTOR('',#6045,1.);
#6045 = DIRECTION('',(-1.,0.,0.));
#6046 = PCURVE('',#3986,#6047);
#6047 = DEFINITIONAL_REPRESENTATION('',(#6048),#6052);
#6048 = LINE('',#6049,#6050);
#6049 = CARTESIAN_POINT('',(0.,-0.35));
#6050 = VECTOR('',#6051,1.);
#6051 = DIRECTION('',(1.,-0.));
#6052 = ( GEOMETRIC_REPRESENTATION_CONTEXT(2) 
PARAMETRIC_REPRESENTATION_CONTEXT() REPRESENTATION_CONTEXT('2D SPACE',''
  ) );
#6053 = PCURVE('',#5980,#6054);
#6054 = DEFINITIONAL_REPRESENTATION('',(#6055),#6059);
#6055 = LINE('',#6056,#6057);
#6056 = CARTESIAN_POINT('',(2.4806640625,1.12734375));
#6057 = VECTOR('',#6058,1.);
#6058 = DIRECTION('',(-1.,0.));
#6059 = ( GEOMETRIC_REPRESENTATION_CONTEXT(2) 
PARAMETRIC_REPRESENTATION_CONTEXT() REPRESENTATION_CONTEXT('2D SPACE',''
  ) );
#6060 = ORIENTED_EDGE('',*,*,#5941,.F.);
#6061 = ADVANCED_FACE('',(#6062),#3960,.T.);
#6062 = FACE_BOUND('',#6063,.T.);
#6063 = EDGE_LOOP('',(#6064,#6065,#6088,#6109));
#6064 = ORIENTED_EDGE('',*,*,#3944,.F.);
#6065 = ORIENTED_EDGE('',*,*,#6066,.T.);
#6066 = EDGE_CURVE('',#3917,#6067,#6069,.T.);
#6067 = VERTEX_POINT('',#6068);
#6068 = CARTESIAN_POINT('',(46.78330078125,-74.48232421875,0.3200001));
#6069 = SURFACE_CURVE('',#6070,(#6074,#6081),.PCURVE_S1.);
#6070 = LINE('',#6071,#6072);
#6071 = CARTESIAN_POINT('',(46.78330078125,-74.48232421875,
    -2.999989999987E-02));
#6072 = VECTOR('',#6073,1.);
#6073 = DIRECTION('',(0.,1.224646799147E-16,1.));
#6074 = PCURVE('',#3960,#6075);
#6075 = DEFINITIONAL_REPRESENTATION('',(#6076),#6080);
#6076 = LINE('',#6077,#6078);
#6077 = CARTESIAN_POINT('',(0.,0.));
#6078 = VECTOR('',#6079,1.);
#6079 = DIRECTION('',(0.,-1.));
#6080 = ( GEOMETRIC_REPRESENTATION_CONTEXT(2) 
PARAMETRIC_REPRESENTATION_CONTEXT() REPRESENTATION_CONTEXT('2D SPACE',''
  ) );
#6081 = PCURVE('',#3932,#6082);
#6082 = DEFINITIONAL_REPRESENTATION('',(#6083),#6087);
#6083 = LINE('',#6084,#6085);
#6084 = CARTESIAN_POINT('',(0.5611328125,-0.));
#6085 = VECTOR('',#6086,1.);
#6086 = DIRECTION('',(0.,-1.));
#6087 = ( GEOMETRIC_REPRESENTATION_CONTEXT(2) 
PARAMETRIC_REPRESENTATION_CONTEXT() REPRESENTATION_CONTEXT('2D SPACE',''
  ) );
#6088 = ORIENTED_EDGE('',*,*,#6089,.T.);
#6089 = EDGE_CURVE('',#6067,#6018,#6090,.T.);
#6090 = SURFACE_CURVE('',#6091,(#6095,#6102),.PCURVE_S1.);
#6091 = LINE('',#6092,#6093);
#6092 = CARTESIAN_POINT('',(46.78330078125,-74.48232421875,0.3200001));
#6093 = VECTOR('',#6094,1.);
#6094 = DIRECTION('',(-0.359401561996,-0.933183003078,1.142819577739E-16
    ));
#6095 = PCURVE('',#3960,#6096);
#6096 = DEFINITIONAL_REPRESENTATION('',(#6097),#6101);
#6097 = LINE('',#6098,#6099);
#6098 = CARTESIAN_POINT('',(-1.57750310852E-14,-0.35));
#6099 = VECTOR('',#6100,1.);
#6100 = DIRECTION('',(1.,0.));
#6101 = ( GEOMETRIC_REPRESENTATION_CONTEXT(2) 
PARAMETRIC_REPRESENTATION_CONTEXT() REPRESENTATION_CONTEXT('2D SPACE',''
  ) );
#6102 = PCURVE('',#5980,#6103);
#6103 = DEFINITIONAL_REPRESENTATION('',(#6104),#6108);
#6104 = LINE('',#6105,#6106);
#6105 = CARTESIAN_POINT('',(2.91484375,0.));
#6106 = VECTOR('',#6107,1.);
#6107 = DIRECTION('',(-0.359401561996,0.933183003078));
#6108 = ( GEOMETRIC_REPRESENTATION_CONTEXT(2) 
PARAMETRIC_REPRESENTATION_CONTEXT() REPRESENTATION_CONTEXT('2D SPACE',''
  ) );
#6109 = ORIENTED_EDGE('',*,*,#6017,.F.);
#6110 = ADVANCED_FACE('',(#6111),#3932,.T.);
#6111 = FACE_BOUND('',#6112,.T.);
#6112 = EDGE_LOOP('',(#6113,#6114,#6137,#6158));
#6113 = ORIENTED_EDGE('',*,*,#3916,.F.);
#6114 = ORIENTED_EDGE('',*,*,#6115,.T.);
#6115 = EDGE_CURVE('',#3889,#6116,#6118,.T.);
#6116 = VERTEX_POINT('',#6117);
#6117 = CARTESIAN_POINT('',(47.34443359375,-74.48232421875,0.3200001));
#6118 = SURFACE_CURVE('',#6119,(#6123,#6130),.PCURVE_S1.);
#6119 = LINE('',#6120,#6121);
#6120 = CARTESIAN_POINT('',(47.34443359375,-74.48232421875,
    -2.999989999987E-02));
#6121 = VECTOR('',#6122,1.);
#6122 = DIRECTION('',(0.,1.224646799147E-16,1.));
#6123 = PCURVE('',#3932,#6124);
#6124 = DEFINITIONAL_REPRESENTATION('',(#6125),#6129);
#6125 = LINE('',#6126,#6127);
#6126 = CARTESIAN_POINT('',(0.,0.));
#6127 = VECTOR('',#6128,1.);
#6128 = DIRECTION('',(0.,-1.));
#6129 = ( GEOMETRIC_REPRESENTATION_CONTEXT(2) 
PARAMETRIC_REPRESENTATION_CONTEXT() REPRESENTATION_CONTEXT('2D SPACE',''
  ) );
#6130 = PCURVE('',#3904,#6131);
#6131 = DEFINITIONAL_REPRESENTATION('',(#6132),#6136);
#6132 = LINE('',#6133,#6134);
#6133 = CARTESIAN_POINT('',(4.021955146376,-4.558460683232E-16));
#6134 = VECTOR('',#6135,1.);
#6135 = DIRECTION('',(0.,-1.));
#6136 = ( GEOMETRIC_REPRESENTATION_CONTEXT(2) 
PARAMETRIC_REPRESENTATION_CONTEXT() REPRESENTATION_CONTEXT('2D SPACE',''
  ) );
#6137 = ORIENTED_EDGE('',*,*,#6138,.T.);
#6138 = EDGE_CURVE('',#6116,#6067,#6139,.T.);
#6139 = SURFACE_CURVE('',#6140,(#6144,#6151),.PCURVE_S1.);
#6140 = LINE('',#6141,#6142);
#6141 = CARTESIAN_POINT('',(47.34443359375,-74.48232421875,0.3200001));
#6142 = VECTOR('',#6143,1.);
#6143 = DIRECTION('',(-1.,0.,0.));
#6144 = PCURVE('',#3932,#6145);
#6145 = DEFINITIONAL_REPRESENTATION('',(#6146),#6150);
#6146 = LINE('',#6147,#6148);
#6147 = CARTESIAN_POINT('',(0.,-0.35));
#6148 = VECTOR('',#6149,1.);
#6149 = DIRECTION('',(1.,-0.));
#6150 = ( GEOMETRIC_REPRESENTATION_CONTEXT(2) 
PARAMETRIC_REPRESENTATION_CONTEXT() REPRESENTATION_CONTEXT('2D SPACE',''
  ) );
#6151 = PCURVE('',#5980,#6152);
#6152 = DEFINITIONAL_REPRESENTATION('',(#6153),#6157);
#6153 = LINE('',#6154,#6155);
#6154 = CARTESIAN_POINT('',(3.4759765625,0.));
#6155 = VECTOR('',#6156,1.);
#6156 = DIRECTION('',(-1.,0.));
#6157 = ( GEOMETRIC_REPRESENTATION_CONTEXT(2) 
PARAMETRIC_REPRESENTATION_CONTEXT() REPRESENTATION_CONTEXT('2D SPACE',''
  ) );
#6158 = ORIENTED_EDGE('',*,*,#6066,.F.);
#6159 = ADVANCED_FACE('',(#6160),#3904,.T.);
#6160 = FACE_BOUND('',#6161,.T.);
#6161 = EDGE_LOOP('',(#6162,#6163,#6186,#6207));
#6162 = ORIENTED_EDGE('',*,*,#3888,.F.);
#6163 = ORIENTED_EDGE('',*,*,#6164,.T.);
#6164 = EDGE_CURVE('',#3861,#6165,#6167,.T.);
#6165 = VERTEX_POINT('',#6166);
#6166 = CARTESIAN_POINT('',(45.82099609375,-78.20458984375,0.3200001));
#6167 = SURFACE_CURVE('',#6168,(#6172,#6179),.PCURVE_S1.);
#6168 = LINE('',#6169,#6170);
#6169 = CARTESIAN_POINT('',(45.82099609375,-78.20458984375,
    -2.999989999987E-02));
#6170 = VECTOR('',#6171,1.);
#6171 = DIRECTION('',(0.,1.224646799147E-16,1.));
#6172 = PCURVE('',#3904,#6173);
#6173 = DEFINITIONAL_REPRESENTATION('',(#6174),#6178);
#6174 = LINE('',#6175,#6176);
#6175 = CARTESIAN_POINT('',(0.,0.));
#6176 = VECTOR('',#6177,1.);
#6177 = DIRECTION('',(0.,-1.));
#6178 = ( GEOMETRIC_REPRESENTATION_CONTEXT(2) 
PARAMETRIC_REPRESENTATION_CONTEXT() REPRESENTATION_CONTEXT('2D SPACE',''
  ) );
#6179 = PCURVE('',#3876,#6180);
#6180 = DEFINITIONAL_REPRESENTATION('',(#6181),#6185);
#6181 = LINE('',#6182,#6183);
#6182 = CARTESIAN_POINT('',(0.5306640625,0.));
#6183 = VECTOR('',#6184,1.);
#6184 = DIRECTION('',(0.,-1.));
#6185 = ( GEOMETRIC_REPRESENTATION_CONTEXT(2) 
PARAMETRIC_REPRESENTATION_CONTEXT() REPRESENTATION_CONTEXT('2D SPACE',''
  ) );
#6186 = ORIENTED_EDGE('',*,*,#6187,.T.);
#6187 = EDGE_CURVE('',#6165,#6116,#6188,.T.);
#6188 = SURFACE_CURVE('',#6189,(#6193,#6200),.PCURVE_S1.);
#6189 = LINE('',#6190,#6191);
#6190 = CARTESIAN_POINT('',(45.82099609375,-78.20458984375,0.3200001));
#6191 = VECTOR('',#6192,1.);
#6192 = DIRECTION('',(0.378780330599,0.925486607764,-1.133394211852E-16)
  );
#6193 = PCURVE('',#3904,#6194);
#6194 = DEFINITIONAL_REPRESENTATION('',(#6195),#6199);
#6195 = LINE('',#6196,#6197);
#6196 = CARTESIAN_POINT('',(-3.966879741483E-17,-0.35));
#6197 = VECTOR('',#6198,1.);
#6198 = DIRECTION('',(1.,0.));
#6199 = ( GEOMETRIC_REPRESENTATION_CONTEXT(2) 
PARAMETRIC_REPRESENTATION_CONTEXT() REPRESENTATION_CONTEXT('2D SPACE',''
  ) );
#6200 = PCURVE('',#5980,#6201);
#6201 = DEFINITIONAL_REPRESENTATION('',(#6202),#6206);
#6202 = LINE('',#6203,#6204);
#6203 = CARTESIAN_POINT('',(1.9525390625,3.722265625));
#6204 = VECTOR('',#6205,1.);
#6205 = DIRECTION('',(0.378780330599,-0.925486607764));
#6206 = ( GEOMETRIC_REPRESENTATION_CONTEXT(2) 
PARAMETRIC_REPRESENTATION_CONTEXT() REPRESENTATION_CONTEXT('2D SPACE',''
  ) );
#6207 = ORIENTED_EDGE('',*,*,#6115,.F.);
#6208 = ADVANCED_FACE('',(#6209),#3876,.T.);
#6209 = FACE_BOUND('',#6210,.T.);
#6210 = EDGE_LOOP('',(#6211,#6212,#6235,#6256));
#6211 = ORIENTED_EDGE('',*,*,#3860,.F.);
#6212 = ORIENTED_EDGE('',*,*,#6213,.T.);
#6213 = EDGE_CURVE('',#3833,#6214,#6216,.T.);
#6214 = VERTEX_POINT('',#6215);
#6215 = CARTESIAN_POINT('',(45.29033203125,-78.20458984375,0.3200001));
#6216 = SURFACE_CURVE('',#6217,(#6221,#6228),.PCURVE_S1.);
#6217 = LINE('',#6218,#6219);
#6218 = CARTESIAN_POINT('',(45.29033203125,-78.20458984375,
    -2.999989999987E-02));
#6219 = VECTOR('',#6220,1.);
#6220 = DIRECTION('',(0.,1.224646799147E-16,1.));
#6221 = PCURVE('',#3876,#6222);
#6222 = DEFINITIONAL_REPRESENTATION('',(#6223),#6227);
#6223 = LINE('',#6224,#6225);
#6224 = CARTESIAN_POINT('',(0.,0.));
#6225 = VECTOR('',#6226,1.);
#6226 = DIRECTION('',(0.,-1.));
#6227 = ( GEOMETRIC_REPRESENTATION_CONTEXT(2) 
PARAMETRIC_REPRESENTATION_CONTEXT() REPRESENTATION_CONTEXT('2D SPACE',''
  ) );
#6228 = PCURVE('',#3848,#6229);
#6229 = DEFINITIONAL_REPRESENTATION('',(#6230),#6234);
#6230 = LINE('',#6231,#6232);
#6231 = CARTESIAN_POINT('',(3.987318559782,4.558460683232E-16));
#6232 = VECTOR('',#6233,1.);
#6233 = DIRECTION('',(0.,-1.));
#6234 = ( GEOMETRIC_REPRESENTATION_CONTEXT(2) 
PARAMETRIC_REPRESENTATION_CONTEXT() REPRESENTATION_CONTEXT('2D SPACE',''
  ) );
#6235 = ORIENTED_EDGE('',*,*,#6236,.T.);
#6236 = EDGE_CURVE('',#6214,#6165,#6237,.T.);
#6237 = SURFACE_CURVE('',#6238,(#6242,#6249),.PCURVE_S1.);
#6238 = LINE('',#6239,#6240);
#6239 = CARTESIAN_POINT('',(45.29033203125,-78.20458984375,0.3200001));
#6240 = VECTOR('',#6241,1.);
#6241 = DIRECTION('',(1.,0.,0.));
#6242 = PCURVE('',#3876,#6243);
#6243 = DEFINITIONAL_REPRESENTATION('',(#6244),#6248);
#6244 = LINE('',#6245,#6246);
#6245 = CARTESIAN_POINT('',(0.,-0.35));
#6246 = VECTOR('',#6247,1.);
#6247 = DIRECTION('',(1.,0.));
#6248 = ( GEOMETRIC_REPRESENTATION_CONTEXT(2) 
PARAMETRIC_REPRESENTATION_CONTEXT() REPRESENTATION_CONTEXT('2D SPACE',''
  ) );
#6249 = PCURVE('',#5980,#6250);
#6250 = DEFINITIONAL_REPRESENTATION('',(#6251),#6255);
#6251 = LINE('',#6252,#6253);
#6252 = CARTESIAN_POINT('',(1.421875,3.722265625));
#6253 = VECTOR('',#6254,1.);
#6254 = DIRECTION('',(1.,0.));
#6255 = ( GEOMETRIC_REPRESENTATION_CONTEXT(2) 
PARAMETRIC_REPRESENTATION_CONTEXT() REPRESENTATION_CONTEXT('2D SPACE',''
  ) );
#6256 = ORIENTED_EDGE('',*,*,#6164,.F.);
#6257 = ADVANCED_FACE('',(#6258),#3848,.T.);
#6258 = FACE_BOUND('',#6259,.T.);
#6259 = EDGE_LOOP('',(#6260,#6261,#6284,#6305));
#6260 = ORIENTED_EDGE('',*,*,#3832,.F.);
#6261 = ORIENTED_EDGE('',*,*,#6262,.T.);
#6262 = EDGE_CURVE('',#3805,#6263,#6265,.T.);
#6263 = VERTEX_POINT('',#6264);
#6264 = CARTESIAN_POINT('',(43.86083984375,-74.48232421875,0.3200001));
#6265 = SURFACE_CURVE('',#6266,(#6270,#6277),.PCURVE_S1.);
#6266 = LINE('',#6267,#6268);
#6267 = CARTESIAN_POINT('',(43.86083984375,-74.48232421875,
    -2.999989999987E-02));
#6268 = VECTOR('',#6269,1.);
#6269 = DIRECTION('',(0.,1.224646799147E-16,1.));
#6270 = PCURVE('',#3848,#6271);
#6271 = DEFINITIONAL_REPRESENTATION('',(#6272),#6276);
#6272 = LINE('',#6273,#6274);
#6273 = CARTESIAN_POINT('',(0.,0.));
#6274 = VECTOR('',#6275,1.);
#6275 = DIRECTION('',(0.,-1.));
#6276 = ( GEOMETRIC_REPRESENTATION_CONTEXT(2) 
PARAMETRIC_REPRESENTATION_CONTEXT() REPRESENTATION_CONTEXT('2D SPACE',''
  ) );
#6277 = PCURVE('',#3820,#6278);
#6278 = DEFINITIONAL_REPRESENTATION('',(#6279),#6283);
#6279 = LINE('',#6280,#6281);
#6280 = CARTESIAN_POINT('',(0.523046875,-0.));
#6281 = VECTOR('',#6282,1.);
#6282 = DIRECTION('',(0.,-1.));
#6283 = ( GEOMETRIC_REPRESENTATION_CONTEXT(2) 
PARAMETRIC_REPRESENTATION_CONTEXT() REPRESENTATION_CONTEXT('2D SPACE',''
  ) );
#6284 = ORIENTED_EDGE('',*,*,#6285,.T.);
#6285 = EDGE_CURVE('',#6263,#6214,#6286,.T.);
#6286 = SURFACE_CURVE('',#6287,(#6291,#6298),.PCURVE_S1.);
#6287 = LINE('',#6288,#6289);
#6288 = CARTESIAN_POINT('',(43.86083984375,-74.48232421875,0.3200001));
#6289 = VECTOR('',#6290,1.);
#6290 = DIRECTION('',(0.358509651553,-0.933526019853,1.143239652134E-16)
  );
#6291 = PCURVE('',#3848,#6292);
#6292 = DEFINITIONAL_REPRESENTATION('',(#6293),#6297);
#6293 = LINE('',#6294,#6295);
#6294 = CARTESIAN_POINT('',(-1.577355353928E-14,-0.35));
#6295 = VECTOR('',#6296,1.);
#6296 = DIRECTION('',(1.,0.));
#6297 = ( GEOMETRIC_REPRESENTATION_CONTEXT(2) 
PARAMETRIC_REPRESENTATION_CONTEXT() REPRESENTATION_CONTEXT('2D SPACE',''
  ) );
#6298 = PCURVE('',#5980,#6299);
#6299 = DEFINITIONAL_REPRESENTATION('',(#6300),#6304);
#6300 = LINE('',#6301,#6302);
#6301 = CARTESIAN_POINT('',(-7.617187500003E-03,0.));
#6302 = VECTOR('',#6303,1.);
#6303 = DIRECTION('',(0.358509651553,0.933526019853));
#6304 = ( GEOMETRIC_REPRESENTATION_CONTEXT(2) 
PARAMETRIC_REPRESENTATION_CONTEXT() REPRESENTATION_CONTEXT('2D SPACE',''
  ) );
#6305 = ORIENTED_EDGE('',*,*,#6213,.F.);
#6306 = ADVANCED_FACE('',(#6307),#3820,.T.);
#6307 = FACE_BOUND('',#6308,.T.);
#6308 = EDGE_LOOP('',(#6309,#6310,#6311,#6332));
#6309 = ORIENTED_EDGE('',*,*,#3804,.F.);
#6310 = ORIENTED_EDGE('',*,*,#5992,.T.);
#6311 = ORIENTED_EDGE('',*,*,#6312,.T.);
#6312 = EDGE_CURVE('',#5965,#6263,#6313,.T.);
#6313 = SURFACE_CURVE('',#6314,(#6318,#6325),.PCURVE_S1.);
#6314 = LINE('',#6315,#6316);
#6315 = CARTESIAN_POINT('',(44.38388671875,-74.48232421875,0.3200001));
#6316 = VECTOR('',#6317,1.);
#6317 = DIRECTION('',(-1.,0.,0.));
#6318 = PCURVE('',#3820,#6319);
#6319 = DEFINITIONAL_REPRESENTATION('',(#6320),#6324);
#6320 = LINE('',#6321,#6322);
#6321 = CARTESIAN_POINT('',(0.,-0.35));
#6322 = VECTOR('',#6323,1.);
#6323 = DIRECTION('',(1.,-0.));
#6324 = ( GEOMETRIC_REPRESENTATION_CONTEXT(2) 
PARAMETRIC_REPRESENTATION_CONTEXT() REPRESENTATION_CONTEXT('2D SPACE',''
  ) );
#6325 = PCURVE('',#5980,#6326);
#6326 = DEFINITIONAL_REPRESENTATION('',(#6327),#6331);
#6327 = LINE('',#6328,#6329);
#6328 = CARTESIAN_POINT('',(0.5154296875,0.));
#6329 = VECTOR('',#6330,1.);
#6330 = DIRECTION('',(-1.,0.));
#6331 = ( GEOMETRIC_REPRESENTATION_CONTEXT(2) 
PARAMETRIC_REPRESENTATION_CONTEXT() REPRESENTATION_CONTEXT('2D SPACE',''
  ) );
#6332 = ORIENTED_EDGE('',*,*,#6262,.F.);
#6333 = ADVANCED_FACE('',(#6334),#4018,.T.);
#6334 = FACE_BOUND('',#6335,.T.);
#6335 = EDGE_LOOP('',(#6336,#6337,#6360,#6388));
#6336 = ORIENTED_EDGE('',*,*,#4000,.F.);
#6337 = ORIENTED_EDGE('',*,*,#6338,.T.);
#6338 = EDGE_CURVE('',#4001,#6339,#6341,.T.);
#6339 = VERTEX_POINT('',#6340);
#6340 = CARTESIAN_POINT('',(50.57412109375,-75.24912109375,0.3200001));
#6341 = SURFACE_CURVE('',#6342,(#6346,#6353),.PCURVE_S1.);
#6342 = LINE('',#6343,#6344);
#6343 = CARTESIAN_POINT('',(50.57412109375,-75.24912109375,
    -2.999989999987E-02));
#6344 = VECTOR('',#6345,1.);
#6345 = DIRECTION('',(0.,1.224646799147E-16,1.));
#6346 = PCURVE('',#4018,#6347);
#6347 = DEFINITIONAL_REPRESENTATION('',(#6348),#6352);
#6348 = LINE('',#6349,#6350);
#6349 = CARTESIAN_POINT('',(0.,0.));
#6350 = VECTOR('',#6351,1.);
#6351 = DIRECTION('',(0.,-1.));
#6352 = ( GEOMETRIC_REPRESENTATION_CONTEXT(2) 
PARAMETRIC_REPRESENTATION_CONTEXT() REPRESENTATION_CONTEXT('2D SPACE',''
  ) );
#6353 = PCURVE('',#5206,#6354);
#6354 = DEFINITIONAL_REPRESENTATION('',(#6355),#6359);
#6355 = LINE('',#6356,#6357);
#6356 = CARTESIAN_POINT('',(1.,0.));
#6357 = VECTOR('',#6358,1.);
#6358 = DIRECTION('',(0.,-1.));
#6359 = ( GEOMETRIC_REPRESENTATION_CONTEXT(2) 
PARAMETRIC_REPRESENTATION_CONTEXT() REPRESENTATION_CONTEXT('2D SPACE',''
  ) );
#6360 = ORIENTED_EDGE('',*,*,#6361,.T.);
#6361 = EDGE_CURVE('',#6339,#6362,#6364,.T.);
#6362 = VERTEX_POINT('',#6363);
#6363 = CARTESIAN_POINT('',(50.57412109375,-75.94228515625,0.3200001));
#6364 = SURFACE_CURVE('',#6365,(#6369,#6376),.PCURVE_S1.);
#6365 = LINE('',#6366,#6367);
#6366 = CARTESIAN_POINT('',(50.57412109375,-75.24912109375,0.3200001));
#6367 = VECTOR('',#6368,1.);
#6368 = DIRECTION('',(0.,-1.,1.224646799147E-16));
#6369 = PCURVE('',#4018,#6370);
#6370 = DEFINITIONAL_REPRESENTATION('',(#6371),#6375);
#6371 = LINE('',#6372,#6373);
#6372 = CARTESIAN_POINT('',(4.286263797016E-17,-0.35));
#6373 = VECTOR('',#6374,1.);
#6374 = DIRECTION('',(1.,0.));
#6375 = ( GEOMETRIC_REPRESENTATION_CONTEXT(2) 
PARAMETRIC_REPRESENTATION_CONTEXT() REPRESENTATION_CONTEXT('2D SPACE',''
  ) );
#6376 = PCURVE('',#6377,#6382);
#6377 = PLANE('',#6378);
#6378 = AXIS2_PLACEMENT_3D('',#6379,#6380,#6381);
#6379 = CARTESIAN_POINT('',(47.33681640625,-74.48232421875,0.3200001));
#6380 = DIRECTION('',(0.,-1.224646799147E-16,-1.));
#6381 = DIRECTION('',(1.,0.,0.));
#6382 = DEFINITIONAL_REPRESENTATION('',(#6383),#6387);
#6383 = LINE('',#6384,#6385);
#6384 = CARTESIAN_POINT('',(3.2373046875,0.766796875));
#6385 = VECTOR('',#6386,1.);
#6386 = DIRECTION('',(0.,1.));
#6387 = ( GEOMETRIC_REPRESENTATION_CONTEXT(2) 
PARAMETRIC_REPRESENTATION_CONTEXT() REPRESENTATION_CONTEXT('2D SPACE',''
  ) );
#6388 = ORIENTED_EDGE('',*,*,#6389,.F.);
#6389 = EDGE_CURVE('',#4003,#6362,#6390,.T.);
#6390 = SURFACE_CURVE('',#6391,(#6395,#6402),.PCURVE_S1.);
#6391 = LINE('',#6392,#6393);
#6392 = CARTESIAN_POINT('',(50.57412109375,-75.94228515625,
    -2.999989999987E-02));
#6393 = VECTOR('',#6394,1.);
#6394 = DIRECTION('',(0.,1.224646799147E-16,1.));
#6395 = PCURVE('',#4018,#6396);
#6396 = DEFINITIONAL_REPRESENTATION('',(#6397),#6401);
#6397 = LINE('',#6398,#6399);
#6398 = CARTESIAN_POINT('',(0.6931640625,8.488811504246E-17));
#6399 = VECTOR('',#6400,1.);
#6400 = DIRECTION('',(0.,-1.));
#6401 = ( GEOMETRIC_REPRESENTATION_CONTEXT(2) 
PARAMETRIC_REPRESENTATION_CONTEXT() REPRESENTATION_CONTEXT('2D SPACE',''
  ) );
#6402 = PCURVE('',#4046,#6403);
#6403 = DEFINITIONAL_REPRESENTATION('',(#6404),#6408);
#6404 = LINE('',#6405,#6406);
#6405 = CARTESIAN_POINT('',(0.,0.));
#6406 = VECTOR('',#6407,1.);
#6407 = DIRECTION('',(0.,-1.));
#6408 = ( GEOMETRIC_REPRESENTATION_CONTEXT(2) 
PARAMETRIC_REPRESENTATION_CONTEXT() REPRESENTATION_CONTEXT('2D SPACE',''
  ) );
#6409 = ADVANCED_FACE('',(#6410),#5206,.T.);
#6410 = FACE_BOUND('',#6411,.T.);
#6411 = EDGE_LOOP('',(#6412,#6413,#6436,#6457));
#6412 = ORIENTED_EDGE('',*,*,#5184,.T.);
#6413 = ORIENTED_EDGE('',*,*,#6414,.T.);
#6414 = EDGE_CURVE('',#5134,#6415,#6417,.T.);
#6415 = VERTEX_POINT('',#6416);
#6416 = CARTESIAN_POINT('',(50.11201171875,-74.986328125,0.3200001));
#6417 = SURFACE_CURVE('',#6418,(#6422,#6429),.PCURVE_S1.);
#6418 = LINE('',#6419,#6420);
#6419 = CARTESIAN_POINT('',(50.11201171875,-74.986328125,
    -2.999989999987E-02));
#6420 = VECTOR('',#6421,1.);
#6421 = DIRECTION('',(0.,1.224646799147E-16,1.));
#6422 = PCURVE('',#5206,#6423);
#6423 = DEFINITIONAL_REPRESENTATION('',(#6424),#6428);
#6424 = LINE('',#6425,#6426);
#6425 = CARTESIAN_POINT('',(0.,0.));
#6426 = VECTOR('',#6427,1.);
#6427 = DIRECTION('',(0.,-1.));
#6428 = ( GEOMETRIC_REPRESENTATION_CONTEXT(2) 
PARAMETRIC_REPRESENTATION_CONTEXT() REPRESENTATION_CONTEXT('2D SPACE',''
  ) );
#6429 = PCURVE('',#5163,#6430);
#6430 = DEFINITIONAL_REPRESENTATION('',(#6431),#6435);
#6431 = LINE('',#6432,#6433);
#6432 = CARTESIAN_POINT('',(1.,0.));
#6433 = VECTOR('',#6434,1.);
#6434 = DIRECTION('',(0.,-1.));
#6435 = ( GEOMETRIC_REPRESENTATION_CONTEXT(2) 
PARAMETRIC_REPRESENTATION_CONTEXT() REPRESENTATION_CONTEXT('2D SPACE',''
  ) );
#6436 = ORIENTED_EDGE('',*,*,#6437,.T.);
#6437 = EDGE_CURVE('',#6415,#6339,#6438,.T.);
#6438 = SURFACE_CURVE('',#6439,(#6443,#6450),.PCURVE_S1.);
#6439 = B_SPLINE_CURVE_WITH_KNOTS('',2,(#6440,#6441,#6442),
  .UNSPECIFIED.,.F.,.F.,(3,3),(0.,1.),.PIECEWISE_BEZIER_KNOTS.);
#6440 = CARTESIAN_POINT('',(50.11201171875,-74.986328125,0.3200001));
#6441 = CARTESIAN_POINT('',(50.41669921875,-75.10947265625,0.3200001));
#6442 = CARTESIAN_POINT('',(50.57412109375,-75.24912109375,0.3200001));
#6443 = PCURVE('',#5206,#6444);
#6444 = DEFINITIONAL_REPRESENTATION('',(#6445),#6449);
#6445 = LINE('',#6446,#6447);
#6446 = CARTESIAN_POINT('',(0.,-0.35));
#6447 = VECTOR('',#6448,1.);
#6448 = DIRECTION('',(1.,0.));
#6449 = ( GEOMETRIC_REPRESENTATION_CONTEXT(2) 
PARAMETRIC_REPRESENTATION_CONTEXT() REPRESENTATION_CONTEXT('2D SPACE',''
  ) );
#6450 = PCURVE('',#6377,#6451);
#6451 = DEFINITIONAL_REPRESENTATION('',(#6452),#6456);
#6452 = B_SPLINE_CURVE_WITH_KNOTS('',2,(#6453,#6454,#6455),
  .UNSPECIFIED.,.F.,.F.,(3,3),(0.,1.),.PIECEWISE_BEZIER_KNOTS.);
#6453 = CARTESIAN_POINT('',(2.7751953125,0.50400390625));
#6454 = CARTESIAN_POINT('',(3.0798828125,0.6271484375));
#6455 = CARTESIAN_POINT('',(3.2373046875,0.766796875));
#6456 = ( GEOMETRIC_REPRESENTATION_CONTEXT(2) 
PARAMETRIC_REPRESENTATION_CONTEXT() REPRESENTATION_CONTEXT('2D SPACE',''
  ) );
#6457 = ORIENTED_EDGE('',*,*,#6338,.F.);
#6458 = ADVANCED_FACE('',(#6459),#5163,.T.);
#6459 = FACE_BOUND('',#6460,.T.);
#6460 = EDGE_LOOP('',(#6461,#6462,#6485,#6506));
#6461 = ORIENTED_EDGE('',*,*,#5133,.T.);
#6462 = ORIENTED_EDGE('',*,*,#6463,.T.);
#6463 = EDGE_CURVE('',#5083,#6464,#6466,.T.);
#6464 = VERTEX_POINT('',#6465);
#6465 = CARTESIAN_POINT('',(49.48740234375,-74.86318359375,0.3200001));
#6466 = SURFACE_CURVE('',#6467,(#6471,#6478),.PCURVE_S1.);
#6467 = LINE('',#6468,#6469);
#6468 = CARTESIAN_POINT('',(49.48740234375,-74.86318359375,
    -2.999989999987E-02));
#6469 = VECTOR('',#6470,1.);
#6470 = DIRECTION('',(0.,1.224646799147E-16,1.));
#6471 = PCURVE('',#5163,#6472);
#6472 = DEFINITIONAL_REPRESENTATION('',(#6473),#6477);
#6473 = LINE('',#6474,#6475);
#6474 = CARTESIAN_POINT('',(0.,0.));
#6475 = VECTOR('',#6476,1.);
#6476 = DIRECTION('',(0.,-1.));
#6477 = ( GEOMETRIC_REPRESENTATION_CONTEXT(2) 
PARAMETRIC_REPRESENTATION_CONTEXT() REPRESENTATION_CONTEXT('2D SPACE',''
  ) );
#6478 = PCURVE('',#5112,#6479);
#6479 = DEFINITIONAL_REPRESENTATION('',(#6480),#6484);
#6480 = LINE('',#6481,#6482);
#6481 = CARTESIAN_POINT('',(1.,0.));
#6482 = VECTOR('',#6483,1.);
#6483 = DIRECTION('',(0.,-1.));
#6484 = ( GEOMETRIC_REPRESENTATION_CONTEXT(2) 
PARAMETRIC_REPRESENTATION_CONTEXT() REPRESENTATION_CONTEXT('2D SPACE',''
  ) );
#6485 = ORIENTED_EDGE('',*,*,#6486,.T.);
#6486 = EDGE_CURVE('',#6464,#6415,#6487,.T.);
#6487 = SURFACE_CURVE('',#6488,(#6492,#6499),.PCURVE_S1.);
#6488 = B_SPLINE_CURVE_WITH_KNOTS('',2,(#6489,#6490,#6491),
  .UNSPECIFIED.,.F.,.F.,(3,3),(0.,1.),.PIECEWISE_BEZIER_KNOTS.);
#6489 = CARTESIAN_POINT('',(49.48740234375,-74.86318359375,0.3200001));
#6490 = CARTESIAN_POINT('',(49.80732421875,-74.86318359375,0.3200001));
#6491 = CARTESIAN_POINT('',(50.11201171875,-74.986328125,0.3200001));
#6492 = PCURVE('',#5163,#6493);
#6493 = DEFINITIONAL_REPRESENTATION('',(#6494),#6498);
#6494 = LINE('',#6495,#6496);
#6495 = CARTESIAN_POINT('',(0.,-0.35));
#6496 = VECTOR('',#6497,1.);
#6497 = DIRECTION('',(1.,0.));
#6498 = ( GEOMETRIC_REPRESENTATION_CONTEXT(2) 
PARAMETRIC_REPRESENTATION_CONTEXT() REPRESENTATION_CONTEXT('2D SPACE',''
  ) );
#6499 = PCURVE('',#6377,#6500);
#6500 = DEFINITIONAL_REPRESENTATION('',(#6501),#6505);
#6501 = B_SPLINE_CURVE_WITH_KNOTS('',2,(#6502,#6503,#6504),
  .UNSPECIFIED.,.F.,.F.,(3,3),(0.,1.),.PIECEWISE_BEZIER_KNOTS.);
#6502 = CARTESIAN_POINT('',(2.1505859375,0.380859375));
#6503 = CARTESIAN_POINT('',(2.4705078125,0.380859375));
#6504 = CARTESIAN_POINT('',(2.7751953125,0.50400390625));
#6505 = ( GEOMETRIC_REPRESENTATION_CONTEXT(2) 
PARAMETRIC_REPRESENTATION_CONTEXT() REPRESENTATION_CONTEXT('2D SPACE',''
  ) );
#6506 = ORIENTED_EDGE('',*,*,#6414,.F.);
#6507 = ADVANCED_FACE('',(#6508),#5112,.T.);
#6508 = FACE_BOUND('',#6509,.T.);
#6509 = EDGE_LOOP('',(#6510,#6511,#6534,#6555));
#6510 = ORIENTED_EDGE('',*,*,#5082,.T.);
#6511 = ORIENTED_EDGE('',*,*,#6512,.T.);
#6512 = EDGE_CURVE('',#5032,#6513,#6515,.T.);
#6513 = VERTEX_POINT('',#6514);
#6514 = CARTESIAN_POINT('',(48.79169921875,-75.02568359375,0.3200001));
#6515 = SURFACE_CURVE('',#6516,(#6520,#6527),.PCURVE_S1.);
#6516 = LINE('',#6517,#6518);
#6517 = CARTESIAN_POINT('',(48.79169921875,-75.02568359375,
    -2.999989999987E-02));
#6518 = VECTOR('',#6519,1.);
#6519 = DIRECTION('',(0.,1.224646799147E-16,1.));
#6520 = PCURVE('',#5112,#6521);
#6521 = DEFINITIONAL_REPRESENTATION('',(#6522),#6526);
#6522 = LINE('',#6523,#6524);
#6523 = CARTESIAN_POINT('',(0.,0.));
#6524 = VECTOR('',#6525,1.);
#6525 = DIRECTION('',(0.,-1.));
#6526 = ( GEOMETRIC_REPRESENTATION_CONTEXT(2) 
PARAMETRIC_REPRESENTATION_CONTEXT() REPRESENTATION_CONTEXT('2D SPACE',''
  ) );
#6527 = PCURVE('',#5061,#6528);
#6528 = DEFINITIONAL_REPRESENTATION('',(#6529),#6533);
#6529 = LINE('',#6530,#6531);
#6530 = CARTESIAN_POINT('',(1.,0.));
#6531 = VECTOR('',#6532,1.);
#6532 = DIRECTION('',(0.,-1.));
#6533 = ( GEOMETRIC_REPRESENTATION_CONTEXT(2) 
PARAMETRIC_REPRESENTATION_CONTEXT() REPRESENTATION_CONTEXT('2D SPACE',''
  ) );
#6534 = ORIENTED_EDGE('',*,*,#6535,.T.);
#6535 = EDGE_CURVE('',#6513,#6464,#6536,.T.);
#6536 = SURFACE_CURVE('',#6537,(#6541,#6548),.PCURVE_S1.);
#6537 = B_SPLINE_CURVE_WITH_KNOTS('',2,(#6538,#6539,#6540),
  .UNSPECIFIED.,.F.,.F.,(3,3),(0.,1.),.PIECEWISE_BEZIER_KNOTS.);
#6538 = CARTESIAN_POINT('',(48.79169921875,-75.02568359375,0.3200001));
#6539 = CARTESIAN_POINT('',(49.11923828125,-74.86318359375,0.3200001));
#6540 = CARTESIAN_POINT('',(49.48740234375,-74.86318359375,0.3200001));
#6541 = PCURVE('',#5112,#6542);
#6542 = DEFINITIONAL_REPRESENTATION('',(#6543),#6547);
#6543 = LINE('',#6544,#6545);
#6544 = CARTESIAN_POINT('',(0.,-0.35));
#6545 = VECTOR('',#6546,1.);
#6546 = DIRECTION('',(1.,0.));
#6547 = ( GEOMETRIC_REPRESENTATION_CONTEXT(2) 
PARAMETRIC_REPRESENTATION_CONTEXT() REPRESENTATION_CONTEXT('2D SPACE',''
  ) );
#6548 = PCURVE('',#6377,#6549);
#6549 = DEFINITIONAL_REPRESENTATION('',(#6550),#6554);
#6550 = B_SPLINE_CURVE_WITH_KNOTS('',2,(#6551,#6552,#6553),
  .UNSPECIFIED.,.F.,.F.,(3,3),(0.,1.),.PIECEWISE_BEZIER_KNOTS.);
#6551 = CARTESIAN_POINT('',(1.4548828125,0.543359375));
#6552 = CARTESIAN_POINT('',(1.782421875,0.380859375));
#6553 = CARTESIAN_POINT('',(2.1505859375,0.380859375));
#6554 = ( GEOMETRIC_REPRESENTATION_CONTEXT(2) 
PARAMETRIC_REPRESENTATION_CONTEXT() REPRESENTATION_CONTEXT('2D SPACE',''
  ) );
#6555 = ORIENTED_EDGE('',*,*,#6463,.F.);
#6556 = ADVANCED_FACE('',(#6557),#5061,.T.);
#6557 = FACE_BOUND('',#6558,.T.);
#6558 = EDGE_LOOP('',(#6559,#6560,#6583,#6604));
#6559 = ORIENTED_EDGE('',*,*,#5031,.T.);
#6560 = ORIENTED_EDGE('',*,*,#6561,.T.);
#6561 = EDGE_CURVE('',#4981,#6562,#6564,.T.);
#6562 = VERTEX_POINT('',#6563);
#6563 = CARTESIAN_POINT('',(48.2927734375,-75.52333984375,0.3200001));
#6564 = SURFACE_CURVE('',#6565,(#6569,#6576),.PCURVE_S1.);
#6565 = LINE('',#6566,#6567);
#6566 = CARTESIAN_POINT('',(48.2927734375,-75.52333984375,
    -2.999989999987E-02));
#6567 = VECTOR('',#6568,1.);
#6568 = DIRECTION('',(0.,1.224646799147E-16,1.));
#6569 = PCURVE('',#5061,#6570);
#6570 = DEFINITIONAL_REPRESENTATION('',(#6571),#6575);
#6571 = LINE('',#6572,#6573);
#6572 = CARTESIAN_POINT('',(0.,0.));
#6573 = VECTOR('',#6574,1.);
#6574 = DIRECTION('',(0.,-1.));
#6575 = ( GEOMETRIC_REPRESENTATION_CONTEXT(2) 
PARAMETRIC_REPRESENTATION_CONTEXT() REPRESENTATION_CONTEXT('2D SPACE',''
  ) );
#6576 = PCURVE('',#5010,#6577);
#6577 = DEFINITIONAL_REPRESENTATION('',(#6578),#6582);
#6578 = LINE('',#6579,#6580);
#6579 = CARTESIAN_POINT('',(1.,0.));
#6580 = VECTOR('',#6581,1.);
#6581 = DIRECTION('',(0.,-1.));
#6582 = ( GEOMETRIC_REPRESENTATION_CONTEXT(2) 
PARAMETRIC_REPRESENTATION_CONTEXT() REPRESENTATION_CONTEXT('2D SPACE',''
  ) );
#6583 = ORIENTED_EDGE('',*,*,#6584,.T.);
#6584 = EDGE_CURVE('',#6562,#6513,#6585,.T.);
#6585 = SURFACE_CURVE('',#6586,(#6590,#6597),.PCURVE_S1.);
#6586 = B_SPLINE_CURVE_WITH_KNOTS('',2,(#6587,#6588,#6589),
  .UNSPECIFIED.,.F.,.F.,(3,3),(0.,1.),.PIECEWISE_BEZIER_KNOTS.);
#6587 = CARTESIAN_POINT('',(48.2927734375,-75.52333984375,0.3200001));
#6588 = CARTESIAN_POINT('',(48.46416015625,-75.18818359375,0.3200001));
#6589 = CARTESIAN_POINT('',(48.79169921875,-75.02568359375,0.3200001));
#6590 = PCURVE('',#5061,#6591);
#6591 = DEFINITIONAL_REPRESENTATION('',(#6592),#6596);
#6592 = LINE('',#6593,#6594);
#6593 = CARTESIAN_POINT('',(0.,-0.35));
#6594 = VECTOR('',#6595,1.);
#6595 = DIRECTION('',(1.,0.));
#6596 = ( GEOMETRIC_REPRESENTATION_CONTEXT(2) 
PARAMETRIC_REPRESENTATION_CONTEXT() REPRESENTATION_CONTEXT('2D SPACE',''
  ) );
#6597 = PCURVE('',#6377,#6598);
#6598 = DEFINITIONAL_REPRESENTATION('',(#6599),#6603);
#6599 = B_SPLINE_CURVE_WITH_KNOTS('',2,(#6600,#6601,#6602),
  .UNSPECIFIED.,.F.,.F.,(3,3),(0.,1.),.PIECEWISE_BEZIER_KNOTS.);
#6600 = CARTESIAN_POINT('',(0.95595703125,1.041015625));
#6601 = CARTESIAN_POINT('',(1.12734375,0.705859375));
#6602 = CARTESIAN_POINT('',(1.4548828125,0.543359375));
#6603 = ( GEOMETRIC_REPRESENTATION_CONTEXT(2) 
PARAMETRIC_REPRESENTATION_CONTEXT() REPRESENTATION_CONTEXT('2D SPACE',''
  ) );
#6604 = ORIENTED_EDGE('',*,*,#6512,.F.);
#6605 = ADVANCED_FACE('',(#6606),#5010,.T.);
#6606 = FACE_BOUND('',#6607,.T.);
#6607 = EDGE_LOOP('',(#6608,#6609,#6632,#6653));
#6608 = ORIENTED_EDGE('',*,*,#4980,.T.);
#6609 = ORIENTED_EDGE('',*,*,#6610,.T.);
#6610 = EDGE_CURVE('',#4942,#6611,#6613,.T.);
#6611 = VERTEX_POINT('',#6612);
#6612 = CARTESIAN_POINT('',(48.12138671875,-76.35615234375,0.3200001));
#6613 = SURFACE_CURVE('',#6614,(#6618,#6625),.PCURVE_S1.);
#6614 = LINE('',#6615,#6616);
#6615 = CARTESIAN_POINT('',(48.12138671875,-76.35615234375,
    -2.999989999987E-02));
#6616 = VECTOR('',#6617,1.);
#6617 = DIRECTION('',(0.,1.224646799147E-16,1.));
#6618 = PCURVE('',#5010,#6619);
#6619 = DEFINITIONAL_REPRESENTATION('',(#6620),#6624);
#6620 = LINE('',#6621,#6622);
#6621 = CARTESIAN_POINT('',(0.,0.));
#6622 = VECTOR('',#6623,1.);
#6623 = DIRECTION('',(0.,-1.));
#6624 = ( GEOMETRIC_REPRESENTATION_CONTEXT(2) 
PARAMETRIC_REPRESENTATION_CONTEXT() REPRESENTATION_CONTEXT('2D SPACE',''
  ) );
#6625 = PCURVE('',#4963,#6626);
#6626 = DEFINITIONAL_REPRESENTATION('',(#6627),#6631);
#6627 = LINE('',#6628,#6629);
#6628 = CARTESIAN_POINT('',(1.,0.));
#6629 = VECTOR('',#6630,1.);
#6630 = DIRECTION('',(0.,-1.));
#6631 = ( GEOMETRIC_REPRESENTATION_CONTEXT(2) 
PARAMETRIC_REPRESENTATION_CONTEXT() REPRESENTATION_CONTEXT('2D SPACE',''
  ) );
#6632 = ORIENTED_EDGE('',*,*,#6633,.T.);
#6633 = EDGE_CURVE('',#6611,#6562,#6634,.T.);
#6634 = SURFACE_CURVE('',#6635,(#6639,#6646),.PCURVE_S1.);
#6635 = B_SPLINE_CURVE_WITH_KNOTS('',2,(#6636,#6637,#6638),
  .UNSPECIFIED.,.F.,.F.,(3,3),(0.,1.),.PIECEWISE_BEZIER_KNOTS.);
#6636 = CARTESIAN_POINT('',(48.12138671875,-76.35615234375,0.3200001));
#6637 = CARTESIAN_POINT('',(48.12138671875,-75.85849609375,0.3200001));
#6638 = CARTESIAN_POINT('',(48.2927734375,-75.52333984375,0.3200001));
#6639 = PCURVE('',#5010,#6640);
#6640 = DEFINITIONAL_REPRESENTATION('',(#6641),#6645);
#6641 = LINE('',#6642,#6643);
#6642 = CARTESIAN_POINT('',(0.,-0.35));
#6643 = VECTOR('',#6644,1.);
#6644 = DIRECTION('',(1.,0.));
#6645 = ( GEOMETRIC_REPRESENTATION_CONTEXT(2) 
PARAMETRIC_REPRESENTATION_CONTEXT() REPRESENTATION_CONTEXT('2D SPACE',''
  ) );
#6646 = PCURVE('',#6377,#6647);
#6647 = DEFINITIONAL_REPRESENTATION('',(#6648),#6652);
#6648 = B_SPLINE_CURVE_WITH_KNOTS('',2,(#6649,#6650,#6651),
  .UNSPECIFIED.,.F.,.F.,(3,3),(0.,1.),.PIECEWISE_BEZIER_KNOTS.);
#6649 = CARTESIAN_POINT('',(0.7845703125,1.873828125));
#6650 = CARTESIAN_POINT('',(0.7845703125,1.376171875));
#6651 = CARTESIAN_POINT('',(0.95595703125,1.041015625));
#6652 = ( GEOMETRIC_REPRESENTATION_CONTEXT(2) 
PARAMETRIC_REPRESENTATION_CONTEXT() REPRESENTATION_CONTEXT('2D SPACE',''
  ) );
#6653 = ORIENTED_EDGE('',*,*,#6561,.F.);
#6654 = ADVANCED_FACE('',(#6655),#4963,.T.);
#6655 = FACE_BOUND('',#6656,.T.);
#6656 = EDGE_LOOP('',(#6657,#6658,#6681,#6702));
#6657 = ORIENTED_EDGE('',*,*,#4941,.T.);
#6658 = ORIENTED_EDGE('',*,*,#6659,.T.);
#6659 = EDGE_CURVE('',#4897,#6660,#6662,.T.);
#6660 = VERTEX_POINT('',#6661);
#6661 = CARTESIAN_POINT('',(48.26357421875,-77.10517578125,0.3200001));
#6662 = SURFACE_CURVE('',#6663,(#6667,#6674),.PCURVE_S1.);
#6663 = LINE('',#6664,#6665);
#6664 = CARTESIAN_POINT('',(48.26357421875,-77.10517578125,
    -2.999989999987E-02));
#6665 = VECTOR('',#6666,1.);
#6666 = DIRECTION('',(0.,1.224646799147E-16,1.));
#6667 = PCURVE('',#4963,#6668);
#6668 = DEFINITIONAL_REPRESENTATION('',(#6669),#6673);
#6669 = LINE('',#6670,#6671);
#6670 = CARTESIAN_POINT('',(0.,0.));
#6671 = VECTOR('',#6672,1.);
#6672 = DIRECTION('',(0.,-1.));
#6673 = ( GEOMETRIC_REPRESENTATION_CONTEXT(2) 
PARAMETRIC_REPRESENTATION_CONTEXT() REPRESENTATION_CONTEXT('2D SPACE',''
  ) );
#6674 = PCURVE('',#4922,#6675);
#6675 = DEFINITIONAL_REPRESENTATION('',(#6676),#6680);
#6676 = LINE('',#6677,#6678);
#6677 = CARTESIAN_POINT('',(1.,0.));
#6678 = VECTOR('',#6679,1.);
#6679 = DIRECTION('',(0.,-1.));
#6680 = ( GEOMETRIC_REPRESENTATION_CONTEXT(2) 
PARAMETRIC_REPRESENTATION_CONTEXT() REPRESENTATION_CONTEXT('2D SPACE',''
  ) );
#6681 = ORIENTED_EDGE('',*,*,#6682,.T.);
#6682 = EDGE_CURVE('',#6660,#6611,#6683,.T.);
#6683 = SURFACE_CURVE('',#6684,(#6688,#6695),.PCURVE_S1.);
#6684 = B_SPLINE_CURVE_WITH_KNOTS('',2,(#6685,#6686,#6687),
  .UNSPECIFIED.,.F.,.F.,(3,3),(0.,1.),.PIECEWISE_BEZIER_KNOTS.);
#6685 = CARTESIAN_POINT('',(48.26357421875,-77.10517578125,0.3200001));
#6686 = CARTESIAN_POINT('',(48.12138671875,-76.75986328125,0.3200001));
#6687 = CARTESIAN_POINT('',(48.12138671875,-76.35615234375,0.3200001));
#6688 = PCURVE('',#4963,#6689);
#6689 = DEFINITIONAL_REPRESENTATION('',(#6690),#6694);
#6690 = LINE('',#6691,#6692);
#6691 = CARTESIAN_POINT('',(0.,-0.35));
#6692 = VECTOR('',#6693,1.);
#6693 = DIRECTION('',(1.,0.));
#6694 = ( GEOMETRIC_REPRESENTATION_CONTEXT(2) 
PARAMETRIC_REPRESENTATION_CONTEXT() REPRESENTATION_CONTEXT('2D SPACE',''
  ) );
#6695 = PCURVE('',#6377,#6696);
#6696 = DEFINITIONAL_REPRESENTATION('',(#6697),#6701);
#6697 = B_SPLINE_CURVE_WITH_KNOTS('',2,(#6698,#6699,#6700),
  .UNSPECIFIED.,.F.,.F.,(3,3),(0.,1.),.PIECEWISE_BEZIER_KNOTS.);
#6698 = CARTESIAN_POINT('',(0.9267578125,2.6228515625));
#6699 = CARTESIAN_POINT('',(0.7845703125,2.2775390625));
#6700 = CARTESIAN_POINT('',(0.7845703125,1.873828125));
#6701 = ( GEOMETRIC_REPRESENTATION_CONTEXT(2) 
PARAMETRIC_REPRESENTATION_CONTEXT() REPRESENTATION_CONTEXT('2D SPACE',''
  ) );
#6702 = ORIENTED_EDGE('',*,*,#6610,.F.);
#6703 = ADVANCED_FACE('',(#6704),#4922,.T.);
#6704 = FACE_BOUND('',#6705,.T.);
#6705 = EDGE_LOOP('',(#6706,#6707,#6730,#6751));
#6706 = ORIENTED_EDGE('',*,*,#4896,.T.);
#6707 = ORIENTED_EDGE('',*,*,#6708,.T.);
#6708 = EDGE_CURVE('',#4858,#6709,#6711,.T.);
#6709 = VERTEX_POINT('',#6710);
#6710 = CARTESIAN_POINT('',(48.4984375,-77.47333984375,0.3200001));
#6711 = SURFACE_CURVE('',#6712,(#6716,#6723),.PCURVE_S1.);
#6712 = LINE('',#6713,#6714);
#6713 = CARTESIAN_POINT('',(48.4984375,-77.47333984375,
    -2.999989999987E-02));
#6714 = VECTOR('',#6715,1.);
#6715 = DIRECTION('',(0.,1.224646799147E-16,1.));
#6716 = PCURVE('',#4922,#6717);
#6717 = DEFINITIONAL_REPRESENTATION('',(#6718),#6722);
#6718 = LINE('',#6719,#6720);
#6719 = CARTESIAN_POINT('',(0.,0.));
#6720 = VECTOR('',#6721,1.);
#6721 = DIRECTION('',(0.,-1.));
#6722 = ( GEOMETRIC_REPRESENTATION_CONTEXT(2) 
PARAMETRIC_REPRESENTATION_CONTEXT() REPRESENTATION_CONTEXT('2D SPACE',''
  ) );
#6723 = PCURVE('',#4879,#6724);
#6724 = DEFINITIONAL_REPRESENTATION('',(#6725),#6729);
#6725 = LINE('',#6726,#6727);
#6726 = CARTESIAN_POINT('',(1.,0.));
#6727 = VECTOR('',#6728,1.);
#6728 = DIRECTION('',(0.,-1.));
#6729 = ( GEOMETRIC_REPRESENTATION_CONTEXT(2) 
PARAMETRIC_REPRESENTATION_CONTEXT() REPRESENTATION_CONTEXT('2D SPACE',''
  ) );
#6730 = ORIENTED_EDGE('',*,*,#6731,.T.);
#6731 = EDGE_CURVE('',#6709,#6660,#6732,.T.);
#6732 = SURFACE_CURVE('',#6733,(#6737,#6744),.PCURVE_S1.);
#6733 = B_SPLINE_CURVE_WITH_KNOTS('',2,(#6734,#6735,#6736),
  .UNSPECIFIED.,.F.,.F.,(3,3),(0.,1.),.PIECEWISE_BEZIER_KNOTS.);
#6734 = CARTESIAN_POINT('',(48.4984375,-77.47333984375,0.3200001));
#6735 = CARTESIAN_POINT('',(48.34736328125,-77.30576171875,0.3200001));
#6736 = CARTESIAN_POINT('',(48.26357421875,-77.10517578125,0.3200001));
#6737 = PCURVE('',#4922,#6738);
#6738 = DEFINITIONAL_REPRESENTATION('',(#6739),#6743);
#6739 = LINE('',#6740,#6741);
#6740 = CARTESIAN_POINT('',(0.,-0.35));
#6741 = VECTOR('',#6742,1.);
#6742 = DIRECTION('',(1.,0.));
#6743 = ( GEOMETRIC_REPRESENTATION_CONTEXT(2) 
PARAMETRIC_REPRESENTATION_CONTEXT() REPRESENTATION_CONTEXT('2D SPACE',''
  ) );
#6744 = PCURVE('',#6377,#6745);
#6745 = DEFINITIONAL_REPRESENTATION('',(#6746),#6750);
#6746 = B_SPLINE_CURVE_WITH_KNOTS('',2,(#6747,#6748,#6749),
  .UNSPECIFIED.,.F.,.F.,(3,3),(0.,1.),.PIECEWISE_BEZIER_KNOTS.);
#6747 = CARTESIAN_POINT('',(1.16162109375,2.991015625));
#6748 = CARTESIAN_POINT('',(1.010546875,2.8234375));
#6749 = CARTESIAN_POINT('',(0.9267578125,2.6228515625));
#6750 = ( GEOMETRIC_REPRESENTATION_CONTEXT(2) 
PARAMETRIC_REPRESENTATION_CONTEXT() REPRESENTATION_CONTEXT('2D SPACE',''
  ) );
#6751 = ORIENTED_EDGE('',*,*,#6659,.F.);
#6752 = ADVANCED_FACE('',(#6753),#4879,.T.);
#6753 = FACE_BOUND('',#6754,.T.);
#6754 = EDGE_LOOP('',(#6755,#6756,#6779,#6800));
#6755 = ORIENTED_EDGE('',*,*,#4857,.T.);
#6756 = ORIENTED_EDGE('',*,*,#6757,.T.);
#6757 = EDGE_CURVE('',#4819,#6758,#6760,.T.);
#6758 = VERTEX_POINT('',#6759);
#6759 = CARTESIAN_POINT('',(48.89580078125,-77.74375,0.3200001));
#6760 = SURFACE_CURVE('',#6761,(#6765,#6772),.PCURVE_S1.);
#6761 = LINE('',#6762,#6763);
#6762 = CARTESIAN_POINT('',(48.89580078125,-77.74375,-2.999989999987E-02
    ));
#6763 = VECTOR('',#6764,1.);
#6764 = DIRECTION('',(0.,1.224646799147E-16,1.));
#6765 = PCURVE('',#4879,#6766);
#6766 = DEFINITIONAL_REPRESENTATION('',(#6767),#6771);
#6767 = LINE('',#6768,#6769);
#6768 = CARTESIAN_POINT('',(0.,0.));
#6769 = VECTOR('',#6770,1.);
#6770 = DIRECTION('',(0.,-1.));
#6771 = ( GEOMETRIC_REPRESENTATION_CONTEXT(2) 
PARAMETRIC_REPRESENTATION_CONTEXT() REPRESENTATION_CONTEXT('2D SPACE',''
  ) );
#6772 = PCURVE('',#4840,#6773);
#6773 = DEFINITIONAL_REPRESENTATION('',(#6774),#6778);
#6774 = LINE('',#6775,#6776);
#6775 = CARTESIAN_POINT('',(1.,0.));
#6776 = VECTOR('',#6777,1.);
#6777 = DIRECTION('',(0.,-1.));
#6778 = ( GEOMETRIC_REPRESENTATION_CONTEXT(2) 
PARAMETRIC_REPRESENTATION_CONTEXT() REPRESENTATION_CONTEXT('2D SPACE',''
  ) );
#6779 = ORIENTED_EDGE('',*,*,#6780,.T.);
#6780 = EDGE_CURVE('',#6758,#6709,#6781,.T.);
#6781 = SURFACE_CURVE('',#6782,(#6786,#6793),.PCURVE_S1.);
#6782 = B_SPLINE_CURVE_WITH_KNOTS('',2,(#6783,#6784,#6785),
  .UNSPECIFIED.,.F.,.F.,(3,3),(0.,1.),.PIECEWISE_BEZIER_KNOTS.);
#6783 = CARTESIAN_POINT('',(48.89580078125,-77.74375,0.3200001));
#6784 = CARTESIAN_POINT('',(48.64951171875,-77.64091796875,0.3200001));
#6785 = CARTESIAN_POINT('',(48.4984375,-77.47333984375,0.3200001));
#6786 = PCURVE('',#4879,#6787);
#6787 = DEFINITIONAL_REPRESENTATION('',(#6788),#6792);
#6788 = LINE('',#6789,#6790);
#6789 = CARTESIAN_POINT('',(0.,-0.35));
#6790 = VECTOR('',#6791,1.);
#6791 = DIRECTION('',(1.,0.));
#6792 = ( GEOMETRIC_REPRESENTATION_CONTEXT(2) 
PARAMETRIC_REPRESENTATION_CONTEXT() REPRESENTATION_CONTEXT('2D SPACE',''
  ) );
#6793 = PCURVE('',#6377,#6794);
#6794 = DEFINITIONAL_REPRESENTATION('',(#6795),#6799);
#6795 = B_SPLINE_CURVE_WITH_KNOTS('',2,(#6796,#6797,#6798),
  .UNSPECIFIED.,.F.,.F.,(3,3),(0.,1.),.PIECEWISE_BEZIER_KNOTS.);
#6796 = CARTESIAN_POINT('',(1.558984375,3.26142578125));
#6797 = CARTESIAN_POINT('',(1.3126953125,3.15859375));
#6798 = CARTESIAN_POINT('',(1.16162109375,2.991015625));
#6799 = ( GEOMETRIC_REPRESENTATION_CONTEXT(2) 
PARAMETRIC_REPRESENTATION_CONTEXT() REPRESENTATION_CONTEXT('2D SPACE',''
  ) );
#6800 = ORIENTED_EDGE('',*,*,#6708,.F.);
#6801 = ADVANCED_FACE('',(#6802),#4840,.T.);
#6802 = FACE_BOUND('',#6803,.T.);
#6803 = EDGE_LOOP('',(#6804,#6805,#6828,#6849));
#6804 = ORIENTED_EDGE('',*,*,#4818,.T.);
#6805 = ORIENTED_EDGE('',*,*,#6806,.T.);
#6806 = EDGE_CURVE('',#4780,#6807,#6809,.T.);
#6807 = VERTEX_POINT('',#6808);
#6808 = CARTESIAN_POINT('',(49.47978515625,-77.84658203125,0.3200001));
#6809 = SURFACE_CURVE('',#6810,(#6814,#6821),.PCURVE_S1.);
#6810 = LINE('',#6811,#6812);
#6811 = CARTESIAN_POINT('',(49.47978515625,-77.84658203125,
    -2.999989999987E-02));
#6812 = VECTOR('',#6813,1.);
#6813 = DIRECTION('',(0.,1.224646799147E-16,1.));
#6814 = PCURVE('',#4840,#6815);
#6815 = DEFINITIONAL_REPRESENTATION('',(#6816),#6820);
#6816 = LINE('',#6817,#6818);
#6817 = CARTESIAN_POINT('',(0.,0.));
#6818 = VECTOR('',#6819,1.);
#6819 = DIRECTION('',(0.,-1.));
#6820 = ( GEOMETRIC_REPRESENTATION_CONTEXT(2) 
PARAMETRIC_REPRESENTATION_CONTEXT() REPRESENTATION_CONTEXT('2D SPACE',''
  ) );
#6821 = PCURVE('',#4801,#6822);
#6822 = DEFINITIONAL_REPRESENTATION('',(#6823),#6827);
#6823 = LINE('',#6824,#6825);
#6824 = CARTESIAN_POINT('',(1.,0.));
#6825 = VECTOR('',#6826,1.);
#6826 = DIRECTION('',(0.,-1.));
#6827 = ( GEOMETRIC_REPRESENTATION_CONTEXT(2) 
PARAMETRIC_REPRESENTATION_CONTEXT() REPRESENTATION_CONTEXT('2D SPACE',''
  ) );
#6828 = ORIENTED_EDGE('',*,*,#6829,.T.);
#6829 = EDGE_CURVE('',#6807,#6758,#6830,.T.);
#6830 = SURFACE_CURVE('',#6831,(#6835,#6842),.PCURVE_S1.);
#6831 = B_SPLINE_CURVE_WITH_KNOTS('',2,(#6832,#6833,#6834),
  .UNSPECIFIED.,.F.,.F.,(3,3),(0.,1.),.PIECEWISE_BEZIER_KNOTS.);
#6832 = CARTESIAN_POINT('',(49.47978515625,-77.84658203125,0.3200001));
#6833 = CARTESIAN_POINT('',(49.14208984375,-77.84658203125,0.3200001));
#6834 = CARTESIAN_POINT('',(48.89580078125,-77.74375,0.3200001));
#6835 = PCURVE('',#4840,#6836);
#6836 = DEFINITIONAL_REPRESENTATION('',(#6837),#6841);
#6837 = LINE('',#6838,#6839);
#6838 = CARTESIAN_POINT('',(0.,-0.35));
#6839 = VECTOR('',#6840,1.);
#6840 = DIRECTION('',(1.,0.));
#6841 = ( GEOMETRIC_REPRESENTATION_CONTEXT(2) 
PARAMETRIC_REPRESENTATION_CONTEXT() REPRESENTATION_CONTEXT('2D SPACE',''
  ) );
#6842 = PCURVE('',#6377,#6843);
#6843 = DEFINITIONAL_REPRESENTATION('',(#6844),#6848);
#6844 = B_SPLINE_CURVE_WITH_KNOTS('',2,(#6845,#6846,#6847),
  .UNSPECIFIED.,.F.,.F.,(3,3),(0.,1.),.PIECEWISE_BEZIER_KNOTS.);
#6845 = CARTESIAN_POINT('',(2.14296875,3.3642578125));
#6846 = CARTESIAN_POINT('',(1.8052734375,3.3642578125));
#6847 = CARTESIAN_POINT('',(1.558984375,3.26142578125));
#6848 = ( GEOMETRIC_REPRESENTATION_CONTEXT(2) 
PARAMETRIC_REPRESENTATION_CONTEXT() REPRESENTATION_CONTEXT('2D SPACE',''
  ) );
#6849 = ORIENTED_EDGE('',*,*,#6757,.F.);
#6850 = ADVANCED_FACE('',(#6851),#4801,.T.);
#6851 = FACE_BOUND('',#6852,.T.);
#6852 = EDGE_LOOP('',(#6853,#6854,#6877,#6898));
#6853 = ORIENTED_EDGE('',*,*,#4779,.T.);
#6854 = ORIENTED_EDGE('',*,*,#6855,.T.);
#6855 = EDGE_CURVE('',#4741,#6856,#6858,.T.);
#6856 = VERTEX_POINT('',#6857);
#6857 = CARTESIAN_POINT('',(49.99267578125,-77.748828125,0.3200001));
#6858 = SURFACE_CURVE('',#6859,(#6863,#6870),.PCURVE_S1.);
#6859 = LINE('',#6860,#6861);
#6860 = CARTESIAN_POINT('',(49.99267578125,-77.748828125,
    -2.999989999987E-02));
#6861 = VECTOR('',#6862,1.);
#6862 = DIRECTION('',(0.,1.224646799147E-16,1.));
#6863 = PCURVE('',#4801,#6864);
#6864 = DEFINITIONAL_REPRESENTATION('',(#6865),#6869);
#6865 = LINE('',#6866,#6867);
#6866 = CARTESIAN_POINT('',(0.,0.));
#6867 = VECTOR('',#6868,1.);
#6868 = DIRECTION('',(0.,-1.));
#6869 = ( GEOMETRIC_REPRESENTATION_CONTEXT(2) 
PARAMETRIC_REPRESENTATION_CONTEXT() REPRESENTATION_CONTEXT('2D SPACE',''
  ) );
#6870 = PCURVE('',#4762,#6871);
#6871 = DEFINITIONAL_REPRESENTATION('',(#6872),#6876);
#6872 = LINE('',#6873,#6874);
#6873 = CARTESIAN_POINT('',(1.,0.));
#6874 = VECTOR('',#6875,1.);
#6875 = DIRECTION('',(0.,-1.));
#6876 = ( GEOMETRIC_REPRESENTATION_CONTEXT(2) 
PARAMETRIC_REPRESENTATION_CONTEXT() REPRESENTATION_CONTEXT('2D SPACE',''
  ) );
#6877 = ORIENTED_EDGE('',*,*,#6878,.T.);
#6878 = EDGE_CURVE('',#6856,#6807,#6879,.T.);
#6879 = SURFACE_CURVE('',#6880,(#6884,#6891),.PCURVE_S1.);
#6880 = B_SPLINE_CURVE_WITH_KNOTS('',2,(#6881,#6882,#6883),
  .UNSPECIFIED.,.F.,.F.,(3,3),(0.,1.),.PIECEWISE_BEZIER_KNOTS.);
#6881 = CARTESIAN_POINT('',(49.99267578125,-77.748828125,0.3200001));
#6882 = CARTESIAN_POINT('',(49.76162109375,-77.84658203125,0.3200001));
#6883 = CARTESIAN_POINT('',(49.47978515625,-77.84658203125,0.3200001));
#6884 = PCURVE('',#4801,#6885);
#6885 = DEFINITIONAL_REPRESENTATION('',(#6886),#6890);
#6886 = LINE('',#6887,#6888);
#6887 = CARTESIAN_POINT('',(0.,-0.35));
#6888 = VECTOR('',#6889,1.);
#6889 = DIRECTION('',(1.,0.));
#6890 = ( GEOMETRIC_REPRESENTATION_CONTEXT(2) 
PARAMETRIC_REPRESENTATION_CONTEXT() REPRESENTATION_CONTEXT('2D SPACE',''
  ) );
#6891 = PCURVE('',#6377,#6892);
#6892 = DEFINITIONAL_REPRESENTATION('',(#6893),#6897);
#6893 = B_SPLINE_CURVE_WITH_KNOTS('',2,(#6894,#6895,#6896),
  .UNSPECIFIED.,.F.,.F.,(3,3),(0.,1.),.PIECEWISE_BEZIER_KNOTS.);
#6894 = CARTESIAN_POINT('',(2.655859375,3.26650390625));
#6895 = CARTESIAN_POINT('',(2.4248046875,3.3642578125));
#6896 = CARTESIAN_POINT('',(2.14296875,3.3642578125));
#6897 = ( GEOMETRIC_REPRESENTATION_CONTEXT(2) 
PARAMETRIC_REPRESENTATION_CONTEXT() REPRESENTATION_CONTEXT('2D SPACE',''
  ) );
#6898 = ORIENTED_EDGE('',*,*,#6806,.F.);
#6899 = ADVANCED_FACE('',(#6900),#4762,.T.);
#6900 = FACE_BOUND('',#6901,.T.);
#6901 = EDGE_LOOP('',(#6902,#6903,#6926,#6947));
#6902 = ORIENTED_EDGE('',*,*,#4740,.T.);
#6903 = ORIENTED_EDGE('',*,*,#6904,.T.);
#6904 = EDGE_CURVE('',#4699,#6905,#6907,.T.);
#6905 = VERTEX_POINT('',#6906);
#6906 = CARTESIAN_POINT('',(50.34814453125,-77.48857421875,0.3200001));
#6907 = SURFACE_CURVE('',#6908,(#6912,#6919),.PCURVE_S1.);
#6908 = LINE('',#6909,#6910);
#6909 = CARTESIAN_POINT('',(50.34814453125,-77.48857421875,
    -2.999989999987E-02));
#6910 = VECTOR('',#6911,1.);
#6911 = DIRECTION('',(0.,1.224646799147E-16,1.));
#6912 = PCURVE('',#4762,#6913);
#6913 = DEFINITIONAL_REPRESENTATION('',(#6914),#6918);
#6914 = LINE('',#6915,#6916);
#6915 = CARTESIAN_POINT('',(0.,0.));
#6916 = VECTOR('',#6917,1.);
#6917 = DIRECTION('',(0.,-1.));
#6918 = ( GEOMETRIC_REPRESENTATION_CONTEXT(2) 
PARAMETRIC_REPRESENTATION_CONTEXT() REPRESENTATION_CONTEXT('2D SPACE',''
  ) );
#6919 = PCURVE('',#4722,#6920);
#6920 = DEFINITIONAL_REPRESENTATION('',(#6921),#6925);
#6921 = LINE('',#6922,#6923);
#6922 = CARTESIAN_POINT('',(1.,0.));
#6923 = VECTOR('',#6924,1.);
#6924 = DIRECTION('',(0.,-1.));
#6925 = ( GEOMETRIC_REPRESENTATION_CONTEXT(2) 
PARAMETRIC_REPRESENTATION_CONTEXT() REPRESENTATION_CONTEXT('2D SPACE',''
  ) );
#6926 = ORIENTED_EDGE('',*,*,#6927,.T.);
#6927 = EDGE_CURVE('',#6905,#6856,#6928,.T.);
#6928 = SURFACE_CURVE('',#6929,(#6933,#6940),.PCURVE_S1.);
#6929 = B_SPLINE_CURVE_WITH_KNOTS('',2,(#6930,#6931,#6932),
  .UNSPECIFIED.,.F.,.F.,(3,3),(0.,1.),.PIECEWISE_BEZIER_KNOTS.);
#6930 = CARTESIAN_POINT('',(50.34814453125,-77.48857421875,0.3200001));
#6931 = CARTESIAN_POINT('',(50.22373046875,-77.65107421875,0.3200001));
#6932 = CARTESIAN_POINT('',(49.99267578125,-77.748828125,0.3200001));
#6933 = PCURVE('',#4762,#6934);
#6934 = DEFINITIONAL_REPRESENTATION('',(#6935),#6939);
#6935 = LINE('',#6936,#6937);
#6936 = CARTESIAN_POINT('',(0.,-0.35));
#6937 = VECTOR('',#6938,1.);
#6938 = DIRECTION('',(1.,0.));
#6939 = ( GEOMETRIC_REPRESENTATION_CONTEXT(2) 
PARAMETRIC_REPRESENTATION_CONTEXT() REPRESENTATION_CONTEXT('2D SPACE',''
  ) );
#6940 = PCURVE('',#6377,#6941);
#6941 = DEFINITIONAL_REPRESENTATION('',(#6942),#6946);
#6942 = B_SPLINE_CURVE_WITH_KNOTS('',2,(#6943,#6944,#6945),
  .UNSPECIFIED.,.F.,.F.,(3,3),(0.,1.),.PIECEWISE_BEZIER_KNOTS.);
#6943 = CARTESIAN_POINT('',(3.011328125,3.00625));
#6944 = CARTESIAN_POINT('',(2.8869140625,3.16875));
#6945 = CARTESIAN_POINT('',(2.655859375,3.26650390625));
#6946 = ( GEOMETRIC_REPRESENTATION_CONTEXT(2) 
PARAMETRIC_REPRESENTATION_CONTEXT() REPRESENTATION_CONTEXT('2D SPACE',''
  ) );
#6947 = ORIENTED_EDGE('',*,*,#6855,.F.);
#6948 = ADVANCED_FACE('',(#6949),#4722,.T.);
#6949 = FACE_BOUND('',#6950,.T.);
#6950 = EDGE_LOOP('',(#6951,#6952,#6975,#6996));
#6951 = ORIENTED_EDGE('',*,*,#4698,.T.);
#6952 = ORIENTED_EDGE('',*,*,#6953,.T.);
#6953 = EDGE_CURVE('',#4671,#6954,#6956,.T.);
#6954 = VERTEX_POINT('',#6955);
#6955 = CARTESIAN_POINT('',(50.55634765625,-77.04169921875,0.3200001));
#6956 = SURFACE_CURVE('',#6957,(#6961,#6968),.PCURVE_S1.);
#6957 = LINE('',#6958,#6959);
#6958 = CARTESIAN_POINT('',(50.55634765625,-77.04169921875,
    -2.999989999987E-02));
#6959 = VECTOR('',#6960,1.);
#6960 = DIRECTION('',(0.,1.224646799147E-16,1.));
#6961 = PCURVE('',#4722,#6962);
#6962 = DEFINITIONAL_REPRESENTATION('',(#6963),#6967);
#6963 = LINE('',#6964,#6965);
#6964 = CARTESIAN_POINT('',(0.,0.));
#6965 = VECTOR('',#6966,1.);
#6966 = DIRECTION('',(0.,-1.));
#6967 = ( GEOMETRIC_REPRESENTATION_CONTEXT(2) 
PARAMETRIC_REPRESENTATION_CONTEXT() REPRESENTATION_CONTEXT('2D SPACE',''
  ) );
#6968 = PCURVE('',#4686,#6969);
#6969 = DEFINITIONAL_REPRESENTATION('',(#6970),#6974);
#6970 = LINE('',#6971,#6972);
#6971 = CARTESIAN_POINT('',(0.46074715515,-1.492538286461E-17));
#6972 = VECTOR('',#6973,1.);
#6973 = DIRECTION('',(0.,-1.));
#6974 = ( GEOMETRIC_REPRESENTATION_CONTEXT(2) 
PARAMETRIC_REPRESENTATION_CONTEXT() REPRESENTATION_CONTEXT('2D SPACE',''
  ) );
#6975 = ORIENTED_EDGE('',*,*,#6976,.T.);
#6976 = EDGE_CURVE('',#6954,#6905,#6977,.T.);
#6977 = SURFACE_CURVE('',#6978,(#6982,#6989),.PCURVE_S1.);
#6978 = B_SPLINE_CURVE_WITH_KNOTS('',2,(#6979,#6980,#6981),
  .UNSPECIFIED.,.F.,.F.,(3,3),(0.,1.),.PIECEWISE_BEZIER_KNOTS.);
#6979 = CARTESIAN_POINT('',(50.55634765625,-77.04169921875,0.3200001));
#6980 = CARTESIAN_POINT('',(50.47255859375,-77.32607421875,0.3200001));
#6981 = CARTESIAN_POINT('',(50.34814453125,-77.48857421875,0.3200001));
#6982 = PCURVE('',#4722,#6983);
#6983 = DEFINITIONAL_REPRESENTATION('',(#6984),#6988);
#6984 = LINE('',#6985,#6986);
#6985 = CARTESIAN_POINT('',(0.,-0.35));
#6986 = VECTOR('',#6987,1.);
#6987 = DIRECTION('',(1.,0.));
#6988 = ( GEOMETRIC_REPRESENTATION_CONTEXT(2) 
PARAMETRIC_REPRESENTATION_CONTEXT() REPRESENTATION_CONTEXT('2D SPACE',''
  ) );
#6989 = PCURVE('',#6377,#6990);
#6990 = DEFINITIONAL_REPRESENTATION('',(#6991),#6995);
#6991 = B_SPLINE_CURVE_WITH_KNOTS('',2,(#6992,#6993,#6994),
  .UNSPECIFIED.,.F.,.F.,(3,3),(0.,1.),.PIECEWISE_BEZIER_KNOTS.);
#6992 = CARTESIAN_POINT('',(3.21953125,2.559375));
#6993 = CARTESIAN_POINT('',(3.1357421875,2.84375));
#6994 = CARTESIAN_POINT('',(3.011328125,3.00625));
#6995 = ( GEOMETRIC_REPRESENTATION_CONTEXT(2) 
PARAMETRIC_REPRESENTATION_CONTEXT() REPRESENTATION_CONTEXT('2D SPACE',''
  ) );
#6996 = ORIENTED_EDGE('',*,*,#6904,.F.);
#6997 = ADVANCED_FACE('',(#6998),#4686,.T.);
#6998 = FACE_BOUND('',#6999,.T.);
#6999 = EDGE_LOOP('',(#7000,#7001,#7024,#7045));
#7000 = ORIENTED_EDGE('',*,*,#4670,.F.);
#7001 = ORIENTED_EDGE('',*,*,#7002,.T.);
#7002 = EDGE_CURVE('',#4629,#7003,#7005,.T.);
#7003 = VERTEX_POINT('',#7004);
#7004 = CARTESIAN_POINT('',(51.00068359375,-77.16357421875,0.3200001));
#7005 = SURFACE_CURVE('',#7006,(#7010,#7017),.PCURVE_S1.);
#7006 = LINE('',#7007,#7008);
#7007 = CARTESIAN_POINT('',(51.00068359375,-77.16357421875,
    -2.999989999987E-02));
#7008 = VECTOR('',#7009,1.);
#7009 = DIRECTION('',(0.,1.224646799147E-16,1.));
#7010 = PCURVE('',#4686,#7011);
#7011 = DEFINITIONAL_REPRESENTATION('',(#7012),#7016);
#7012 = LINE('',#7013,#7014);
#7013 = CARTESIAN_POINT('',(0.,0.));
#7014 = VECTOR('',#7015,1.);
#7015 = DIRECTION('',(0.,-1.));
#7016 = ( GEOMETRIC_REPRESENTATION_CONTEXT(2) 
PARAMETRIC_REPRESENTATION_CONTEXT() REPRESENTATION_CONTEXT('2D SPACE',''
  ) );
#7017 = PCURVE('',#4652,#7018);
#7018 = DEFINITIONAL_REPRESENTATION('',(#7019),#7023);
#7019 = LINE('',#7020,#7021);
#7020 = CARTESIAN_POINT('',(1.,0.));
#7021 = VECTOR('',#7022,1.);
#7022 = DIRECTION('',(0.,-1.));
#7023 = ( GEOMETRIC_REPRESENTATION_CONTEXT(2) 
PARAMETRIC_REPRESENTATION_CONTEXT() REPRESENTATION_CONTEXT('2D SPACE',''
  ) );
#7024 = ORIENTED_EDGE('',*,*,#7025,.T.);
#7025 = EDGE_CURVE('',#7003,#6954,#7026,.T.);
#7026 = SURFACE_CURVE('',#7027,(#7031,#7038),.PCURVE_S1.);
#7027 = LINE('',#7028,#7029);
#7028 = CARTESIAN_POINT('',(51.00068359375,-77.16357421875,0.3200001));
#7029 = VECTOR('',#7030,1.);
#7030 = DIRECTION('',(-0.964381293586,0.264516011955,-3.239386873641E-17
    ));
#7031 = PCURVE('',#4686,#7032);
#7032 = DEFINITIONAL_REPRESENTATION('',(#7033),#7037);
#7033 = LINE('',#7034,#7035);
#7034 = CARTESIAN_POINT('',(-6.863679080665E-15,-0.35));
#7035 = VECTOR('',#7036,1.);
#7036 = DIRECTION('',(1.,0.));
#7037 = ( GEOMETRIC_REPRESENTATION_CONTEXT(2) 
PARAMETRIC_REPRESENTATION_CONTEXT() REPRESENTATION_CONTEXT('2D SPACE',''
  ) );
#7038 = PCURVE('',#6377,#7039);
#7039 = DEFINITIONAL_REPRESENTATION('',(#7040),#7044);
#7040 = LINE('',#7041,#7042);
#7041 = CARTESIAN_POINT('',(3.6638671875,2.68125));
#7042 = VECTOR('',#7043,1.);
#7043 = DIRECTION('',(-0.964381293586,-0.264516011955));
#7044 = ( GEOMETRIC_REPRESENTATION_CONTEXT(2) 
PARAMETRIC_REPRESENTATION_CONTEXT() REPRESENTATION_CONTEXT('2D SPACE',''
  ) );
#7045 = ORIENTED_EDGE('',*,*,#6953,.F.);
#7046 = ADVANCED_FACE('',(#7047),#4652,.T.);
#7047 = FACE_BOUND('',#7048,.T.);
#7048 = EDGE_LOOP('',(#7049,#7050,#7073,#7094));
#7049 = ORIENTED_EDGE('',*,*,#4628,.T.);
#7050 = ORIENTED_EDGE('',*,*,#7051,.T.);
#7051 = EDGE_CURVE('',#4590,#7052,#7054,.T.);
#7052 = VERTEX_POINT('',#7053);
#7053 = CARTESIAN_POINT('',(50.71884765625,-77.77294921875,0.3200001));
#7054 = SURFACE_CURVE('',#7055,(#7059,#7066),.PCURVE_S1.);
#7055 = LINE('',#7056,#7057);
#7056 = CARTESIAN_POINT('',(50.71884765625,-77.77294921875,
    -2.999989999987E-02));
#7057 = VECTOR('',#7058,1.);
#7058 = DIRECTION('',(0.,1.224646799147E-16,1.));
#7059 = PCURVE('',#4652,#7060);
#7060 = DEFINITIONAL_REPRESENTATION('',(#7061),#7065);
#7061 = LINE('',#7062,#7063);
#7062 = CARTESIAN_POINT('',(0.,0.));
#7063 = VECTOR('',#7064,1.);
#7064 = DIRECTION('',(0.,-1.));
#7065 = ( GEOMETRIC_REPRESENTATION_CONTEXT(2) 
PARAMETRIC_REPRESENTATION_CONTEXT() REPRESENTATION_CONTEXT('2D SPACE',''
  ) );
#7066 = PCURVE('',#4611,#7067);
#7067 = DEFINITIONAL_REPRESENTATION('',(#7068),#7072);
#7068 = LINE('',#7069,#7070);
#7069 = CARTESIAN_POINT('',(1.,0.));
#7070 = VECTOR('',#7071,1.);
#7071 = DIRECTION('',(0.,-1.));
#7072 = ( GEOMETRIC_REPRESENTATION_CONTEXT(2) 
PARAMETRIC_REPRESENTATION_CONTEXT() REPRESENTATION_CONTEXT('2D SPACE',''
  ) );
#7073 = ORIENTED_EDGE('',*,*,#7074,.T.);
#7074 = EDGE_CURVE('',#7052,#7003,#7075,.T.);
#7075 = SURFACE_CURVE('',#7076,(#7080,#7087),.PCURVE_S1.);
#7076 = B_SPLINE_CURVE_WITH_KNOTS('',2,(#7077,#7078,#7079),
  .UNSPECIFIED.,.F.,.F.,(3,3),(0.,1.),.PIECEWISE_BEZIER_KNOTS.);
#7077 = CARTESIAN_POINT('',(50.71884765625,-77.77294921875,0.3200001));
#7078 = CARTESIAN_POINT('',(50.90419921875,-77.53935546875,0.3200001));
#7079 = CARTESIAN_POINT('',(51.00068359375,-77.16357421875,0.3200001));
#7080 = PCURVE('',#4652,#7081);
#7081 = DEFINITIONAL_REPRESENTATION('',(#7082),#7086);
#7082 = LINE('',#7083,#7084);
#7083 = CARTESIAN_POINT('',(0.,-0.35));
#7084 = VECTOR('',#7085,1.);
#7085 = DIRECTION('',(1.,0.));
#7086 = ( GEOMETRIC_REPRESENTATION_CONTEXT(2) 
PARAMETRIC_REPRESENTATION_CONTEXT() REPRESENTATION_CONTEXT('2D SPACE',''
  ) );
#7087 = PCURVE('',#6377,#7088);
#7088 = DEFINITIONAL_REPRESENTATION('',(#7089),#7093);
#7089 = B_SPLINE_CURVE_WITH_KNOTS('',2,(#7090,#7091,#7092),
  .UNSPECIFIED.,.F.,.F.,(3,3),(0.,1.),.PIECEWISE_BEZIER_KNOTS.);
#7090 = CARTESIAN_POINT('',(3.38203125,3.290625));
#7091 = CARTESIAN_POINT('',(3.5673828125,3.05703125));
#7092 = CARTESIAN_POINT('',(3.6638671875,2.68125));
#7093 = ( GEOMETRIC_REPRESENTATION_CONTEXT(2) 
PARAMETRIC_REPRESENTATION_CONTEXT() REPRESENTATION_CONTEXT('2D SPACE',''
  ) );
#7094 = ORIENTED_EDGE('',*,*,#7002,.F.);
#7095 = ADVANCED_FACE('',(#7096),#4611,.T.);
#7096 = FACE_BOUND('',#7097,.T.);
#7097 = EDGE_LOOP('',(#7098,#7099,#7122,#7143));
#7098 = ORIENTED_EDGE('',*,*,#4589,.T.);
#7099 = ORIENTED_EDGE('',*,*,#7100,.T.);
#7100 = EDGE_CURVE('',#4551,#7101,#7103,.T.);
#7101 = VERTEX_POINT('',#7102);
#7102 = CARTESIAN_POINT('',(50.2072265625,-78.1373046875,0.3200001));
#7103 = SURFACE_CURVE('',#7104,(#7108,#7115),.PCURVE_S1.);
#7104 = LINE('',#7105,#7106);
#7105 = CARTESIAN_POINT('',(50.2072265625,-78.1373046875,
    -2.999989999987E-02));
#7106 = VECTOR('',#7107,1.);
#7107 = DIRECTION('',(0.,1.224646799147E-16,1.));
#7108 = PCURVE('',#4611,#7109);
#7109 = DEFINITIONAL_REPRESENTATION('',(#7110),#7114);
#7110 = LINE('',#7111,#7112);
#7111 = CARTESIAN_POINT('',(0.,0.));
#7112 = VECTOR('',#7113,1.);
#7113 = DIRECTION('',(0.,-1.));
#7114 = ( GEOMETRIC_REPRESENTATION_CONTEXT(2) 
PARAMETRIC_REPRESENTATION_CONTEXT() REPRESENTATION_CONTEXT('2D SPACE',''
  ) );
#7115 = PCURVE('',#4572,#7116);
#7116 = DEFINITIONAL_REPRESENTATION('',(#7117),#7121);
#7117 = LINE('',#7118,#7119);
#7118 = CARTESIAN_POINT('',(1.,0.));
#7119 = VECTOR('',#7120,1.);
#7120 = DIRECTION('',(0.,-1.));
#7121 = ( GEOMETRIC_REPRESENTATION_CONTEXT(2) 
PARAMETRIC_REPRESENTATION_CONTEXT() REPRESENTATION_CONTEXT('2D SPACE',''
  ) );
#7122 = ORIENTED_EDGE('',*,*,#7123,.T.);
#7123 = EDGE_CURVE('',#7101,#7052,#7124,.T.);
#7124 = SURFACE_CURVE('',#7125,(#7129,#7136),.PCURVE_S1.);
#7125 = B_SPLINE_CURVE_WITH_KNOTS('',2,(#7126,#7127,#7128),
  .UNSPECIFIED.,.F.,.F.,(3,3),(0.,1.),.PIECEWISE_BEZIER_KNOTS.);
#7126 = CARTESIAN_POINT('',(50.2072265625,-78.1373046875,0.3200001));
#7127 = CARTESIAN_POINT('',(50.53349609375,-78.00654296875,0.3200001));
#7128 = CARTESIAN_POINT('',(50.71884765625,-77.77294921875,0.3200001));
#7129 = PCURVE('',#4611,#7130);
#7130 = DEFINITIONAL_REPRESENTATION('',(#7131),#7135);
#7131 = LINE('',#7132,#7133);
#7132 = CARTESIAN_POINT('',(0.,-0.35));
#7133 = VECTOR('',#7134,1.);
#7134 = DIRECTION('',(1.,0.));
#7135 = ( GEOMETRIC_REPRESENTATION_CONTEXT(2) 
PARAMETRIC_REPRESENTATION_CONTEXT() REPRESENTATION_CONTEXT('2D SPACE',''
  ) );
#7136 = PCURVE('',#6377,#7137);
#7137 = DEFINITIONAL_REPRESENTATION('',(#7138),#7142);
#7138 = B_SPLINE_CURVE_WITH_KNOTS('',2,(#7139,#7140,#7141),
  .UNSPECIFIED.,.F.,.F.,(3,3),(0.,1.),.PIECEWISE_BEZIER_KNOTS.);
#7139 = CARTESIAN_POINT('',(2.87041015625,3.65498046875));
#7140 = CARTESIAN_POINT('',(3.1966796875,3.52421875));
#7141 = CARTESIAN_POINT('',(3.38203125,3.290625));
#7142 = ( GEOMETRIC_REPRESENTATION_CONTEXT(2) 
PARAMETRIC_REPRESENTATION_CONTEXT() REPRESENTATION_CONTEXT('2D SPACE',''
  ) );
#7143 = ORIENTED_EDGE('',*,*,#7051,.F.);
#7144 = ADVANCED_FACE('',(#7145),#4572,.T.);
#7145 = FACE_BOUND('',#7146,.T.);
#7146 = EDGE_LOOP('',(#7147,#7148,#7171,#7192));
#7147 = ORIENTED_EDGE('',*,*,#4550,.T.);
#7148 = ORIENTED_EDGE('',*,*,#7149,.T.);
#7149 = EDGE_CURVE('',#4500,#7150,#7152,.T.);
#7150 = VERTEX_POINT('',#7151);
#7151 = CARTESIAN_POINT('',(49.47724609375,-78.26806640625,0.3200001));
#7152 = SURFACE_CURVE('',#7153,(#7157,#7164),.PCURVE_S1.);
#7153 = LINE('',#7154,#7155);
#7154 = CARTESIAN_POINT('',(49.47724609375,-78.26806640625,
    -2.999989999987E-02));
#7155 = VECTOR('',#7156,1.);
#7156 = DIRECTION('',(0.,1.224646799147E-16,1.));
#7157 = PCURVE('',#4572,#7158);
#7158 = DEFINITIONAL_REPRESENTATION('',(#7159),#7163);
#7159 = LINE('',#7160,#7161);
#7160 = CARTESIAN_POINT('',(0.,0.));
#7161 = VECTOR('',#7162,1.);
#7162 = DIRECTION('',(0.,-1.));
#7163 = ( GEOMETRIC_REPRESENTATION_CONTEXT(2) 
PARAMETRIC_REPRESENTATION_CONTEXT() REPRESENTATION_CONTEXT('2D SPACE',''
  ) );
#7164 = PCURVE('',#4529,#7165);
#7165 = DEFINITIONAL_REPRESENTATION('',(#7166),#7170);
#7166 = LINE('',#7167,#7168);
#7167 = CARTESIAN_POINT('',(1.,0.));
#7168 = VECTOR('',#7169,1.);
#7169 = DIRECTION('',(0.,-1.));
#7170 = ( GEOMETRIC_REPRESENTATION_CONTEXT(2) 
PARAMETRIC_REPRESENTATION_CONTEXT() REPRESENTATION_CONTEXT('2D SPACE',''
  ) );
#7171 = ORIENTED_EDGE('',*,*,#7172,.T.);
#7172 = EDGE_CURVE('',#7150,#7101,#7173,.T.);
#7173 = SURFACE_CURVE('',#7174,(#7178,#7185),.PCURVE_S1.);
#7174 = B_SPLINE_CURVE_WITH_KNOTS('',2,(#7175,#7176,#7177),
  .UNSPECIFIED.,.F.,.F.,(3,3),(0.,1.),.PIECEWISE_BEZIER_KNOTS.);
#7175 = CARTESIAN_POINT('',(49.47724609375,-78.26806640625,0.3200001));
#7176 = CARTESIAN_POINT('',(49.88095703125,-78.26806640625,0.3200001));
#7177 = CARTESIAN_POINT('',(50.2072265625,-78.1373046875,0.3200001));
#7178 = PCURVE('',#4572,#7179);
#7179 = DEFINITIONAL_REPRESENTATION('',(#7180),#7184);
#7180 = LINE('',#7181,#7182);
#7181 = CARTESIAN_POINT('',(0.,-0.35));
#7182 = VECTOR('',#7183,1.);
#7183 = DIRECTION('',(1.,0.));
#7184 = ( GEOMETRIC_REPRESENTATION_CONTEXT(2) 
PARAMETRIC_REPRESENTATION_CONTEXT() REPRESENTATION_CONTEXT('2D SPACE',''
  ) );
#7185 = PCURVE('',#6377,#7186);
#7186 = DEFINITIONAL_REPRESENTATION('',(#7187),#7191);
#7187 = B_SPLINE_CURVE_WITH_KNOTS('',2,(#7188,#7189,#7190),
  .UNSPECIFIED.,.F.,.F.,(3,3),(0.,1.),.PIECEWISE_BEZIER_KNOTS.);
#7188 = CARTESIAN_POINT('',(2.1404296875,3.7857421875));
#7189 = CARTESIAN_POINT('',(2.544140625,3.7857421875));
#7190 = CARTESIAN_POINT('',(2.87041015625,3.65498046875));
#7191 = ( GEOMETRIC_REPRESENTATION_CONTEXT(2) 
PARAMETRIC_REPRESENTATION_CONTEXT() REPRESENTATION_CONTEXT('2D SPACE',''
  ) );
#7192 = ORIENTED_EDGE('',*,*,#7100,.F.);
#7193 = ADVANCED_FACE('',(#7194),#4529,.T.);
#7194 = FACE_BOUND('',#7195,.T.);
#7195 = EDGE_LOOP('',(#7196,#7197,#7220,#7241));
#7196 = ORIENTED_EDGE('',*,*,#4499,.T.);
#7197 = ORIENTED_EDGE('',*,*,#7198,.T.);
#7198 = EDGE_CURVE('',#4449,#7199,#7201,.T.);
#7199 = VERTEX_POINT('',#7200);
#7200 = CARTESIAN_POINT('',(48.49462890625,-78.03955078125,0.3200001));
#7201 = SURFACE_CURVE('',#7202,(#7206,#7213),.PCURVE_S1.);
#7202 = LINE('',#7203,#7204);
#7203 = CARTESIAN_POINT('',(48.49462890625,-78.03955078125,
    -2.999989999987E-02));
#7204 = VECTOR('',#7205,1.);
#7205 = DIRECTION('',(0.,1.224646799147E-16,1.));
#7206 = PCURVE('',#4529,#7207);
#7207 = DEFINITIONAL_REPRESENTATION('',(#7208),#7212);
#7208 = LINE('',#7209,#7210);
#7209 = CARTESIAN_POINT('',(0.,0.));
#7210 = VECTOR('',#7211,1.);
#7211 = DIRECTION('',(0.,-1.));
#7212 = ( GEOMETRIC_REPRESENTATION_CONTEXT(2) 
PARAMETRIC_REPRESENTATION_CONTEXT() REPRESENTATION_CONTEXT('2D SPACE',''
  ) );
#7213 = PCURVE('',#4478,#7214);
#7214 = DEFINITIONAL_REPRESENTATION('',(#7215),#7219);
#7215 = LINE('',#7216,#7217);
#7216 = CARTESIAN_POINT('',(1.,0.));
#7217 = VECTOR('',#7218,1.);
#7218 = DIRECTION('',(0.,-1.));
#7219 = ( GEOMETRIC_REPRESENTATION_CONTEXT(2) 
PARAMETRIC_REPRESENTATION_CONTEXT() REPRESENTATION_CONTEXT('2D SPACE',''
  ) );
#7220 = ORIENTED_EDGE('',*,*,#7221,.T.);
#7221 = EDGE_CURVE('',#7199,#7150,#7222,.T.);
#7222 = SURFACE_CURVE('',#7223,(#7227,#7234),.PCURVE_S1.);
#7223 = B_SPLINE_CURVE_WITH_KNOTS('',2,(#7224,#7225,#7226),
  .UNSPECIFIED.,.F.,.F.,(3,3),(0.,1.),.PIECEWISE_BEZIER_KNOTS.);
#7224 = CARTESIAN_POINT('',(48.49462890625,-78.03955078125,0.3200001));
#7225 = CARTESIAN_POINT('',(48.92119140625,-78.26806640625,0.3200001));
#7226 = CARTESIAN_POINT('',(49.47724609375,-78.26806640625,0.3200001));
#7227 = PCURVE('',#4529,#7228);
#7228 = DEFINITIONAL_REPRESENTATION('',(#7229),#7233);
#7229 = LINE('',#7230,#7231);
#7230 = CARTESIAN_POINT('',(0.,-0.35));
#7231 = VECTOR('',#7232,1.);
#7232 = DIRECTION('',(1.,0.));
#7233 = ( GEOMETRIC_REPRESENTATION_CONTEXT(2) 
PARAMETRIC_REPRESENTATION_CONTEXT() REPRESENTATION_CONTEXT('2D SPACE',''
  ) );
#7234 = PCURVE('',#6377,#7235);
#7235 = DEFINITIONAL_REPRESENTATION('',(#7236),#7240);
#7236 = B_SPLINE_CURVE_WITH_KNOTS('',2,(#7237,#7238,#7239),
  .UNSPECIFIED.,.F.,.F.,(3,3),(0.,1.),.PIECEWISE_BEZIER_KNOTS.);
#7237 = CARTESIAN_POINT('',(1.1578125,3.5572265625));
#7238 = CARTESIAN_POINT('',(1.584375,3.7857421875));
#7239 = CARTESIAN_POINT('',(2.1404296875,3.7857421875));
#7240 = ( GEOMETRIC_REPRESENTATION_CONTEXT(2) 
PARAMETRIC_REPRESENTATION_CONTEXT() REPRESENTATION_CONTEXT('2D SPACE',''
  ) );
#7241 = ORIENTED_EDGE('',*,*,#7149,.F.);
#7242 = ADVANCED_FACE('',(#7243),#4478,.T.);
#7243 = FACE_BOUND('',#7244,.T.);
#7244 = EDGE_LOOP('',(#7245,#7246,#7269,#7290));
#7245 = ORIENTED_EDGE('',*,*,#4448,.T.);
#7246 = ORIENTED_EDGE('',*,*,#7247,.T.);
#7247 = EDGE_CURVE('',#4398,#7248,#7250,.T.);
#7248 = VERTEX_POINT('',#7249);
#7249 = CARTESIAN_POINT('',(47.8408203125,-77.3400390625,0.3200001));
#7250 = SURFACE_CURVE('',#7251,(#7255,#7262),.PCURVE_S1.);
#7251 = LINE('',#7252,#7253);
#7252 = CARTESIAN_POINT('',(47.8408203125,-77.3400390625,
    -2.999989999987E-02));
#7253 = VECTOR('',#7254,1.);
#7254 = DIRECTION('',(0.,1.224646799147E-16,1.));
#7255 = PCURVE('',#4478,#7256);
#7256 = DEFINITIONAL_REPRESENTATION('',(#7257),#7261);
#7257 = LINE('',#7258,#7259);
#7258 = CARTESIAN_POINT('',(0.,0.));
#7259 = VECTOR('',#7260,1.);
#7260 = DIRECTION('',(0.,-1.));
#7261 = ( GEOMETRIC_REPRESENTATION_CONTEXT(2) 
PARAMETRIC_REPRESENTATION_CONTEXT() REPRESENTATION_CONTEXT('2D SPACE',''
  ) );
#7262 = PCURVE('',#4427,#7263);
#7263 = DEFINITIONAL_REPRESENTATION('',(#7264),#7268);
#7264 = LINE('',#7265,#7266);
#7265 = CARTESIAN_POINT('',(1.,0.));
#7266 = VECTOR('',#7267,1.);
#7267 = DIRECTION('',(0.,-1.));
#7268 = ( GEOMETRIC_REPRESENTATION_CONTEXT(2) 
PARAMETRIC_REPRESENTATION_CONTEXT() REPRESENTATION_CONTEXT('2D SPACE',''
  ) );
#7269 = ORIENTED_EDGE('',*,*,#7270,.T.);
#7270 = EDGE_CURVE('',#7248,#7199,#7271,.T.);
#7271 = SURFACE_CURVE('',#7272,(#7276,#7283),.PCURVE_S1.);
#7272 = B_SPLINE_CURVE_WITH_KNOTS('',2,(#7273,#7274,#7275),
  .UNSPECIFIED.,.F.,.F.,(3,3),(0.,1.),.PIECEWISE_BEZIER_KNOTS.);
#7273 = CARTESIAN_POINT('',(47.8408203125,-77.3400390625,0.3200001));
#7274 = CARTESIAN_POINT('',(48.06806640625,-77.81103515625,0.3200001));
#7275 = CARTESIAN_POINT('',(48.49462890625,-78.03955078125,0.3200001));
#7276 = PCURVE('',#4478,#7277);
#7277 = DEFINITIONAL_REPRESENTATION('',(#7278),#7282);
#7278 = LINE('',#7279,#7280);
#7279 = CARTESIAN_POINT('',(0.,-0.35));
#7280 = VECTOR('',#7281,1.);
#7281 = DIRECTION('',(1.,0.));
#7282 = ( GEOMETRIC_REPRESENTATION_CONTEXT(2) 
PARAMETRIC_REPRESENTATION_CONTEXT() REPRESENTATION_CONTEXT('2D SPACE',''
  ) );
#7283 = PCURVE('',#6377,#7284);
#7284 = DEFINITIONAL_REPRESENTATION('',(#7285),#7289);
#7285 = B_SPLINE_CURVE_WITH_KNOTS('',2,(#7286,#7287,#7288),
  .UNSPECIFIED.,.F.,.F.,(3,3),(0.,1.),.PIECEWISE_BEZIER_KNOTS.);
#7286 = CARTESIAN_POINT('',(0.50400390625,2.85771484375));
#7287 = CARTESIAN_POINT('',(0.73125,3.3287109375));
#7288 = CARTESIAN_POINT('',(1.1578125,3.5572265625));
#7289 = ( GEOMETRIC_REPRESENTATION_CONTEXT(2) 
PARAMETRIC_REPRESENTATION_CONTEXT() REPRESENTATION_CONTEXT('2D SPACE',''
  ) );
#7290 = ORIENTED_EDGE('',*,*,#7198,.F.);
#7291 = ADVANCED_FACE('',(#7292),#4427,.T.);
#7292 = FACE_BOUND('',#7293,.T.);
#7293 = EDGE_LOOP('',(#7294,#7295,#7318,#7339));
#7294 = ORIENTED_EDGE('',*,*,#4397,.T.);
#7295 = ORIENTED_EDGE('',*,*,#7296,.T.);
#7296 = EDGE_CURVE('',#4335,#7297,#7299,.T.);
#7297 = VERTEX_POINT('',#7298);
#7298 = CARTESIAN_POINT('',(47.61357421875,-76.32568359375,0.3200001));
#7299 = SURFACE_CURVE('',#7300,(#7304,#7311),.PCURVE_S1.);
#7300 = LINE('',#7301,#7302);
#7301 = CARTESIAN_POINT('',(47.61357421875,-76.32568359375,
    -2.999989999987E-02));
#7302 = VECTOR('',#7303,1.);
#7303 = DIRECTION('',(0.,1.224646799147E-16,1.));
#7304 = PCURVE('',#4427,#7305);
#7305 = DEFINITIONAL_REPRESENTATION('',(#7306),#7310);
#7306 = LINE('',#7307,#7308);
#7307 = CARTESIAN_POINT('',(0.,0.));
#7308 = VECTOR('',#7309,1.);
#7309 = DIRECTION('',(0.,-1.));
#7310 = ( GEOMETRIC_REPRESENTATION_CONTEXT(2) 
PARAMETRIC_REPRESENTATION_CONTEXT() REPRESENTATION_CONTEXT('2D SPACE',''
  ) );
#7311 = PCURVE('',#4372,#7312);
#7312 = DEFINITIONAL_REPRESENTATION('',(#7313),#7317);
#7313 = LINE('',#7314,#7315);
#7314 = CARTESIAN_POINT('',(1.,0.));
#7315 = VECTOR('',#7316,1.);
#7316 = DIRECTION('',(0.,-1.));
#7317 = ( GEOMETRIC_REPRESENTATION_CONTEXT(2) 
PARAMETRIC_REPRESENTATION_CONTEXT() REPRESENTATION_CONTEXT('2D SPACE',''
  ) );
#7318 = ORIENTED_EDGE('',*,*,#7319,.T.);
#7319 = EDGE_CURVE('',#7297,#7248,#7320,.T.);
#7320 = SURFACE_CURVE('',#7321,(#7325,#7332),.PCURVE_S1.);
#7321 = B_SPLINE_CURVE_WITH_KNOTS('',2,(#7322,#7323,#7324),
  .UNSPECIFIED.,.F.,.F.,(3,3),(0.,1.),.PIECEWISE_BEZIER_KNOTS.);
#7322 = CARTESIAN_POINT('',(47.61357421875,-76.32568359375,0.3200001));
#7323 = CARTESIAN_POINT('',(47.61357421875,-76.86904296875,0.3200001));
#7324 = CARTESIAN_POINT('',(47.8408203125,-77.3400390625,0.3200001));
#7325 = PCURVE('',#4427,#7326);
#7326 = DEFINITIONAL_REPRESENTATION('',(#7327),#7331);
#7327 = LINE('',#7328,#7329);
#7328 = CARTESIAN_POINT('',(0.,-0.35));
#7329 = VECTOR('',#7330,1.);
#7330 = DIRECTION('',(1.,0.));
#7331 = ( GEOMETRIC_REPRESENTATION_CONTEXT(2) 
PARAMETRIC_REPRESENTATION_CONTEXT() REPRESENTATION_CONTEXT('2D SPACE',''
  ) );
#7332 = PCURVE('',#6377,#7333);
#7333 = DEFINITIONAL_REPRESENTATION('',(#7334),#7338);
#7334 = B_SPLINE_CURVE_WITH_KNOTS('',2,(#7335,#7336,#7337),
  .UNSPECIFIED.,.F.,.F.,(3,3),(0.,1.),.PIECEWISE_BEZIER_KNOTS.);
#7335 = CARTESIAN_POINT('',(0.2767578125,1.843359375));
#7336 = CARTESIAN_POINT('',(0.2767578125,2.38671875));
#7337 = CARTESIAN_POINT('',(0.50400390625,2.85771484375));
#7338 = ( GEOMETRIC_REPRESENTATION_CONTEXT(2) 
PARAMETRIC_REPRESENTATION_CONTEXT() REPRESENTATION_CONTEXT('2D SPACE',''
  ) );
#7339 = ORIENTED_EDGE('',*,*,#7247,.F.);
#7340 = ADVANCED_FACE('',(#7341),#4372,.T.);
#7341 = FACE_BOUND('',#7342,.T.);
#7342 = EDGE_LOOP('',(#7343,#7344,#7367,#7388));
#7343 = ORIENTED_EDGE('',*,*,#4334,.T.);
#7344 = ORIENTED_EDGE('',*,*,#7345,.T.);
#7345 = EDGE_CURVE('',#4284,#7346,#7348,.T.);
#7346 = VERTEX_POINT('',#7347);
#7347 = CARTESIAN_POINT('',(47.84208984375,-75.33291015625,0.3200001));
#7348 = SURFACE_CURVE('',#7349,(#7353,#7360),.PCURVE_S1.);
#7349 = LINE('',#7350,#7351);
#7350 = CARTESIAN_POINT('',(47.84208984375,-75.33291015625,
    -2.999989999987E-02));
#7351 = VECTOR('',#7352,1.);
#7352 = DIRECTION('',(0.,1.224646799147E-16,1.));
#7353 = PCURVE('',#4372,#7354);
#7354 = DEFINITIONAL_REPRESENTATION('',(#7355),#7359);
#7355 = LINE('',#7356,#7357);
#7356 = CARTESIAN_POINT('',(0.,0.));
#7357 = VECTOR('',#7358,1.);
#7358 = DIRECTION('',(0.,-1.));
#7359 = ( GEOMETRIC_REPRESENTATION_CONTEXT(2) 
PARAMETRIC_REPRESENTATION_CONTEXT() REPRESENTATION_CONTEXT('2D SPACE',''
  ) );
#7360 = PCURVE('',#4313,#7361);
#7361 = DEFINITIONAL_REPRESENTATION('',(#7362),#7366);
#7362 = LINE('',#7363,#7364);
#7363 = CARTESIAN_POINT('',(1.,0.));
#7364 = VECTOR('',#7365,1.);
#7365 = DIRECTION('',(0.,-1.));
#7366 = ( GEOMETRIC_REPRESENTATION_CONTEXT(2) 
PARAMETRIC_REPRESENTATION_CONTEXT() REPRESENTATION_CONTEXT('2D SPACE',''
  ) );
#7367 = ORIENTED_EDGE('',*,*,#7368,.T.);
#7368 = EDGE_CURVE('',#7346,#7297,#7369,.T.);
#7369 = SURFACE_CURVE('',#7370,(#7374,#7381),.PCURVE_S1.);
#7370 = B_SPLINE_CURVE_WITH_KNOTS('',2,(#7371,#7372,#7373),
  .UNSPECIFIED.,.F.,.F.,(3,3),(0.,1.),.PIECEWISE_BEZIER_KNOTS.);
#7371 = CARTESIAN_POINT('',(47.84208984375,-75.33291015625,0.3200001));
#7372 = CARTESIAN_POINT('',(47.61357421875,-75.77724609375,0.3200001));
#7373 = CARTESIAN_POINT('',(47.61357421875,-76.32568359375,0.3200001));
#7374 = PCURVE('',#4372,#7375);
#7375 = DEFINITIONAL_REPRESENTATION('',(#7376),#7380);
#7376 = LINE('',#7377,#7378);
#7377 = CARTESIAN_POINT('',(0.,-0.35));
#7378 = VECTOR('',#7379,1.);
#7379 = DIRECTION('',(1.,0.));
#7380 = ( GEOMETRIC_REPRESENTATION_CONTEXT(2) 
PARAMETRIC_REPRESENTATION_CONTEXT() REPRESENTATION_CONTEXT('2D SPACE',''
  ) );
#7381 = PCURVE('',#6377,#7382);
#7382 = DEFINITIONAL_REPRESENTATION('',(#7383),#7387);
#7383 = B_SPLINE_CURVE_WITH_KNOTS('',2,(#7384,#7385,#7386),
  .UNSPECIFIED.,.F.,.F.,(3,3),(0.,1.),.PIECEWISE_BEZIER_KNOTS.);
#7384 = CARTESIAN_POINT('',(0.5052734375,0.8505859375));
#7385 = CARTESIAN_POINT('',(0.2767578125,1.294921875));
#7386 = CARTESIAN_POINT('',(0.2767578125,1.843359375));
#7387 = ( GEOMETRIC_REPRESENTATION_CONTEXT(2) 
PARAMETRIC_REPRESENTATION_CONTEXT() REPRESENTATION_CONTEXT('2D SPACE',''
  ) );
#7388 = ORIENTED_EDGE('',*,*,#7296,.F.);
#7389 = ADVANCED_FACE('',(#7390),#4313,.T.);
#7390 = FACE_BOUND('',#7391,.T.);
#7391 = EDGE_LOOP('',(#7392,#7393,#7416,#7437));
#7392 = ORIENTED_EDGE('',*,*,#4283,.T.);
#7393 = ORIENTED_EDGE('',*,*,#7394,.T.);
#7394 = EDGE_CURVE('',#4233,#7395,#7397,.T.);
#7395 = VERTEX_POINT('',#7396);
#7396 = CARTESIAN_POINT('',(48.51875,-74.6537109375,0.3200001));
#7397 = SURFACE_CURVE('',#7398,(#7402,#7409),.PCURVE_S1.);
#7398 = LINE('',#7399,#7400);
#7399 = CARTESIAN_POINT('',(48.51875,-74.6537109375,-2.999989999987E-02)
  );
#7400 = VECTOR('',#7401,1.);
#7401 = DIRECTION('',(0.,1.224646799147E-16,1.));
#7402 = PCURVE('',#4313,#7403);
#7403 = DEFINITIONAL_REPRESENTATION('',(#7404),#7408);
#7404 = LINE('',#7405,#7406);
#7405 = CARTESIAN_POINT('',(0.,0.));
#7406 = VECTOR('',#7407,1.);
#7407 = DIRECTION('',(0.,-1.));
#7408 = ( GEOMETRIC_REPRESENTATION_CONTEXT(2) 
PARAMETRIC_REPRESENTATION_CONTEXT() REPRESENTATION_CONTEXT('2D SPACE',''
  ) );
#7409 = PCURVE('',#4262,#7410);
#7410 = DEFINITIONAL_REPRESENTATION('',(#7411),#7415);
#7411 = LINE('',#7412,#7413);
#7412 = CARTESIAN_POINT('',(1.,0.));
#7413 = VECTOR('',#7414,1.);
#7414 = DIRECTION('',(0.,-1.));
#7415 = ( GEOMETRIC_REPRESENTATION_CONTEXT(2) 
PARAMETRIC_REPRESENTATION_CONTEXT() REPRESENTATION_CONTEXT('2D SPACE',''
  ) );
#7416 = ORIENTED_EDGE('',*,*,#7417,.T.);
#7417 = EDGE_CURVE('',#7395,#7346,#7418,.T.);
#7418 = SURFACE_CURVE('',#7419,(#7423,#7430),.PCURVE_S1.);
#7419 = B_SPLINE_CURVE_WITH_KNOTS('',2,(#7420,#7421,#7422),
  .UNSPECIFIED.,.F.,.F.,(3,3),(0.,1.),.PIECEWISE_BEZIER_KNOTS.);
#7420 = CARTESIAN_POINT('',(48.51875,-74.6537109375,0.3200001));
#7421 = CARTESIAN_POINT('',(48.07060546875,-74.88857421875,0.3200001));
#7422 = CARTESIAN_POINT('',(47.84208984375,-75.33291015625,0.3200001));
#7423 = PCURVE('',#4313,#7424);
#7424 = DEFINITIONAL_REPRESENTATION('',(#7425),#7429);
#7425 = LINE('',#7426,#7427);
#7426 = CARTESIAN_POINT('',(0.,-0.35));
#7427 = VECTOR('',#7428,1.);
#7428 = DIRECTION('',(1.,0.));
#7429 = ( GEOMETRIC_REPRESENTATION_CONTEXT(2) 
PARAMETRIC_REPRESENTATION_CONTEXT() REPRESENTATION_CONTEXT('2D SPACE',''
  ) );
#7430 = PCURVE('',#6377,#7431);
#7431 = DEFINITIONAL_REPRESENTATION('',(#7432),#7436);
#7432 = B_SPLINE_CURVE_WITH_KNOTS('',2,(#7433,#7434,#7435),
  .UNSPECIFIED.,.F.,.F.,(3,3),(0.,1.),.PIECEWISE_BEZIER_KNOTS.);
#7433 = CARTESIAN_POINT('',(1.18193359375,0.17138671875));
#7434 = CARTESIAN_POINT('',(0.7337890625,0.40625));
#7435 = CARTESIAN_POINT('',(0.5052734375,0.8505859375));
#7436 = ( GEOMETRIC_REPRESENTATION_CONTEXT(2) 
PARAMETRIC_REPRESENTATION_CONTEXT() REPRESENTATION_CONTEXT('2D SPACE',''
  ) );
#7437 = ORIENTED_EDGE('',*,*,#7345,.F.);
#7438 = ADVANCED_FACE('',(#7439),#4262,.T.);
#7439 = FACE_BOUND('',#7440,.T.);
#7440 = EDGE_LOOP('',(#7441,#7442,#7465,#7486));
#7441 = ORIENTED_EDGE('',*,*,#4232,.T.);
#7442 = ORIENTED_EDGE('',*,*,#7443,.T.);
#7443 = EDGE_CURVE('',#4182,#7444,#7446,.T.);
#7444 = VERTEX_POINT('',#7445);
#7445 = CARTESIAN_POINT('',(49.51533203125,-74.41884765625,0.3200001));
#7446 = SURFACE_CURVE('',#7447,(#7451,#7458),.PCURVE_S1.);
#7447 = LINE('',#7448,#7449);
#7448 = CARTESIAN_POINT('',(49.51533203125,-74.41884765625,
    -2.999989999987E-02));
#7449 = VECTOR('',#7450,1.);
#7450 = DIRECTION('',(0.,1.224646799147E-16,1.));
#7451 = PCURVE('',#4262,#7452);
#7452 = DEFINITIONAL_REPRESENTATION('',(#7453),#7457);
#7453 = LINE('',#7454,#7455);
#7454 = CARTESIAN_POINT('',(0.,0.));
#7455 = VECTOR('',#7456,1.);
#7456 = DIRECTION('',(0.,-1.));
#7457 = ( GEOMETRIC_REPRESENTATION_CONTEXT(2) 
PARAMETRIC_REPRESENTATION_CONTEXT() REPRESENTATION_CONTEXT('2D SPACE',''
  ) );
#7458 = PCURVE('',#4211,#7459);
#7459 = DEFINITIONAL_REPRESENTATION('',(#7460),#7464);
#7460 = LINE('',#7461,#7462);
#7461 = CARTESIAN_POINT('',(1.,0.));
#7462 = VECTOR('',#7463,1.);
#7463 = DIRECTION('',(0.,-1.));
#7464 = ( GEOMETRIC_REPRESENTATION_CONTEXT(2) 
PARAMETRIC_REPRESENTATION_CONTEXT() REPRESENTATION_CONTEXT('2D SPACE',''
  ) );
#7465 = ORIENTED_EDGE('',*,*,#7466,.T.);
#7466 = EDGE_CURVE('',#7444,#7395,#7467,.T.);
#7467 = SURFACE_CURVE('',#7468,(#7472,#7479),.PCURVE_S1.);
#7468 = B_SPLINE_CURVE_WITH_KNOTS('',2,(#7469,#7470,#7471),
  .UNSPECIFIED.,.F.,.F.,(3,3),(0.,1.),.PIECEWISE_BEZIER_KNOTS.);
#7469 = CARTESIAN_POINT('',(49.51533203125,-74.41884765625,0.3200001));
#7470 = CARTESIAN_POINT('',(48.96689453125,-74.41884765625,0.3200001));
#7471 = CARTESIAN_POINT('',(48.51875,-74.6537109375,0.3200001));
#7472 = PCURVE('',#4262,#7473);
#7473 = DEFINITIONAL_REPRESENTATION('',(#7474),#7478);
#7474 = LINE('',#7475,#7476);
#7475 = CARTESIAN_POINT('',(0.,-0.35));
#7476 = VECTOR('',#7477,1.);
#7477 = DIRECTION('',(1.,0.));
#7478 = ( GEOMETRIC_REPRESENTATION_CONTEXT(2) 
PARAMETRIC_REPRESENTATION_CONTEXT() REPRESENTATION_CONTEXT('2D SPACE',''
  ) );
#7479 = PCURVE('',#6377,#7480);
#7480 = DEFINITIONAL_REPRESENTATION('',(#7481),#7485);
#7481 = B_SPLINE_CURVE_WITH_KNOTS('',2,(#7482,#7483,#7484),
  .UNSPECIFIED.,.F.,.F.,(3,3),(0.,1.),.PIECEWISE_BEZIER_KNOTS.);
#7482 = CARTESIAN_POINT('',(2.178515625,-6.34765625E-02));
#7483 = CARTESIAN_POINT('',(1.630078125,-6.34765625E-02));
#7484 = CARTESIAN_POINT('',(1.18193359375,0.17138671875));
#7485 = ( GEOMETRIC_REPRESENTATION_CONTEXT(2) 
PARAMETRIC_REPRESENTATION_CONTEXT() REPRESENTATION_CONTEXT('2D SPACE',''
  ) );
#7486 = ORIENTED_EDGE('',*,*,#7394,.F.);
#7487 = ADVANCED_FACE('',(#7488),#4211,.T.);
#7488 = FACE_BOUND('',#7489,.T.);
#7489 = EDGE_LOOP('',(#7490,#7491,#7514,#7535));
#7490 = ORIENTED_EDGE('',*,*,#4181,.T.);
#7491 = ORIENTED_EDGE('',*,*,#7492,.T.);
#7492 = EDGE_CURVE('',#4143,#7493,#7495,.T.);
#7493 = VERTEX_POINT('',#7494);
#7494 = CARTESIAN_POINT('',(50.30751953125,-74.56484375,0.3200001));
#7495 = SURFACE_CURVE('',#7496,(#7500,#7507),.PCURVE_S1.);
#7496 = LINE('',#7497,#7498);
#7497 = CARTESIAN_POINT('',(50.30751953125,-74.56484375,
    -2.999989999987E-02));
#7498 = VECTOR('',#7499,1.);
#7499 = DIRECTION('',(0.,1.224646799147E-16,1.));
#7500 = PCURVE('',#4211,#7501);
#7501 = DEFINITIONAL_REPRESENTATION('',(#7502),#7506);
#7502 = LINE('',#7503,#7504);
#7503 = CARTESIAN_POINT('',(0.,0.));
#7504 = VECTOR('',#7505,1.);
#7505 = DIRECTION('',(0.,-1.));
#7506 = ( GEOMETRIC_REPRESENTATION_CONTEXT(2) 
PARAMETRIC_REPRESENTATION_CONTEXT() REPRESENTATION_CONTEXT('2D SPACE',''
  ) );
#7507 = PCURVE('',#4164,#7508);
#7508 = DEFINITIONAL_REPRESENTATION('',(#7509),#7513);
#7509 = LINE('',#7510,#7511);
#7510 = CARTESIAN_POINT('',(1.,0.));
#7511 = VECTOR('',#7512,1.);
#7512 = DIRECTION('',(0.,-1.));
#7513 = ( GEOMETRIC_REPRESENTATION_CONTEXT(2) 
PARAMETRIC_REPRESENTATION_CONTEXT() REPRESENTATION_CONTEXT('2D SPACE',''
  ) );
#7514 = ORIENTED_EDGE('',*,*,#7515,.T.);
#7515 = EDGE_CURVE('',#7493,#7444,#7516,.T.);
#7516 = SURFACE_CURVE('',#7517,(#7521,#7528),.PCURVE_S1.);
#7517 = B_SPLINE_CURVE_WITH_KNOTS('',2,(#7518,#7519,#7520),
  .UNSPECIFIED.,.F.,.F.,(3,3),(0.,1.),.PIECEWISE_BEZIER_KNOTS.);
#7518 = CARTESIAN_POINT('',(50.30751953125,-74.56484375,0.3200001));
#7519 = CARTESIAN_POINT('',(49.92158203125,-74.41884765625,0.3200001));
#7520 = CARTESIAN_POINT('',(49.51533203125,-74.41884765625,0.3200001));
#7521 = PCURVE('',#4211,#7522);
#7522 = DEFINITIONAL_REPRESENTATION('',(#7523),#7527);
#7523 = LINE('',#7524,#7525);
#7524 = CARTESIAN_POINT('',(0.,-0.35));
#7525 = VECTOR('',#7526,1.);
#7526 = DIRECTION('',(1.,0.));
#7527 = ( GEOMETRIC_REPRESENTATION_CONTEXT(2) 
PARAMETRIC_REPRESENTATION_CONTEXT() REPRESENTATION_CONTEXT('2D SPACE',''
  ) );
#7528 = PCURVE('',#6377,#7529);
#7529 = DEFINITIONAL_REPRESENTATION('',(#7530),#7534);
#7530 = B_SPLINE_CURVE_WITH_KNOTS('',2,(#7531,#7532,#7533),
  .UNSPECIFIED.,.F.,.F.,(3,3),(0.,1.),.PIECEWISE_BEZIER_KNOTS.);
#7531 = CARTESIAN_POINT('',(2.970703125,8.251953125E-02));
#7532 = CARTESIAN_POINT('',(2.584765625,-6.34765625E-02));
#7533 = CARTESIAN_POINT('',(2.178515625,-6.34765625E-02));
#7534 = ( GEOMETRIC_REPRESENTATION_CONTEXT(2) 
PARAMETRIC_REPRESENTATION_CONTEXT() REPRESENTATION_CONTEXT('2D SPACE',''
  ) );
#7535 = ORIENTED_EDGE('',*,*,#7443,.F.);
#7536 = ADVANCED_FACE('',(#7537),#4164,.T.);
#7537 = FACE_BOUND('',#7538,.T.);
#7538 = EDGE_LOOP('',(#7539,#7540,#7563,#7584));
#7539 = ORIENTED_EDGE('',*,*,#4142,.T.);
#7540 = ORIENTED_EDGE('',*,*,#7541,.T.);
#7541 = EDGE_CURVE('',#4115,#7542,#7544,.T.);
#7542 = VERTEX_POINT('',#7543);
#7543 = CARTESIAN_POINT('',(51.05654296875,-75.00029296875,0.3200001));
#7544 = SURFACE_CURVE('',#7545,(#7549,#7556),.PCURVE_S1.);
#7545 = LINE('',#7546,#7547);
#7546 = CARTESIAN_POINT('',(51.05654296875,-75.00029296875,
    -2.999989999987E-02));
#7547 = VECTOR('',#7548,1.);
#7548 = DIRECTION('',(0.,1.224646799147E-16,1.));
#7549 = PCURVE('',#4164,#7550);
#7550 = DEFINITIONAL_REPRESENTATION('',(#7551),#7555);
#7551 = LINE('',#7552,#7553);
#7552 = CARTESIAN_POINT('',(0.,0.));
#7553 = VECTOR('',#7554,1.);
#7554 = DIRECTION('',(0.,-1.));
#7555 = ( GEOMETRIC_REPRESENTATION_CONTEXT(2) 
PARAMETRIC_REPRESENTATION_CONTEXT() REPRESENTATION_CONTEXT('2D SPACE',''
  ) );
#7556 = PCURVE('',#4130,#7557);
#7557 = DEFINITIONAL_REPRESENTATION('',(#7558),#7562);
#7558 = LINE('',#7559,#7560);
#7559 = CARTESIAN_POINT('',(1.38125,-1.691543391322E-16));
#7560 = VECTOR('',#7561,1.);
#7561 = DIRECTION('',(0.,-1.));
#7562 = ( GEOMETRIC_REPRESENTATION_CONTEXT(2) 
PARAMETRIC_REPRESENTATION_CONTEXT() REPRESENTATION_CONTEXT('2D SPACE',''
  ) );
#7563 = ORIENTED_EDGE('',*,*,#7564,.T.);
#7564 = EDGE_CURVE('',#7542,#7493,#7565,.T.);
#7565 = SURFACE_CURVE('',#7566,(#7570,#7577),.PCURVE_S1.);
#7566 = B_SPLINE_CURVE_WITH_KNOTS('',2,(#7567,#7568,#7569),
  .UNSPECIFIED.,.F.,.F.,(3,3),(0.,1.),.PIECEWISE_BEZIER_KNOTS.);
#7567 = CARTESIAN_POINT('',(51.05654296875,-75.00029296875,0.3200001));
#7568 = CARTESIAN_POINT('',(50.69345703125,-74.71083984375,0.3200001));
#7569 = CARTESIAN_POINT('',(50.30751953125,-74.56484375,0.3200001));
#7570 = PCURVE('',#4164,#7571);
#7571 = DEFINITIONAL_REPRESENTATION('',(#7572),#7576);
#7572 = LINE('',#7573,#7574);
#7573 = CARTESIAN_POINT('',(0.,-0.35));
#7574 = VECTOR('',#7575,1.);
#7575 = DIRECTION('',(1.,0.));
#7576 = ( GEOMETRIC_REPRESENTATION_CONTEXT(2) 
PARAMETRIC_REPRESENTATION_CONTEXT() REPRESENTATION_CONTEXT('2D SPACE',''
  ) );
#7577 = PCURVE('',#6377,#7578);
#7578 = DEFINITIONAL_REPRESENTATION('',(#7579),#7583);
#7579 = B_SPLINE_CURVE_WITH_KNOTS('',2,(#7580,#7581,#7582),
  .UNSPECIFIED.,.F.,.F.,(3,3),(0.,1.),.PIECEWISE_BEZIER_KNOTS.);
#7580 = CARTESIAN_POINT('',(3.7197265625,0.51796875));
#7581 = CARTESIAN_POINT('',(3.356640625,0.228515625));
#7582 = CARTESIAN_POINT('',(2.970703125,8.251953125E-02));
#7583 = ( GEOMETRIC_REPRESENTATION_CONTEXT(2) 
PARAMETRIC_REPRESENTATION_CONTEXT() REPRESENTATION_CONTEXT('2D SPACE',''
  ) );
#7584 = ORIENTED_EDGE('',*,*,#7492,.F.);
#7585 = ADVANCED_FACE('',(#7586),#4130,.T.);
#7586 = FACE_BOUND('',#7587,.T.);
#7587 = EDGE_LOOP('',(#7588,#7589,#7612,#7633));
#7588 = ORIENTED_EDGE('',*,*,#4114,.F.);
#7589 = ORIENTED_EDGE('',*,*,#7590,.T.);
#7590 = EDGE_CURVE('',#4087,#7591,#7593,.T.);
#7591 = VERTEX_POINT('',#7592);
#7592 = CARTESIAN_POINT('',(51.05654296875,-76.38154296875,0.3200001));
#7593 = SURFACE_CURVE('',#7594,(#7598,#7605),.PCURVE_S1.);
#7594 = LINE('',#7595,#7596);
#7595 = CARTESIAN_POINT('',(51.05654296875,-76.38154296875,
    -2.999989999987E-02));
#7596 = VECTOR('',#7597,1.);
#7597 = DIRECTION('',(0.,1.224646799147E-16,1.));
#7598 = PCURVE('',#4130,#7599);
#7599 = DEFINITIONAL_REPRESENTATION('',(#7600),#7604);
#7600 = LINE('',#7601,#7602);
#7601 = CARTESIAN_POINT('',(0.,0.));
#7602 = VECTOR('',#7603,1.);
#7603 = DIRECTION('',(0.,-1.));
#7604 = ( GEOMETRIC_REPRESENTATION_CONTEXT(2) 
PARAMETRIC_REPRESENTATION_CONTEXT() REPRESENTATION_CONTEXT('2D SPACE',''
  ) );
#7605 = PCURVE('',#4102,#7606);
#7606 = DEFINITIONAL_REPRESENTATION('',(#7607),#7611);
#7607 = LINE('',#7608,#7609);
#7608 = CARTESIAN_POINT('',(1.576759856832,3.109454763467E-19));
#7609 = VECTOR('',#7610,1.);
#7610 = DIRECTION('',(0.,-1.));
#7611 = ( GEOMETRIC_REPRESENTATION_CONTEXT(2) 
PARAMETRIC_REPRESENTATION_CONTEXT() REPRESENTATION_CONTEXT('2D SPACE',''
  ) );
#7612 = ORIENTED_EDGE('',*,*,#7613,.T.);
#7613 = EDGE_CURVE('',#7591,#7542,#7614,.T.);
#7614 = SURFACE_CURVE('',#7615,(#7619,#7626),.PCURVE_S1.);
#7615 = LINE('',#7616,#7617);
#7616 = CARTESIAN_POINT('',(51.05654296875,-76.38154296875,0.3200001));
#7617 = VECTOR('',#7618,1.);
#7618 = DIRECTION('',(0.,1.,-1.224646799147E-16));
#7619 = PCURVE('',#4130,#7620);
#7620 = DEFINITIONAL_REPRESENTATION('',(#7621),#7625);
#7621 = LINE('',#7622,#7623);
#7622 = CARTESIAN_POINT('',(1.416799207723E-14,-0.35));
#7623 = VECTOR('',#7624,1.);
#7624 = DIRECTION('',(1.,0.));
#7625 = ( GEOMETRIC_REPRESENTATION_CONTEXT(2) 
PARAMETRIC_REPRESENTATION_CONTEXT() REPRESENTATION_CONTEXT('2D SPACE',''
  ) );
#7626 = PCURVE('',#6377,#7627);
#7627 = DEFINITIONAL_REPRESENTATION('',(#7628),#7632);
#7628 = LINE('',#7629,#7630);
#7629 = CARTESIAN_POINT('',(3.7197265625,1.89921875));
#7630 = VECTOR('',#7631,1.);
#7631 = DIRECTION('',(0.,-1.));
#7632 = ( GEOMETRIC_REPRESENTATION_CONTEXT(2) 
PARAMETRIC_REPRESENTATION_CONTEXT() REPRESENTATION_CONTEXT('2D SPACE',''
  ) );
#7633 = ORIENTED_EDGE('',*,*,#7541,.F.);
#7634 = ADVANCED_FACE('',(#7635),#4102,.T.);
#7635 = FACE_BOUND('',#7636,.T.);
#7636 = EDGE_LOOP('',(#7637,#7638,#7661,#7682));
#7637 = ORIENTED_EDGE('',*,*,#4086,.F.);
#7638 = ORIENTED_EDGE('',*,*,#7639,.T.);
#7639 = EDGE_CURVE('',#4059,#7640,#7642,.T.);
#7640 = VERTEX_POINT('',#7641);
#7641 = CARTESIAN_POINT('',(49.47978515625,-76.37900390625,0.3200001));
#7642 = SURFACE_CURVE('',#7643,(#7647,#7654),.PCURVE_S1.);
#7643 = LINE('',#7644,#7645);
#7644 = CARTESIAN_POINT('',(49.47978515625,-76.37900390625,
    -2.999989999987E-02));
#7645 = VECTOR('',#7646,1.);
#7646 = DIRECTION('',(0.,1.224646799147E-16,1.));
#7647 = PCURVE('',#4102,#7648);
#7648 = DEFINITIONAL_REPRESENTATION('',(#7649),#7653);
#7649 = LINE('',#7650,#7651);
#7650 = CARTESIAN_POINT('',(0.,0.));
#7651 = VECTOR('',#7652,1.);
#7652 = DIRECTION('',(0.,-1.));
#7653 = ( GEOMETRIC_REPRESENTATION_CONTEXT(2) 
PARAMETRIC_REPRESENTATION_CONTEXT() REPRESENTATION_CONTEXT('2D SPACE',''
  ) );
#7654 = PCURVE('',#4074,#7655);
#7655 = DEFINITIONAL_REPRESENTATION('',(#7656),#7660);
#7656 = LINE('',#7657,#7658);
#7657 = CARTESIAN_POINT('',(0.43671875,5.348262193151E-17));
#7658 = VECTOR('',#7659,1.);
#7659 = DIRECTION('',(0.,-1.));
#7660 = ( GEOMETRIC_REPRESENTATION_CONTEXT(2) 
PARAMETRIC_REPRESENTATION_CONTEXT() REPRESENTATION_CONTEXT('2D SPACE',''
  ) );
#7661 = ORIENTED_EDGE('',*,*,#7662,.T.);
#7662 = EDGE_CURVE('',#7640,#7591,#7663,.T.);
#7663 = SURFACE_CURVE('',#7664,(#7668,#7675),.PCURVE_S1.);
#7664 = LINE('',#7665,#7666);
#7665 = CARTESIAN_POINT('',(49.47978515625,-76.37900390625,0.3200001));
#7666 = VECTOR('',#7667,1.);
#7667 = DIRECTION('',(0.99999870346,-1.610303870306E-03,
    1.972053480425E-19));
#7668 = PCURVE('',#4102,#7669);
#7669 = DEFINITIONAL_REPRESENTATION('',(#7670),#7674);
#7670 = LINE('',#7671,#7672);
#7671 = CARTESIAN_POINT('',(-7.105349123258E-15,-0.35));
#7672 = VECTOR('',#7673,1.);
#7673 = DIRECTION('',(1.,0.));
#7674 = ( GEOMETRIC_REPRESENTATION_CONTEXT(2) 
PARAMETRIC_REPRESENTATION_CONTEXT() REPRESENTATION_CONTEXT('2D SPACE',''
  ) );
#7675 = PCURVE('',#6377,#7676);
#7676 = DEFINITIONAL_REPRESENTATION('',(#7677),#7681);
#7677 = LINE('',#7678,#7679);
#7678 = CARTESIAN_POINT('',(2.14296875,1.8966796875));
#7679 = VECTOR('',#7680,1.);
#7680 = DIRECTION('',(0.99999870346,1.610303870306E-03));
#7681 = ( GEOMETRIC_REPRESENTATION_CONTEXT(2) 
PARAMETRIC_REPRESENTATION_CONTEXT() REPRESENTATION_CONTEXT('2D SPACE',''
  ) );
#7682 = ORIENTED_EDGE('',*,*,#7590,.F.);
#7683 = ADVANCED_FACE('',(#7684),#4074,.T.);
#7684 = FACE_BOUND('',#7685,.T.);
#7685 = EDGE_LOOP('',(#7686,#7687,#7710,#7731));
#7686 = ORIENTED_EDGE('',*,*,#4058,.F.);
#7687 = ORIENTED_EDGE('',*,*,#7688,.T.);
#7688 = EDGE_CURVE('',#4031,#7689,#7691,.T.);
#7689 = VERTEX_POINT('',#7690);
#7690 = CARTESIAN_POINT('',(49.47978515625,-75.94228515625,0.3200001));
#7691 = SURFACE_CURVE('',#7692,(#7696,#7703),.PCURVE_S1.);
#7692 = LINE('',#7693,#7694);
#7693 = CARTESIAN_POINT('',(49.47978515625,-75.94228515625,
    -2.999989999987E-02));
#7694 = VECTOR('',#7695,1.);
#7695 = DIRECTION('',(0.,1.224646799147E-16,1.));
#7696 = PCURVE('',#4074,#7697);
#7697 = DEFINITIONAL_REPRESENTATION('',(#7698),#7702);
#7698 = LINE('',#7699,#7700);
#7699 = CARTESIAN_POINT('',(0.,0.));
#7700 = VECTOR('',#7701,1.);
#7701 = DIRECTION('',(0.,-1.));
#7702 = ( GEOMETRIC_REPRESENTATION_CONTEXT(2) 
PARAMETRIC_REPRESENTATION_CONTEXT() REPRESENTATION_CONTEXT('2D SPACE',''
  ) );
#7703 = PCURVE('',#4046,#7704);
#7704 = DEFINITIONAL_REPRESENTATION('',(#7705),#7709);
#7705 = LINE('',#7706,#7707);
#7706 = CARTESIAN_POINT('',(1.0943359375,-0.));
#7707 = VECTOR('',#7708,1.);
#7708 = DIRECTION('',(0.,-1.));
#7709 = ( GEOMETRIC_REPRESENTATION_CONTEXT(2) 
PARAMETRIC_REPRESENTATION_CONTEXT() REPRESENTATION_CONTEXT('2D SPACE',''
  ) );
#7710 = ORIENTED_EDGE('',*,*,#7711,.T.);
#7711 = EDGE_CURVE('',#7689,#7640,#7712,.T.);
#7712 = SURFACE_CURVE('',#7713,(#7717,#7724),.PCURVE_S1.);
#7713 = LINE('',#7714,#7715);
#7714 = CARTESIAN_POINT('',(49.47978515625,-75.94228515625,0.3200001));
#7715 = VECTOR('',#7716,1.);
#7716 = DIRECTION('',(0.,-1.,1.224646799147E-16));
#7717 = PCURVE('',#4074,#7718);
#7718 = DEFINITIONAL_REPRESENTATION('',(#7719),#7723);
#7719 = LINE('',#7720,#7721);
#7720 = CARTESIAN_POINT('',(-1.416799207723E-14,-0.35));
#7721 = VECTOR('',#7722,1.);
#7722 = DIRECTION('',(1.,0.));
#7723 = ( GEOMETRIC_REPRESENTATION_CONTEXT(2) 
PARAMETRIC_REPRESENTATION_CONTEXT() REPRESENTATION_CONTEXT('2D SPACE',''
  ) );
#7724 = PCURVE('',#6377,#7725);
#7725 = DEFINITIONAL_REPRESENTATION('',(#7726),#7730);
#7726 = LINE('',#7727,#7728);
#7727 = CARTESIAN_POINT('',(2.14296875,1.4599609375));
#7728 = VECTOR('',#7729,1.);
#7729 = DIRECTION('',(0.,1.));
#7730 = ( GEOMETRIC_REPRESENTATION_CONTEXT(2) 
PARAMETRIC_REPRESENTATION_CONTEXT() REPRESENTATION_CONTEXT('2D SPACE',''
  ) );
#7731 = ORIENTED_EDGE('',*,*,#7639,.F.);
#7732 = ADVANCED_FACE('',(#7733),#4046,.T.);
#7733 = FACE_BOUND('',#7734,.T.);
#7734 = EDGE_LOOP('',(#7735,#7736,#7737,#7758));
#7735 = ORIENTED_EDGE('',*,*,#4030,.F.);
#7736 = ORIENTED_EDGE('',*,*,#6389,.T.);
#7737 = ORIENTED_EDGE('',*,*,#7738,.T.);
#7738 = EDGE_CURVE('',#6362,#7689,#7739,.T.);
#7739 = SURFACE_CURVE('',#7740,(#7744,#7751),.PCURVE_S1.);
#7740 = LINE('',#7741,#7742);
#7741 = CARTESIAN_POINT('',(50.57412109375,-75.94228515625,0.3200001));
#7742 = VECTOR('',#7743,1.);
#7743 = DIRECTION('',(-1.,0.,0.));
#7744 = PCURVE('',#4046,#7745);
#7745 = DEFINITIONAL_REPRESENTATION('',(#7746),#7750);
#7746 = LINE('',#7747,#7748);
#7747 = CARTESIAN_POINT('',(-7.105427357601E-15,-0.35));
#7748 = VECTOR('',#7749,1.);
#7749 = DIRECTION('',(1.,-0.));
#7750 = ( GEOMETRIC_REPRESENTATION_CONTEXT(2) 
PARAMETRIC_REPRESENTATION_CONTEXT() REPRESENTATION_CONTEXT('2D SPACE',''
  ) );
#7751 = PCURVE('',#6377,#7752);
#7752 = DEFINITIONAL_REPRESENTATION('',(#7753),#7757);
#7753 = LINE('',#7754,#7755);
#7754 = CARTESIAN_POINT('',(3.2373046875,1.4599609375));
#7755 = VECTOR('',#7756,1.);
#7756 = DIRECTION('',(-1.,0.));
#7757 = ( GEOMETRIC_REPRESENTATION_CONTEXT(2) 
PARAMETRIC_REPRESENTATION_CONTEXT() REPRESENTATION_CONTEXT('2D SPACE',''
  ) );
#7758 = ORIENTED_EDGE('',*,*,#7688,.F.);
#7759 = ADVANCED_FACE('',(#7760),#5451,.F.);
#7760 = FACE_BOUND('',#7761,.F.);
#7761 = EDGE_LOOP('',(#7762,#7763,#7764,#7765,#7766,#7767,#7768,#7769));
#7762 = ORIENTED_EDGE('',*,*,#5429,.T.);
#7763 = ORIENTED_EDGE('',*,*,#5529,.T.);
#7764 = ORIENTED_EDGE('',*,*,#5596,.T.);
#7765 = ORIENTED_EDGE('',*,*,#5663,.T.);
#7766 = ORIENTED_EDGE('',*,*,#5730,.T.);
#7767 = ORIENTED_EDGE('',*,*,#5797,.T.);
#7768 = ORIENTED_EDGE('',*,*,#5864,.T.);
#7769 = ORIENTED_EDGE('',*,*,#5903,.T.);
#7770 = ADVANCED_FACE('',(#7771,#7781),#5980,.T.);
#7771 = FACE_BOUND('',#7772,.F.);
#7772 = EDGE_LOOP('',(#7773,#7774,#7775,#7776,#7777,#7778,#7779,#7780));
#7773 = ORIENTED_EDGE('',*,*,#6312,.T.);
#7774 = ORIENTED_EDGE('',*,*,#6285,.T.);
#7775 = ORIENTED_EDGE('',*,*,#6236,.T.);
#7776 = ORIENTED_EDGE('',*,*,#6187,.T.);
#7777 = ORIENTED_EDGE('',*,*,#6138,.T.);
#7778 = ORIENTED_EDGE('',*,*,#6089,.T.);
#7779 = ORIENTED_EDGE('',*,*,#6040,.T.);
#7780 = ORIENTED_EDGE('',*,*,#5964,.T.);
#7781 = FACE_BOUND('',#7782,.F.);
#7782 = EDGE_LOOP('',(#7783,#7813,#7841,#7869,#7899));
#7783 = ORIENTED_EDGE('',*,*,#7784,.T.);
#7784 = EDGE_CURVE('',#7785,#7787,#7789,.T.);
#7785 = VERTEX_POINT('',#7786);
#7786 = CARTESIAN_POINT('',(45.34365234375,-77.10263671875,0.3200001));
#7787 = VERTEX_POINT('',#7788);
#7788 = CARTESIAN_POINT('',(44.93486328125,-76.01083984375,0.3200001));
#7789 = SURFACE_CURVE('',#7790,(#7794,#7801),.PCURVE_S1.);
#7790 = LINE('',#7791,#7792);
#7791 = CARTESIAN_POINT('',(45.34365234375,-77.10263671875,0.3200001));
#7792 = VECTOR('',#7793,1.);
#7793 = DIRECTION('',(-0.350646042374,0.936508063482,-1.146891602319E-16
    ));
#7794 = PCURVE('',#5980,#7795);
#7795 = DEFINITIONAL_REPRESENTATION('',(#7796),#7800);
#7796 = LINE('',#7797,#7798);
#7797 = CARTESIAN_POINT('',(1.4751953125,2.6203125));
#7798 = VECTOR('',#7799,1.);
#7799 = DIRECTION('',(-0.350646042374,-0.936508063482));
#7800 = ( GEOMETRIC_REPRESENTATION_CONTEXT(2) 
PARAMETRIC_REPRESENTATION_CONTEXT() REPRESENTATION_CONTEXT('2D SPACE',''
  ) );
#7801 = PCURVE('',#7802,#7807);
#7802 = PLANE('',#7803);
#7803 = AXIS2_PLACEMENT_3D('',#7804,#7805,#7806);
#7804 = CARTESIAN_POINT('',(45.34365234375,-77.10263671875,
    -2.999989999987E-02));
#7805 = DIRECTION('',(-0.936508063482,-0.350646042374,4.294175534266E-17
    ));
#7806 = DIRECTION('',(-0.350646042374,0.936508063482,-1.146891602319E-16
    ));
#7807 = DEFINITIONAL_REPRESENTATION('',(#7808),#7812);
#7808 = LINE('',#7809,#7810);
#7809 = CARTESIAN_POINT('',(-4.014120608118E-17,-0.35));
#7810 = VECTOR('',#7811,1.);
#7811 = DIRECTION('',(1.,0.));
#7812 = ( GEOMETRIC_REPRESENTATION_CONTEXT(2) 
PARAMETRIC_REPRESENTATION_CONTEXT() REPRESENTATION_CONTEXT('2D SPACE',''
  ) );
#7813 = ORIENTED_EDGE('',*,*,#7814,.T.);
#7814 = EDGE_CURVE('',#7787,#7815,#7817,.T.);
#7815 = VERTEX_POINT('',#7816);
#7816 = CARTESIAN_POINT('',(46.19677734375,-76.01083984375,0.3200001));
#7817 = SURFACE_CURVE('',#7818,(#7822,#7829),.PCURVE_S1.);
#7818 = LINE('',#7819,#7820);
#7819 = CARTESIAN_POINT('',(44.93486328125,-76.01083984375,0.3200001));
#7820 = VECTOR('',#7821,1.);
#7821 = DIRECTION('',(1.,0.,0.));
#7822 = PCURVE('',#5980,#7823);
#7823 = DEFINITIONAL_REPRESENTATION('',(#7824),#7828);
#7824 = LINE('',#7825,#7826);
#7825 = CARTESIAN_POINT('',(1.06640625,1.528515625));
#7826 = VECTOR('',#7827,1.);
#7827 = DIRECTION('',(1.,0.));
#7828 = ( GEOMETRIC_REPRESENTATION_CONTEXT(2) 
PARAMETRIC_REPRESENTATION_CONTEXT() REPRESENTATION_CONTEXT('2D SPACE',''
  ) );
#7829 = PCURVE('',#7830,#7835);
#7830 = PLANE('',#7831);
#7831 = AXIS2_PLACEMENT_3D('',#7832,#7833,#7834);
#7832 = CARTESIAN_POINT('',(44.93486328125,-76.01083984375,
    -2.999989999987E-02));
#7833 = DIRECTION('',(0.,1.,-1.224646799147E-16));
#7834 = DIRECTION('',(1.,0.,0.));
#7835 = DEFINITIONAL_REPRESENTATION('',(#7836),#7840);
#7836 = LINE('',#7837,#7838);
#7837 = CARTESIAN_POINT('',(0.,-0.35));
#7838 = VECTOR('',#7839,1.);
#7839 = DIRECTION('',(1.,0.));
#7840 = ( GEOMETRIC_REPRESENTATION_CONTEXT(2) 
PARAMETRIC_REPRESENTATION_CONTEXT() REPRESENTATION_CONTEXT('2D SPACE',''
  ) );
#7841 = ORIENTED_EDGE('',*,*,#7842,.T.);
#7842 = EDGE_CURVE('',#7815,#7843,#7845,.T.);
#7843 = VERTEX_POINT('',#7844);
#7844 = CARTESIAN_POINT('',(45.80830078125,-77.04169921875,0.3200001));
#7845 = SURFACE_CURVE('',#7846,(#7850,#7857),.PCURVE_S1.);
#7846 = LINE('',#7847,#7848);
#7847 = CARTESIAN_POINT('',(46.19677734375,-76.01083984375,0.3200001));
#7848 = VECTOR('',#7849,1.);
#7849 = DIRECTION('',(-0.352638484148,-0.935759637673,1.145975045048E-16
    ));
#7850 = PCURVE('',#5980,#7851);
#7851 = DEFINITIONAL_REPRESENTATION('',(#7852),#7856);
#7852 = LINE('',#7853,#7854);
#7853 = CARTESIAN_POINT('',(2.3283203125,1.528515625));
#7854 = VECTOR('',#7855,1.);
#7855 = DIRECTION('',(-0.352638484148,0.935759637673));
#7856 = ( GEOMETRIC_REPRESENTATION_CONTEXT(2) 
PARAMETRIC_REPRESENTATION_CONTEXT() REPRESENTATION_CONTEXT('2D SPACE',''
  ) );
#7857 = PCURVE('',#7858,#7863);
#7858 = PLANE('',#7859);
#7859 = AXIS2_PLACEMENT_3D('',#7860,#7861,#7862);
#7860 = CARTESIAN_POINT('',(46.19677734375,-76.01083984375,
    -2.999989999987E-02));
#7861 = DIRECTION('',(0.935759637673,-0.352638484148,4.318575908677E-17)
  );
#7862 = DIRECTION('',(-0.352638484148,-0.935759637673,1.145975045048E-16
    ));
#7863 = DEFINITIONAL_REPRESENTATION('',(#7864),#7868);
#7864 = LINE('',#7865,#7866);
#7865 = CARTESIAN_POINT('',(4.010912657667E-17,-0.35));
#7866 = VECTOR('',#7867,1.);
#7867 = DIRECTION('',(1.,0.));
#7868 = ( GEOMETRIC_REPRESENTATION_CONTEXT(2) 
PARAMETRIC_REPRESENTATION_CONTEXT() REPRESENTATION_CONTEXT('2D SPACE',''
  ) );
#7869 = ORIENTED_EDGE('',*,*,#7870,.T.);
#7870 = EDGE_CURVE('',#7843,#7871,#7873,.T.);
#7871 = VERTEX_POINT('',#7872);
#7872 = CARTESIAN_POINT('',(45.54423828125,-77.81357421875,0.3200001));
#7873 = SURFACE_CURVE('',#7874,(#7878,#7885),.PCURVE_S1.);
#7874 = B_SPLINE_CURVE_WITH_KNOTS('',2,(#7875,#7876,#7877),
  .UNSPECIFIED.,.F.,.F.,(3,3),(0.,1.),.PIECEWISE_BEZIER_KNOTS.);
#7875 = CARTESIAN_POINT('',(45.80830078125,-77.04169921875,0.3200001));
#7876 = CARTESIAN_POINT('',(45.63056640625,-77.51142578125,0.3200001));
#7877 = CARTESIAN_POINT('',(45.54423828125,-77.81357421875,0.3200001));
#7878 = PCURVE('',#5980,#7879);
#7879 = DEFINITIONAL_REPRESENTATION('',(#7880),#7884);
#7880 = B_SPLINE_CURVE_WITH_KNOTS('',2,(#7881,#7882,#7883),
  .UNSPECIFIED.,.F.,.F.,(3,3),(0.,1.),.PIECEWISE_BEZIER_KNOTS.);
#7881 = CARTESIAN_POINT('',(1.93984375,2.559375));
#7882 = CARTESIAN_POINT('',(1.762109375,3.0291015625));
#7883 = CARTESIAN_POINT('',(1.67578125,3.33125));
#7884 = ( GEOMETRIC_REPRESENTATION_CONTEXT(2) 
PARAMETRIC_REPRESENTATION_CONTEXT() REPRESENTATION_CONTEXT('2D SPACE',''
  ) );
#7885 = PCURVE('',#7886,#7893);
#7886 = SURFACE_OF_LINEAR_EXTRUSION('',#7887,#7891);
#7887 = B_SPLINE_CURVE_WITH_KNOTS('',2,(#7888,#7889,#7890),
  .UNSPECIFIED.,.F.,.F.,(3,3),(0.,1.),.PIECEWISE_BEZIER_KNOTS.);
#7888 = CARTESIAN_POINT('',(45.80830078125,-77.04169921875,
    -2.999989999987E-02));
#7889 = CARTESIAN_POINT('',(45.63056640625,-77.51142578125,
    -2.999989999987E-02));
#7890 = CARTESIAN_POINT('',(45.54423828125,-77.81357421875,
    -2.999989999987E-02));
#7891 = VECTOR('',#7892,1.);
#7892 = DIRECTION('',(0.,-1.224646799147E-16,-1.));
#7893 = DEFINITIONAL_REPRESENTATION('',(#7894),#7898);
#7894 = LINE('',#7895,#7896);
#7895 = CARTESIAN_POINT('',(0.,-0.35));
#7896 = VECTOR('',#7897,1.);
#7897 = DIRECTION('',(1.,0.));
#7898 = ( GEOMETRIC_REPRESENTATION_CONTEXT(2) 
PARAMETRIC_REPRESENTATION_CONTEXT() REPRESENTATION_CONTEXT('2D SPACE',''
  ) );
#7899 = ORIENTED_EDGE('',*,*,#7900,.T.);
#7900 = EDGE_CURVE('',#7871,#7785,#7901,.T.);
#7901 = SURFACE_CURVE('',#7902,(#7906,#7913),.PCURVE_S1.);
#7902 = B_SPLINE_CURVE_WITH_KNOTS('',2,(#7903,#7904,#7905),
  .UNSPECIFIED.,.F.,.F.,(3,3),(0.,1.),.PIECEWISE_BEZIER_KNOTS.);
#7903 = CARTESIAN_POINT('',(45.54423828125,-77.81357421875,0.3200001));
#7904 = CARTESIAN_POINT('',(45.47314453125,-77.45556640625,0.3200001));
#7905 = CARTESIAN_POINT('',(45.34365234375,-77.10263671875,0.3200001));
#7906 = PCURVE('',#5980,#7907);
#7907 = DEFINITIONAL_REPRESENTATION('',(#7908),#7912);
#7908 = B_SPLINE_CURVE_WITH_KNOTS('',2,(#7909,#7910,#7911),
  .UNSPECIFIED.,.F.,.F.,(3,3),(0.,1.),.PIECEWISE_BEZIER_KNOTS.);
#7909 = CARTESIAN_POINT('',(1.67578125,3.33125));
#7910 = CARTESIAN_POINT('',(1.6046875,2.9732421875));
#7911 = CARTESIAN_POINT('',(1.4751953125,2.6203125));
#7912 = ( GEOMETRIC_REPRESENTATION_CONTEXT(2) 
PARAMETRIC_REPRESENTATION_CONTEXT() REPRESENTATION_CONTEXT('2D SPACE',''
  ) );
#7913 = PCURVE('',#7914,#7921);
#7914 = SURFACE_OF_LINEAR_EXTRUSION('',#7915,#7919);
#7915 = B_SPLINE_CURVE_WITH_KNOTS('',2,(#7916,#7917,#7918),
  .UNSPECIFIED.,.F.,.F.,(3,3),(0.,1.),.PIECEWISE_BEZIER_KNOTS.);
#7916 = CARTESIAN_POINT('',(45.54423828125,-77.81357421875,
    -2.999989999987E-02));
#7917 = CARTESIAN_POINT('',(45.47314453125,-77.45556640625,
    -2.999989999987E-02));
#7918 = CARTESIAN_POINT('',(45.34365234375,-77.10263671875,
    -2.999989999987E-02));
#7919 = VECTOR('',#7920,1.);
#7920 = DIRECTION('',(0.,-1.224646799147E-16,-1.));
#7921 = DEFINITIONAL_REPRESENTATION('',(#7922),#7926);
#7922 = LINE('',#7923,#7924);
#7923 = CARTESIAN_POINT('',(0.,-0.35));
#7924 = VECTOR('',#7925,1.);
#7925 = DIRECTION('',(1.,0.));
#7926 = ( GEOMETRIC_REPRESENTATION_CONTEXT(2) 
PARAMETRIC_REPRESENTATION_CONTEXT() REPRESENTATION_CONTEXT('2D SPACE',''
  ) );
#7927 = ADVANCED_FACE('',(#7928),#6377,.T.);
#7928 = FACE_BOUND('',#7929,.F.);
#7929 = EDGE_LOOP('',(#7930,#7931,#7932,#7933,#7934,#7935,#7936,#7937,
    #7938,#7939,#7940,#7941,#7942,#7943,#7944,#7945,#7946,#7947,#7948,
    #7949,#7950,#7951,#7952,#7953,#7954,#7955,#7956,#7957,#7958));
#7930 = ORIENTED_EDGE('',*,*,#7738,.T.);
#7931 = ORIENTED_EDGE('',*,*,#7711,.T.);
#7932 = ORIENTED_EDGE('',*,*,#7662,.T.);
#7933 = ORIENTED_EDGE('',*,*,#7613,.T.);
#7934 = ORIENTED_EDGE('',*,*,#7564,.T.);
#7935 = ORIENTED_EDGE('',*,*,#7515,.T.);
#7936 = ORIENTED_EDGE('',*,*,#7466,.T.);
#7937 = ORIENTED_EDGE('',*,*,#7417,.T.);
#7938 = ORIENTED_EDGE('',*,*,#7368,.T.);
#7939 = ORIENTED_EDGE('',*,*,#7319,.T.);
#7940 = ORIENTED_EDGE('',*,*,#7270,.T.);
#7941 = ORIENTED_EDGE('',*,*,#7221,.T.);
#7942 = ORIENTED_EDGE('',*,*,#7172,.T.);
#7943 = ORIENTED_EDGE('',*,*,#7123,.T.);
#7944 = ORIENTED_EDGE('',*,*,#7074,.T.);
#7945 = ORIENTED_EDGE('',*,*,#7025,.T.);
#7946 = ORIENTED_EDGE('',*,*,#6976,.T.);
#7947 = ORIENTED_EDGE('',*,*,#6927,.T.);
#7948 = ORIENTED_EDGE('',*,*,#6878,.T.);
#7949 = ORIENTED_EDGE('',*,*,#6829,.T.);
#7950 = ORIENTED_EDGE('',*,*,#6780,.T.);
#7951 = ORIENTED_EDGE('',*,*,#6731,.T.);
#7952 = ORIENTED_EDGE('',*,*,#6682,.T.);
#7953 = ORIENTED_EDGE('',*,*,#6633,.T.);
#7954 = ORIENTED_EDGE('',*,*,#6584,.T.);
#7955 = ORIENTED_EDGE('',*,*,#6535,.T.);
#7956 = ORIENTED_EDGE('',*,*,#6486,.T.);
#7957 = ORIENTED_EDGE('',*,*,#6437,.T.);
#7958 = ORIENTED_EDGE('',*,*,#6361,.T.);
#7959 = ADVANCED_FACE('',(#7960),#7802,.T.);
#7960 = FACE_BOUND('',#7961,.T.);
#7961 = EDGE_LOOP('',(#7962,#7992,#8013,#8014));
#7962 = ORIENTED_EDGE('',*,*,#7963,.F.);
#7963 = EDGE_CURVE('',#7964,#7966,#7968,.T.);
#7964 = VERTEX_POINT('',#7965);
#7965 = CARTESIAN_POINT('',(45.34365234375,-77.10263671875,
    1.000001272899E-07));
#7966 = VERTEX_POINT('',#7967);
#7967 = CARTESIAN_POINT('',(44.93486328125,-76.01083984375,
    1.000001272899E-07));
#7968 = SURFACE_CURVE('',#7969,(#7973,#7980),.PCURVE_S1.);
#7969 = LINE('',#7970,#7971);
#7970 = CARTESIAN_POINT('',(45.466737160472,-77.43137256465,
    1.000001272899E-07));
#7971 = VECTOR('',#7972,1.);
#7972 = DIRECTION('',(-0.350646042374,0.936508063482,4.254139542165E-17)
  );
#7973 = PCURVE('',#7802,#7974);
#7974 = DEFINITIONAL_REPRESENTATION('',(#7975),#7979);
#7975 = LINE('',#7976,#7977);
#7976 = CARTESIAN_POINT('',(-0.351022974304,-3.E-02));
#7977 = VECTOR('',#7978,1.);
#7978 = DIRECTION('',(1.,-1.572305556536E-16));
#7979 = ( GEOMETRIC_REPRESENTATION_CONTEXT(2) 
PARAMETRIC_REPRESENTATION_CONTEXT() REPRESENTATION_CONTEXT('2D SPACE',''
  ) );
#7980 = PCURVE('',#7981,#7986);
#7981 = PLANE('',#7982);
#7982 = AXIS2_PLACEMENT_3D('',#7983,#7984,#7985);
#7983 = CARTESIAN_POINT('',(42.036956377788,-79.09036739079,
    1.000001272899E-07));
#7984 = DIRECTION('',(4.121378948945E-17,6.085676121721E-17,-1.));
#7985 = DIRECTION('',(0.827324590189,0.56172415158,6.828189406213E-17));
#7986 = DEFINITIONAL_REPRESENTATION('',(#7987),#7991);
#7987 = LINE('',#7988,#7989);
#7988 = CARTESIAN_POINT('',(3.769439441666,0.554063485589));
#7989 = VECTOR('',#7990,1.);
#7990 = DIRECTION('',(0.235961104099,-0.971762500487));
#7991 = ( GEOMETRIC_REPRESENTATION_CONTEXT(2) 
PARAMETRIC_REPRESENTATION_CONTEXT() REPRESENTATION_CONTEXT('2D SPACE',''
  ) );
#7992 = ORIENTED_EDGE('',*,*,#7993,.T.);
#7993 = EDGE_CURVE('',#7964,#7785,#7994,.T.);
#7994 = SURFACE_CURVE('',#7995,(#7999,#8006),.PCURVE_S1.);
#7995 = LINE('',#7996,#7997);
#7996 = CARTESIAN_POINT('',(45.34365234375,-77.10263671875,
    -2.999989999987E-02));
#7997 = VECTOR('',#7998,1.);
#7998 = DIRECTION('',(0.,1.224646799147E-16,1.));
#7999 = PCURVE('',#7802,#8000);
#8000 = DEFINITIONAL_REPRESENTATION('',(#8001),#8005);
#8001 = LINE('',#8002,#8003);
#8002 = CARTESIAN_POINT('',(0.,0.));
#8003 = VECTOR('',#8004,1.);
#8004 = DIRECTION('',(0.,-1.));
#8005 = ( GEOMETRIC_REPRESENTATION_CONTEXT(2) 
PARAMETRIC_REPRESENTATION_CONTEXT() REPRESENTATION_CONTEXT('2D SPACE',''
  ) );
#8006 = PCURVE('',#7914,#8007);
#8007 = DEFINITIONAL_REPRESENTATION('',(#8008),#8012);
#8008 = LINE('',#8009,#8010);
#8009 = CARTESIAN_POINT('',(1.,0.));
#8010 = VECTOR('',#8011,1.);
#8011 = DIRECTION('',(0.,-1.));
#8012 = ( GEOMETRIC_REPRESENTATION_CONTEXT(2) 
PARAMETRIC_REPRESENTATION_CONTEXT() REPRESENTATION_CONTEXT('2D SPACE',''
  ) );
#8013 = ORIENTED_EDGE('',*,*,#7784,.T.);
#8014 = ORIENTED_EDGE('',*,*,#8015,.F.);
#8015 = EDGE_CURVE('',#7966,#7787,#8016,.T.);
#8016 = SURFACE_CURVE('',#8017,(#8021,#8028),.PCURVE_S1.);
#8017 = LINE('',#8018,#8019);
#8018 = CARTESIAN_POINT('',(44.93486328125,-76.01083984375,
    -2.999989999987E-02));
#8019 = VECTOR('',#8020,1.);
#8020 = DIRECTION('',(0.,1.224646799147E-16,1.));
#8021 = PCURVE('',#7802,#8022);
#8022 = DEFINITIONAL_REPRESENTATION('',(#8023),#8027);
#8023 = LINE('',#8024,#8025);
#8024 = CARTESIAN_POINT('',(1.165816844054,-1.337065548288E-16));
#8025 = VECTOR('',#8026,1.);
#8026 = DIRECTION('',(0.,-1.));
#8027 = ( GEOMETRIC_REPRESENTATION_CONTEXT(2) 
PARAMETRIC_REPRESENTATION_CONTEXT() REPRESENTATION_CONTEXT('2D SPACE',''
  ) );
#8028 = PCURVE('',#7830,#8029);
#8029 = DEFINITIONAL_REPRESENTATION('',(#8030),#8034);
#8030 = LINE('',#8031,#8032);
#8031 = CARTESIAN_POINT('',(0.,0.));
#8032 = VECTOR('',#8033,1.);
#8033 = DIRECTION('',(0.,-1.));
#8034 = ( GEOMETRIC_REPRESENTATION_CONTEXT(2) 
PARAMETRIC_REPRESENTATION_CONTEXT() REPRESENTATION_CONTEXT('2D SPACE',''
  ) );
#8035 = ADVANCED_FACE('',(#8036),#7830,.T.);
#8036 = FACE_BOUND('',#8037,.T.);
#8037 = EDGE_LOOP('',(#8038,#8061,#8062,#8063));
#8038 = ORIENTED_EDGE('',*,*,#8039,.F.);
#8039 = EDGE_CURVE('',#7966,#8040,#8042,.T.);
#8040 = VERTEX_POINT('',#8041);
#8041 = CARTESIAN_POINT('',(46.19677734375,-76.01083984375,
    1.000001272899E-07));
#8042 = SURFACE_CURVE('',#8043,(#8047,#8054),.PCURVE_S1.);
#8043 = LINE('',#8044,#8045);
#8044 = CARTESIAN_POINT('',(43.485909829519,-76.01083984375,
    1.000001272899E-07));
#8045 = VECTOR('',#8046,1.);
#8046 = DIRECTION('',(1.,5.047233537899E-33,4.121378948945E-17));
#8047 = PCURVE('',#7830,#8048);
#8048 = DEFINITIONAL_REPRESENTATION('',(#8049),#8053);
#8049 = LINE('',#8050,#8051);
#8050 = CARTESIAN_POINT('',(-1.448953451731,-3.E-02));
#8051 = VECTOR('',#8052,1.);
#8052 = DIRECTION('',(1.,-4.121378948945E-17));
#8053 = ( GEOMETRIC_REPRESENTATION_CONTEXT(2) 
PARAMETRIC_REPRESENTATION_CONTEXT() REPRESENTATION_CONTEXT('2D SPACE',''
  ) );
#8054 = PCURVE('',#7981,#8055);
#8055 = DEFINITIONAL_REPRESENTATION('',(#8056),#8060);
#8056 = LINE('',#8057,#8058);
#8057 = CARTESIAN_POINT('',(2.928599819289,-1.733856717488));
#8058 = VECTOR('',#8059,1.);
#8059 = DIRECTION('',(0.827324590189,0.56172415158));
#8060 = ( GEOMETRIC_REPRESENTATION_CONTEXT(2) 
PARAMETRIC_REPRESENTATION_CONTEXT() REPRESENTATION_CONTEXT('2D SPACE',''
  ) );
#8061 = ORIENTED_EDGE('',*,*,#8015,.T.);
#8062 = ORIENTED_EDGE('',*,*,#7814,.T.);
#8063 = ORIENTED_EDGE('',*,*,#8064,.F.);
#8064 = EDGE_CURVE('',#8040,#7815,#8065,.T.);
#8065 = SURFACE_CURVE('',#8066,(#8070,#8077),.PCURVE_S1.);
#8066 = LINE('',#8067,#8068);
#8067 = CARTESIAN_POINT('',(46.19677734375,-76.01083984375,
    -2.999989999987E-02));
#8068 = VECTOR('',#8069,1.);
#8069 = DIRECTION('',(0.,1.224646799147E-16,1.));
#8070 = PCURVE('',#7830,#8071);
#8071 = DEFINITIONAL_REPRESENTATION('',(#8072),#8076);
#8072 = LINE('',#8073,#8074);
#8073 = CARTESIAN_POINT('',(1.2619140625,0.));
#8074 = VECTOR('',#8075,1.);
#8075 = DIRECTION('',(0.,-1.));
#8076 = ( GEOMETRIC_REPRESENTATION_CONTEXT(2) 
PARAMETRIC_REPRESENTATION_CONTEXT() REPRESENTATION_CONTEXT('2D SPACE',''
  ) );
#8077 = PCURVE('',#7858,#8078);
#8078 = DEFINITIONAL_REPRESENTATION('',(#8079),#8083);
#8079 = LINE('',#8080,#8081);
#8080 = CARTESIAN_POINT('',(0.,0.));
#8081 = VECTOR('',#8082,1.);
#8082 = DIRECTION('',(0.,-1.));
#8083 = ( GEOMETRIC_REPRESENTATION_CONTEXT(2) 
PARAMETRIC_REPRESENTATION_CONTEXT() REPRESENTATION_CONTEXT('2D SPACE',''
  ) );
#8084 = ADVANCED_FACE('',(#8085),#7858,.T.);
#8085 = FACE_BOUND('',#8086,.T.);
#8086 = EDGE_LOOP('',(#8087,#8110,#8111,#8112));
#8087 = ORIENTED_EDGE('',*,*,#8088,.F.);
#8088 = EDGE_CURVE('',#8040,#8089,#8091,.T.);
#8089 = VERTEX_POINT('',#8090);
#8090 = CARTESIAN_POINT('',(45.80830078125,-77.04169921875,
    1.000001272899E-07));
#8091 = SURFACE_CURVE('',#8092,(#8096,#8103),.PCURVE_S1.);
#8092 = LINE('',#8093,#8094);
#8093 = CARTESIAN_POINT('',(45.430033629017,-78.04546695604,
    1.000001272899E-07));
#8094 = VECTOR('',#8095,1.);
#8095 = DIRECTION('',(-0.352638484148,-0.935759637673,
    -7.148086907812E-17));
#8096 = PCURVE('',#7858,#8097);
#8097 = DEFINITIONAL_REPRESENTATION('',(#8098),#8102);
#8098 = LINE('',#8099,#8100);
#8099 = CARTESIAN_POINT('',(2.174305270697,-3.E-02));
#8100 = VECTOR('',#8101,1.);
#8101 = DIRECTION('',(1.,1.860783735829E-16));
#8102 = ( GEOMETRIC_REPRESENTATION_CONTEXT(2) 
PARAMETRIC_REPRESENTATION_CONTEXT() REPRESENTATION_CONTEXT('2D SPACE',''
  ) );
#8103 = PCURVE('',#7981,#8104);
#8104 = DEFINITIONAL_REPRESENTATION('',(#8105),#8109);
#8105 = LINE('',#8106,#8107);
#8106 = CARTESIAN_POINT('',(3.39412205655,1.041501616221));
#8107 = VECTOR('',#8108,1.);
#8108 = DIRECTION('',(-0.817385277937,0.576091405432));
#8109 = ( GEOMETRIC_REPRESENTATION_CONTEXT(2) 
PARAMETRIC_REPRESENTATION_CONTEXT() REPRESENTATION_CONTEXT('2D SPACE',''
  ) );
#8110 = ORIENTED_EDGE('',*,*,#8064,.T.);
#8111 = ORIENTED_EDGE('',*,*,#7842,.T.);
#8112 = ORIENTED_EDGE('',*,*,#8113,.F.);
#8113 = EDGE_CURVE('',#8089,#7843,#8114,.T.);
#8114 = SURFACE_CURVE('',#8115,(#8119,#8126),.PCURVE_S1.);
#8115 = LINE('',#8116,#8117);
#8116 = CARTESIAN_POINT('',(45.80830078125,-77.04169921875,
    -2.999989999987E-02));
#8117 = VECTOR('',#8118,1.);
#8118 = DIRECTION('',(0.,1.224646799147E-16,1.));
#8119 = PCURVE('',#7858,#8120);
#8120 = DEFINITIONAL_REPRESENTATION('',(#8121),#8125);
#8121 = LINE('',#8122,#8123);
#8122 = CARTESIAN_POINT('',(1.101628381369,1.262438633965E-16));
#8123 = VECTOR('',#8124,1.);
#8124 = DIRECTION('',(0.,-1.));
#8125 = ( GEOMETRIC_REPRESENTATION_CONTEXT(2) 
PARAMETRIC_REPRESENTATION_CONTEXT() REPRESENTATION_CONTEXT('2D SPACE',''
  ) );
#8126 = PCURVE('',#7886,#8127);
#8127 = DEFINITIONAL_REPRESENTATION('',(#8128),#8132);
#8128 = LINE('',#8129,#8130);
#8129 = CARTESIAN_POINT('',(0.,0.));
#8130 = VECTOR('',#8131,1.);
#8131 = DIRECTION('',(0.,-1.));
#8132 = ( GEOMETRIC_REPRESENTATION_CONTEXT(2) 
PARAMETRIC_REPRESENTATION_CONTEXT() REPRESENTATION_CONTEXT('2D SPACE',''
  ) );
#8133 = ADVANCED_FACE('',(#8134),#7886,.T.);
#8134 = FACE_BOUND('',#8135,.T.);
#8135 = EDGE_LOOP('',(#8136,#8171,#8172,#8173));
#8136 = ORIENTED_EDGE('',*,*,#8137,.T.);
#8137 = EDGE_CURVE('',#8138,#8089,#8140,.T.);
#8138 = VERTEX_POINT('',#8139);
#8139 = CARTESIAN_POINT('',(45.54423828125,-77.81357421875,
    1.000001272899E-07));
#8140 = SURFACE_CURVE('',#8141,(#8149,#8160),.PCURVE_S1.);
#8141 = B_SPLINE_CURVE_WITH_KNOTS('',6,(#8142,#8143,#8144,#8145,#8146,
    #8147,#8148),.UNSPECIFIED.,.F.,.F.,(7,7),(0.,1.),
  .PIECEWISE_BEZIER_KNOTS.);
#8142 = CARTESIAN_POINT('',(45.54423828125,-77.81357421875,
    1.000001272899E-07));
#8143 = CARTESIAN_POINT('',(45.575754212557,-77.70326845917,
    1.000001272899E-07));
#8144 = CARTESIAN_POINT('',(45.613410965425,-77.58365231024,
    1.000001272899E-07));
#8145 = CARTESIAN_POINT('',(45.656231404649,-77.45645083441,
    1.000001272899E-07));
#8146 = CARTESIAN_POINT('',(45.70338728746,-77.32307926385,
    1.000001272899E-07));
#8147 = CARTESIAN_POINT('',(45.754231947733,-77.18459542161,
    1.000001272899E-07));
#8148 = CARTESIAN_POINT('',(45.80830078125,-77.04169921875,
    1.000001272899E-07));
#8149 = PCURVE('',#7886,#8150);
#8150 = DEFINITIONAL_REPRESENTATION('',(#8151),#8159);
#8151 = B_SPLINE_CURVE_WITH_KNOTS('',6,(#8152,#8153,#8154,#8155,#8156,
    #8157,#8158),.UNSPECIFIED.,.F.,.F.,(7,7),(0.,1.),
  .PIECEWISE_BEZIER_KNOTS.);
#8152 = CARTESIAN_POINT('',(1.,-3.E-02));
#8153 = CARTESIAN_POINT('',(0.817464289261,-3.E-02));
#8154 = CARTESIAN_POINT('',(0.641697346552,-3.E-02));
#8155 = CARTESIAN_POINT('',(0.472468590833,-3.E-02));
#8156 = CARTESIAN_POINT('',(0.309419345634,-3.E-02));
#8157 = CARTESIAN_POINT('',(0.152105729455,-3.E-02));
#8158 = CARTESIAN_POINT('',(0.,-3.E-02));
#8159 = ( GEOMETRIC_REPRESENTATION_CONTEXT(2) 
PARAMETRIC_REPRESENTATION_CONTEXT() REPRESENTATION_CONTEXT('2D SPACE',''
  ) );
#8160 = PCURVE('',#7981,#8161);
#8161 = DEFINITIONAL_REPRESENTATION('',(#8162),#8170);
#8162 = B_SPLINE_CURVE_WITH_KNOTS('',6,(#8163,#8164,#8165,#8166,#8167,
    #8168,#8169),.UNSPECIFIED.,.F.,.F.,(7,7),(0.,1.),
  .PIECEWISE_BEZIER_KNOTS.);
#8163 = CARTESIAN_POINT('',(3.618866124773,0.91380256375));
#8164 = CARTESIAN_POINT('',(3.706901438938,0.840247156189));
#8165 = CARTESIAN_POINT('',(3.805247076343,0.762438482353));
#8166 = CARTESIAN_POINT('',(3.91212561977,0.681254848379));
#8167 = CARTESIAN_POINT('',(4.026056873506,0.597401866691));
#8168 = CARTESIAN_POINT('',(4.14591163002,0.511391452316));
#8169 = CARTESIAN_POINT('',(4.27091235387,0.423541679474));
#8170 = ( GEOMETRIC_REPRESENTATION_CONTEXT(2) 
PARAMETRIC_REPRESENTATION_CONTEXT() REPRESENTATION_CONTEXT('2D SPACE',''
  ) );
#8171 = ORIENTED_EDGE('',*,*,#8113,.T.);
#8172 = ORIENTED_EDGE('',*,*,#7870,.T.);
#8173 = ORIENTED_EDGE('',*,*,#8174,.F.);
#8174 = EDGE_CURVE('',#8138,#7871,#8175,.T.);
#8175 = SURFACE_CURVE('',#8176,(#8180,#8187),.PCURVE_S1.);
#8176 = LINE('',#8177,#8178);
#8177 = CARTESIAN_POINT('',(45.54423828125,-77.81357421875,
    -2.999989999987E-02));
#8178 = VECTOR('',#8179,1.);
#8179 = DIRECTION('',(0.,1.224646799147E-16,1.));
#8180 = PCURVE('',#7886,#8181);
#8181 = DEFINITIONAL_REPRESENTATION('',(#8182),#8186);
#8182 = LINE('',#8183,#8184);
#8183 = CARTESIAN_POINT('',(1.,0.));
#8184 = VECTOR('',#8185,1.);
#8185 = DIRECTION('',(0.,-1.));
#8186 = ( GEOMETRIC_REPRESENTATION_CONTEXT(2) 
PARAMETRIC_REPRESENTATION_CONTEXT() REPRESENTATION_CONTEXT('2D SPACE',''
  ) );
#8187 = PCURVE('',#7914,#8188);
#8188 = DEFINITIONAL_REPRESENTATION('',(#8189),#8193);
#8189 = LINE('',#8190,#8191);
#8190 = CARTESIAN_POINT('',(0.,0.));
#8191 = VECTOR('',#8192,1.);
#8192 = DIRECTION('',(0.,-1.));
#8193 = ( GEOMETRIC_REPRESENTATION_CONTEXT(2) 
PARAMETRIC_REPRESENTATION_CONTEXT() REPRESENTATION_CONTEXT('2D SPACE',''
  ) );
#8194 = ADVANCED_FACE('',(#8195),#7914,.T.);
#8195 = FACE_BOUND('',#8196,.T.);
#8196 = EDGE_LOOP('',(#8197,#8224,#8225,#8226));
#8197 = ORIENTED_EDGE('',*,*,#8198,.T.);
#8198 = EDGE_CURVE('',#7964,#8138,#8199,.T.);
#8199 = SURFACE_CURVE('',#8200,(#8206,#8215),.PCURVE_S1.);
#8200 = B_SPLINE_CURVE_WITH_KNOTS('',4,(#8201,#8202,#8203,#8204,#8205),
  .UNSPECIFIED.,.F.,.F.,(5,5),(0.,1.),.PIECEWISE_BEZIER_KNOTS.);
#8201 = CARTESIAN_POINT('',(45.34365234375,-77.10263671875,
    1.000001272899E-07));
#8202 = CARTESIAN_POINT('',(45.408014383062,-77.27805482589,
    1.000001272899E-07));
#8203 = CARTESIAN_POINT('',(45.463073734264,-77.45516697722,
    1.000001272899E-07));
#8204 = CARTESIAN_POINT('',(45.508530595598,-77.633760516,
    1.000001272899E-07));
#8205 = CARTESIAN_POINT('',(45.54423828125,-77.81357421875,
    1.000001272899E-07));
#8206 = PCURVE('',#7914,#8207);
#8207 = DEFINITIONAL_REPRESENTATION('',(#8208),#8214);
#8208 = B_SPLINE_CURVE_WITH_KNOTS('',4,(#8209,#8210,#8211,#8212,#8213),
  .UNSPECIFIED.,.F.,.F.,(5,5),(0.,1.),.PIECEWISE_BEZIER_KNOTS.);
#8209 = CARTESIAN_POINT('',(1.,-3.E-02));
#8210 = CARTESIAN_POINT('',(0.751482925129,-3.E-02));
#8211 = CARTESIAN_POINT('',(0.501750667134,-3.E-02));
#8212 = CARTESIAN_POINT('',(0.251130976017,-3.E-02));
#8213 = CARTESIAN_POINT('',(0.,-3.E-02));
#8214 = ( GEOMETRIC_REPRESENTATION_CONTEXT(2) 
PARAMETRIC_REPRESENTATION_CONTEXT() REPRESENTATION_CONTEXT('2D SPACE',''
  ) );
#8215 = PCURVE('',#7981,#8216);
#8216 = DEFINITIONAL_REPRESENTATION('',(#8217),#8223);
#8217 = B_SPLINE_CURVE_WITH_KNOTS('',4,(#8218,#8219,#8220,#8221,#8222),
  .UNSPECIFIED.,.F.,.F.,(5,5),(0.,1.),.PIECEWISE_BEZIER_KNOTS.);
#8218 = CARTESIAN_POINT('',(3.852267210247,0.212952522351));
#8219 = CARTESIAN_POINT('',(3.806978920637,0.394233947884));
#8220 = CARTESIAN_POINT('',(3.753042702864,0.571691353243));
#8221 = CARTESIAN_POINT('',(3.690329977993,0.744980396385));
#8222 = CARTESIAN_POINT('',(3.618866124773,0.91380256375));
#8223 = ( GEOMETRIC_REPRESENTATION_CONTEXT(2) 
PARAMETRIC_REPRESENTATION_CONTEXT() REPRESENTATION_CONTEXT('2D SPACE',''
  ) );
#8224 = ORIENTED_EDGE('',*,*,#8174,.T.);
#8225 = ORIENTED_EDGE('',*,*,#7900,.T.);
#8226 = ORIENTED_EDGE('',*,*,#7993,.F.);
#8227 = ADVANCED_FACE('',(#8228),#7981,.T.);
#8228 = FACE_BOUND('',#8229,.T.);
#8229 = EDGE_LOOP('',(#8230,#8231,#8232,#8233,#8234));
#8230 = ORIENTED_EDGE('',*,*,#8198,.F.);
#8231 = ORIENTED_EDGE('',*,*,#7963,.T.);
#8232 = ORIENTED_EDGE('',*,*,#8039,.T.);
#8233 = ORIENTED_EDGE('',*,*,#8088,.T.);
#8234 = ORIENTED_EDGE('',*,*,#8137,.F.);
#8235 = ( GEOMETRIC_REPRESENTATION_CONTEXT(3) 
GLOBAL_UNCERTAINTY_ASSIGNED_CONTEXT((#8239)) 
GLOBAL_UNIT_ASSIGNED_CONTEXT((#8236,#8237,#8238)) REPRESENTATION_CONTEXT
('Context #1','3D Context with UNIT and UNCERTAINTY') );
#8236 = ( LENGTH_UNIT() NAMED_UNIT(*) SI_UNIT(.MILLI.,.METRE.) );
#8237 = ( NAMED_UNIT(*) PLANE_ANGLE_UNIT() SI_UNIT($,.RADIAN.) );
#8238 = ( NAMED_UNIT(*) SI_UNIT($,.STERADIAN.) SOLID_ANGLE_UNIT() );
#8239 = UNCERTAINTY_MEASURE_WITH_UNIT(LENGTH_MEASURE(1.E-06),#8236,
  'distance_accuracy_value','confusion accuracy');
#8240 = CONTEXT_DEPENDENT_SHAPE_REPRESENTATION(#8241,#8243);
#8241 = ( REPRESENTATION_RELATIONSHIP('','',#1506,#32) 
REPRESENTATION_RELATIONSHIP_WITH_TRANSFORMATION(#8242) 
SHAPE_REPRESENTATION_RELATIONSHIP() );
#8242 = ITEM_DEFINED_TRANSFORMATION('','',#11,#37);
#8243 = PRODUCT_DEFINITION_SHAPE('Placement','Placement of an item',
  #8244);
#8244 = NEXT_ASSEMBLY_USAGE_OCCURRENCE('182','','',#27,#1501,$);
#8245 = PRODUCT_RELATED_PRODUCT_CATEGORY('part',$,(#1503));
#8246 = SHAPE_DEFINITION_REPRESENTATION(#8247,#8253);
#8247 = PRODUCT_DEFINITION_SHAPE('','',#8248);
#8248 = PRODUCT_DEFINITION('design','',#8249,#8252);
#8249 = PRODUCT_DEFINITION_FORMATION('','',#8250);
#8250 = PRODUCT('Open CASCADE STEP translator 7.8 15.1.3',
  'Open CASCADE STEP translator 7.8 15.1.3','',(#8251));
#8251 = PRODUCT_CONTEXT('',#2,'mechanical');
#8252 = PRODUCT_DEFINITION_CONTEXT('part definition',#2,'design');
#8253 = ADVANCED_BREP_SHAPE_REPRESENTATION('',(#11,#8254),#9674);
#8254 = MANIFOLD_SOLID_BREP('',#8255);
#8255 = CLOSED_SHELL('',(#8256,#8348,#8352,#8810,#8916,#8965,#9044,#9077
    ,#9127,#9176,#9255,#9288,#9338,#9387,#9466,#9499,#9549,#9598,#9653,
    #9659));
#8256 = ADVANCED_FACE('',(#8257),#8271,.T.);
#8257 = FACE_BOUND('',#8258,.F.);
#8258 = EDGE_LOOP('',(#8259,#8289,#8316,#8317));
#8259 = ORIENTED_EDGE('',*,*,#8260,.T.);
#8260 = EDGE_CURVE('',#8261,#8263,#8265,.T.);
#8261 = VERTEX_POINT('',#8262);
#8262 = CARTESIAN_POINT('',(69.31,-76.2,1.9500001));
#8263 = VERTEX_POINT('',#8264);
#8264 = CARTESIAN_POINT('',(69.31,-76.2,13.0000001));
#8265 = SEAM_CURVE('',#8266,(#8270,#8282),.PCURVE_S1.);
#8266 = LINE('',#8267,#8268);
#8267 = CARTESIAN_POINT('',(69.31,-76.2,-15.7999999));
#8268 = VECTOR('',#8269,1.);
#8269 = DIRECTION('',(0.,1.224646799147E-16,1.));
#8270 = PCURVE('',#8271,#8276);
#8271 = CYLINDRICAL_SURFACE('',#8272,2.635);
#8272 = AXIS2_PLACEMENT_3D('',#8273,#8274,#8275);
#8273 = CARTESIAN_POINT('',(66.675,-76.2,13.0000001));
#8274 = DIRECTION('',(-0.,1.224646799147E-16,1.));
#8275 = DIRECTION('',(1.,0.,0.));
#8276 = DEFINITIONAL_REPRESENTATION('',(#8277),#8281);
#8277 = LINE('',#8278,#8279);
#8278 = CARTESIAN_POINT('',(-6.28318530718,-28.8));
#8279 = VECTOR('',#8280,1.);
#8280 = DIRECTION('',(0.,1.));
#8281 = ( GEOMETRIC_REPRESENTATION_CONTEXT(2) 
PARAMETRIC_REPRESENTATION_CONTEXT() REPRESENTATION_CONTEXT('2D SPACE',''
  ) );
#8282 = PCURVE('',#8271,#8283);
#8283 = DEFINITIONAL_REPRESENTATION('',(#8284),#8288);
#8284 = LINE('',#8285,#8286);
#8285 = CARTESIAN_POINT('',(-0.,-28.8));
#8286 = VECTOR('',#8287,1.);
#8287 = DIRECTION('',(0.,1.));
#8288 = ( GEOMETRIC_REPRESENTATION_CONTEXT(2) 
PARAMETRIC_REPRESENTATION_CONTEXT() REPRESENTATION_CONTEXT('2D SPACE',''
  ) );
#8289 = ORIENTED_EDGE('',*,*,#8290,.F.);
#8290 = EDGE_CURVE('',#8263,#8263,#8291,.T.);
#8291 = SURFACE_CURVE('',#8292,(#8297,#8304),.PCURVE_S1.);
#8292 = CIRCLE('',#8293,2.635);
#8293 = AXIS2_PLACEMENT_3D('',#8294,#8295,#8296);
#8294 = CARTESIAN_POINT('',(66.675,-76.2,13.0000001));
#8295 = DIRECTION('',(0.,-1.224646799147E-16,-1.));
#8296 = DIRECTION('',(1.,0.,0.));
#8297 = PCURVE('',#8271,#8298);
#8298 = DEFINITIONAL_REPRESENTATION('',(#8299),#8303);
#8299 = LINE('',#8300,#8301);
#8300 = CARTESIAN_POINT('',(-0.,0.));
#8301 = VECTOR('',#8302,1.);
#8302 = DIRECTION('',(-1.,0.));
#8303 = ( GEOMETRIC_REPRESENTATION_CONTEXT(2) 
PARAMETRIC_REPRESENTATION_CONTEXT() REPRESENTATION_CONTEXT('2D SPACE',''
  ) );
#8304 = PCURVE('',#8305,#8310);
#8305 = PLANE('',#8306);
#8306 = AXIS2_PLACEMENT_3D('',#8307,#8308,#8309);
#8307 = CARTESIAN_POINT('',(66.675,-76.2,13.0000001));
#8308 = DIRECTION('',(0.,-1.224646799147E-16,-1.));
#8309 = DIRECTION('',(1.,0.,0.));
#8310 = DEFINITIONAL_REPRESENTATION('',(#8311),#8315);
#8311 = CIRCLE('',#8312,2.635);
#8312 = AXIS2_PLACEMENT_2D('',#8313,#8314);
#8313 = CARTESIAN_POINT('',(0.,0.));
#8314 = DIRECTION('',(1.,0.));
#8315 = ( GEOMETRIC_REPRESENTATION_CONTEXT(2) 
PARAMETRIC_REPRESENTATION_CONTEXT() REPRESENTATION_CONTEXT('2D SPACE',''
  ) );
#8316 = ORIENTED_EDGE('',*,*,#8260,.F.);
#8317 = ORIENTED_EDGE('',*,*,#8318,.F.);
#8318 = EDGE_CURVE('',#8261,#8261,#8319,.T.);
#8319 = SURFACE_CURVE('',#8320,(#8325,#8332),.PCURVE_S1.);
#8320 = CIRCLE('',#8321,2.635);
#8321 = AXIS2_PLACEMENT_3D('',#8322,#8323,#8324);
#8322 = CARTESIAN_POINT('',(66.675,-76.2,1.9500001));
#8323 = DIRECTION('',(-0.,1.224646799147E-16,1.));
#8324 = DIRECTION('',(1.,0.,0.));
#8325 = PCURVE('',#8271,#8326);
#8326 = DEFINITIONAL_REPRESENTATION('',(#8327),#8331);
#8327 = LINE('',#8328,#8329);
#8328 = CARTESIAN_POINT('',(-6.28318530718,-11.05));
#8329 = VECTOR('',#8330,1.);
#8330 = DIRECTION('',(1.,-0.));
#8331 = ( GEOMETRIC_REPRESENTATION_CONTEXT(2) 
PARAMETRIC_REPRESENTATION_CONTEXT() REPRESENTATION_CONTEXT('2D SPACE',''
  ) );
#8332 = PCURVE('',#8333,#8338);
#8333 = PLANE('',#8334);
#8334 = AXIS2_PLACEMENT_3D('',#8335,#8336,#8337);
#8335 = CARTESIAN_POINT('',(62.939641548791,-78.13208195752,1.9500001));
#8336 = DIRECTION('',(-1.176730717883E-16,3.61143768063E-16,-1.));
#8337 = DIRECTION('',(0.827324590189,0.56172415158,1.055093508199E-16));
#8338 = DEFINITIONAL_REPRESENTATION('',(#8339),#8347);
#8339 = ( BOUNDED_CURVE() B_SPLINE_CURVE(2,(#8340,#8341,#8342,#8343,
#8344,#8345,#8346),.UNSPECIFIED.,.T.,.F.) B_SPLINE_CURVE_WITH_KNOTS((1,2
    ,2,2,2,1),(-2.094395102393,0.,2.094395102393,4.188790204786,
6.28318530718,8.377580409573),.UNSPECIFIED.) CURVE() 
GEOMETRIC_REPRESENTATION_ITEM() RATIONAL_B_SPLINE_CURVE((1.,0.5,1.,0.5,
1.,0.5,1.)) REPRESENTATION_ITEM('') );
#8340 = CARTESIAN_POINT('',(6.355651293378,1.979925282544));
#8341 = CARTESIAN_POINT('',(8.919334413314,-1.79594598917));
#8342 = CARTESIAN_POINT('',(4.367492410622,-2.128225062431));
#8343 = CARTESIAN_POINT('',(-0.18434959207,-2.460504135693));
#8344 = CARTESIAN_POINT('',(1.803809290686,1.647646209282));
#8345 = CARTESIAN_POINT('',(3.791968173441,5.755796554258));
#8346 = CARTESIAN_POINT('',(6.355651293378,1.979925282544));
#8347 = ( GEOMETRIC_REPRESENTATION_CONTEXT(2) 
PARAMETRIC_REPRESENTATION_CONTEXT() REPRESENTATION_CONTEXT('2D SPACE',''
  ) );
#8348 = ADVANCED_FACE('',(#8349),#8333,.T.);
#8349 = FACE_BOUND('',#8350,.T.);
#8350 = EDGE_LOOP('',(#8351));
#8351 = ORIENTED_EDGE('',*,*,#8318,.F.);
#8352 = ADVANCED_FACE('',(#8353,#8356),#8305,.F.);
#8353 = FACE_BOUND('',#8354,.F.);
#8354 = EDGE_LOOP('',(#8355));
#8355 = ORIENTED_EDGE('',*,*,#8290,.T.);
#8356 = FACE_BOUND('',#8357,.F.);
#8357 = EDGE_LOOP('',(#8358,#8388,#8416,#8444,#8473,#8501,#8529,#8557,
    #8586,#8614,#8642,#8670,#8699,#8727,#8755,#8783));
#8358 = ORIENTED_EDGE('',*,*,#8359,.F.);
#8359 = EDGE_CURVE('',#8360,#8362,#8364,.T.);
#8360 = VERTEX_POINT('',#8361);
#8361 = CARTESIAN_POINT('',(64.625,-75.615,13.0000001));
#8362 = VERTEX_POINT('',#8363);
#8363 = CARTESIAN_POINT('',(64.71024174515,-75.615,13.0000001));
#8364 = SURFACE_CURVE('',#8365,(#8369,#8376),.PCURVE_S1.);
#8365 = LINE('',#8366,#8367);
#8366 = CARTESIAN_POINT('',(64.625,-75.615,13.0000001));
#8367 = VECTOR('',#8368,1.);
#8368 = DIRECTION('',(1.,0.,0.));
#8369 = PCURVE('',#8305,#8370);
#8370 = DEFINITIONAL_REPRESENTATION('',(#8371),#8375);
#8371 = LINE('',#8372,#8373);
#8372 = CARTESIAN_POINT('',(-2.05,-0.585));
#8373 = VECTOR('',#8374,1.);
#8374 = DIRECTION('',(1.,0.));
#8375 = ( GEOMETRIC_REPRESENTATION_CONTEXT(2) 
PARAMETRIC_REPRESENTATION_CONTEXT() REPRESENTATION_CONTEXT('2D SPACE',''
  ) );
#8376 = PCURVE('',#8377,#8382);
#8377 = PLANE('',#8378);
#8378 = AXIS2_PLACEMENT_3D('',#8379,#8380,#8381);
#8379 = CARTESIAN_POINT('',(64.625,-75.615,13.0000001));
#8380 = DIRECTION('',(0.,-1.,1.224646799147E-16));
#8381 = DIRECTION('',(1.,0.,0.));
#8382 = DEFINITIONAL_REPRESENTATION('',(#8383),#8387);
#8383 = LINE('',#8384,#8385);
#8384 = CARTESIAN_POINT('',(0.,0.));
#8385 = VECTOR('',#8386,1.);
#8386 = DIRECTION('',(1.,0.));
#8387 = ( GEOMETRIC_REPRESENTATION_CONTEXT(2) 
PARAMETRIC_REPRESENTATION_CONTEXT() REPRESENTATION_CONTEXT('2D SPACE',''
  ) );
#8388 = ORIENTED_EDGE('',*,*,#8389,.F.);
#8389 = EDGE_CURVE('',#8390,#8360,#8392,.T.);
#8390 = VERTEX_POINT('',#8391);
#8391 = CARTESIAN_POINT('',(64.625,-76.785,13.0000001));
#8392 = SURFACE_CURVE('',#8393,(#8397,#8404),.PCURVE_S1.);
#8393 = LINE('',#8394,#8395);
#8394 = CARTESIAN_POINT('',(64.625,-76.785,13.0000001));
#8395 = VECTOR('',#8396,1.);
#8396 = DIRECTION('',(0.,1.,-1.224646799147E-16));
#8397 = PCURVE('',#8305,#8398);
#8398 = DEFINITIONAL_REPRESENTATION('',(#8399),#8403);
#8399 = LINE('',#8400,#8401);
#8400 = CARTESIAN_POINT('',(-2.05,0.585));
#8401 = VECTOR('',#8402,1.);
#8402 = DIRECTION('',(0.,-1.));
#8403 = ( GEOMETRIC_REPRESENTATION_CONTEXT(2) 
PARAMETRIC_REPRESENTATION_CONTEXT() REPRESENTATION_CONTEXT('2D SPACE',''
  ) );
#8404 = PCURVE('',#8405,#8410);
#8405 = PLANE('',#8406);
#8406 = AXIS2_PLACEMENT_3D('',#8407,#8408,#8409);
#8407 = CARTESIAN_POINT('',(64.625,-76.785,13.0000001));
#8408 = DIRECTION('',(1.,0.,0.));
#8409 = DIRECTION('',(0.,1.,-1.224646799147E-16));
#8410 = DEFINITIONAL_REPRESENTATION('',(#8411),#8415);
#8411 = LINE('',#8412,#8413);
#8412 = CARTESIAN_POINT('',(0.,0.));
#8413 = VECTOR('',#8414,1.);
#8414 = DIRECTION('',(1.,0.));
#8415 = ( GEOMETRIC_REPRESENTATION_CONTEXT(2) 
PARAMETRIC_REPRESENTATION_CONTEXT() REPRESENTATION_CONTEXT('2D SPACE',''
  ) );
#8416 = ORIENTED_EDGE('',*,*,#8417,.F.);
#8417 = EDGE_CURVE('',#8418,#8390,#8420,.T.);
#8418 = VERTEX_POINT('',#8419);
#8419 = CARTESIAN_POINT('',(64.71024174515,-76.785,13.0000001));
#8420 = SURFACE_CURVE('',#8421,(#8425,#8432),.PCURVE_S1.);
#8421 = LINE('',#8422,#8423);
#8422 = CARTESIAN_POINT('',(68.725,-76.785,13.0000001));
#8423 = VECTOR('',#8424,1.);
#8424 = DIRECTION('',(-1.,-0.,0.));
#8425 = PCURVE('',#8305,#8426);
#8426 = DEFINITIONAL_REPRESENTATION('',(#8427),#8431);
#8427 = LINE('',#8428,#8429);
#8428 = CARTESIAN_POINT('',(2.05,0.585));
#8429 = VECTOR('',#8430,1.);
#8430 = DIRECTION('',(-1.,0.));
#8431 = ( GEOMETRIC_REPRESENTATION_CONTEXT(2) 
PARAMETRIC_REPRESENTATION_CONTEXT() REPRESENTATION_CONTEXT('2D SPACE',''
  ) );
#8432 = PCURVE('',#8433,#8438);
#8433 = PLANE('',#8434);
#8434 = AXIS2_PLACEMENT_3D('',#8435,#8436,#8437);
#8435 = CARTESIAN_POINT('',(68.725,-76.785,13.0000001));
#8436 = DIRECTION('',(0.,1.,-1.224646799147E-16));
#8437 = DIRECTION('',(-1.,-0.,0.));
#8438 = DEFINITIONAL_REPRESENTATION('',(#8439),#8443);
#8439 = LINE('',#8440,#8441);
#8440 = CARTESIAN_POINT('',(0.,0.));
#8441 = VECTOR('',#8442,1.);
#8442 = DIRECTION('',(1.,0.));
#8443 = ( GEOMETRIC_REPRESENTATION_CONTEXT(2) 
PARAMETRIC_REPRESENTATION_CONTEXT() REPRESENTATION_CONTEXT('2D SPACE',''
  ) );
#8444 = ORIENTED_EDGE('',*,*,#8445,.F.);
#8445 = EDGE_CURVE('',#8446,#8418,#8448,.T.);
#8446 = VERTEX_POINT('',#8447);
#8447 = CARTESIAN_POINT('',(66.09,-78.16475825485,13.0000001));
#8448 = SURFACE_CURVE('',#8449,(#8454,#8461),.PCURVE_S1.);
#8449 = CIRCLE('',#8450,2.05);
#8450 = AXIS2_PLACEMENT_3D('',#8451,#8452,#8453);
#8451 = CARTESIAN_POINT('',(66.675,-76.2,13.0000001));
#8452 = DIRECTION('',(0.,-1.224646799147E-16,-1.));
#8453 = DIRECTION('',(1.,0.,0.));
#8454 = PCURVE('',#8305,#8455);
#8455 = DEFINITIONAL_REPRESENTATION('',(#8456),#8460);
#8456 = CIRCLE('',#8457,2.05);
#8457 = AXIS2_PLACEMENT_2D('',#8458,#8459);
#8458 = CARTESIAN_POINT('',(0.,0.));
#8459 = DIRECTION('',(1.,0.));
#8460 = ( GEOMETRIC_REPRESENTATION_CONTEXT(2) 
PARAMETRIC_REPRESENTATION_CONTEXT() REPRESENTATION_CONTEXT('2D SPACE',''
  ) );
#8461 = PCURVE('',#8462,#8467);
#8462 = CONICAL_SURFACE('',#8463,2.05,1.241895741027);
#8463 = AXIS2_PLACEMENT_3D('',#8464,#8465,#8466);
#8464 = CARTESIAN_POINT('',(66.675,-76.2,13.0000001));
#8465 = DIRECTION('',(-0.,1.224646799147E-16,1.));
#8466 = DIRECTION('',(1.,0.,0.));
#8467 = DEFINITIONAL_REPRESENTATION('',(#8468),#8472);
#8468 = LINE('',#8469,#8470);
#8469 = CARTESIAN_POINT('',(-0.,-0.));
#8470 = VECTOR('',#8471,1.);
#8471 = DIRECTION('',(-1.,-0.));
#8472 = ( GEOMETRIC_REPRESENTATION_CONTEXT(2) 
PARAMETRIC_REPRESENTATION_CONTEXT() REPRESENTATION_CONTEXT('2D SPACE',''
  ) );
#8473 = ORIENTED_EDGE('',*,*,#8474,.F.);
#8474 = EDGE_CURVE('',#8475,#8446,#8477,.T.);
#8475 = VERTEX_POINT('',#8476);
#8476 = CARTESIAN_POINT('',(66.09,-78.25,13.0000001));
#8477 = SURFACE_CURVE('',#8478,(#8482,#8489),.PCURVE_S1.);
#8478 = LINE('',#8479,#8480);
#8479 = CARTESIAN_POINT('',(66.09,-78.25,13.0000001));
#8480 = VECTOR('',#8481,1.);
#8481 = DIRECTION('',(0.,1.,-1.224646799147E-16));
#8482 = PCURVE('',#8305,#8483);
#8483 = DEFINITIONAL_REPRESENTATION('',(#8484),#8488);
#8484 = LINE('',#8485,#8486);
#8485 = CARTESIAN_POINT('',(-0.585,2.05));
#8486 = VECTOR('',#8487,1.);
#8487 = DIRECTION('',(0.,-1.));
#8488 = ( GEOMETRIC_REPRESENTATION_CONTEXT(2) 
PARAMETRIC_REPRESENTATION_CONTEXT() REPRESENTATION_CONTEXT('2D SPACE',''
  ) );
#8489 = PCURVE('',#8490,#8495);
#8490 = PLANE('',#8491);
#8491 = AXIS2_PLACEMENT_3D('',#8492,#8493,#8494);
#8492 = CARTESIAN_POINT('',(66.09,-78.25,13.0000001));
#8493 = DIRECTION('',(1.,0.,0.));
#8494 = DIRECTION('',(0.,1.,-1.224646799147E-16));
#8495 = DEFINITIONAL_REPRESENTATION('',(#8496),#8500);
#8496 = LINE('',#8497,#8498);
#8497 = CARTESIAN_POINT('',(0.,0.));
#8498 = VECTOR('',#8499,1.);
#8499 = DIRECTION('',(1.,0.));
#8500 = ( GEOMETRIC_REPRESENTATION_CONTEXT(2) 
PARAMETRIC_REPRESENTATION_CONTEXT() REPRESENTATION_CONTEXT('2D SPACE',''
  ) );
#8501 = ORIENTED_EDGE('',*,*,#8502,.F.);
#8502 = EDGE_CURVE('',#8503,#8475,#8505,.T.);
#8503 = VERTEX_POINT('',#8504);
#8504 = CARTESIAN_POINT('',(67.26,-78.25,13.0000001));
#8505 = SURFACE_CURVE('',#8506,(#8510,#8517),.PCURVE_S1.);
#8506 = LINE('',#8507,#8508);
#8507 = CARTESIAN_POINT('',(67.26,-78.25,13.0000001));
#8508 = VECTOR('',#8509,1.);
#8509 = DIRECTION('',(-1.,-0.,0.));
#8510 = PCURVE('',#8305,#8511);
#8511 = DEFINITIONAL_REPRESENTATION('',(#8512),#8516);
#8512 = LINE('',#8513,#8514);
#8513 = CARTESIAN_POINT('',(0.585,2.05));
#8514 = VECTOR('',#8515,1.);
#8515 = DIRECTION('',(-1.,0.));
#8516 = ( GEOMETRIC_REPRESENTATION_CONTEXT(2) 
PARAMETRIC_REPRESENTATION_CONTEXT() REPRESENTATION_CONTEXT('2D SPACE',''
  ) );
#8517 = PCURVE('',#8518,#8523);
#8518 = PLANE('',#8519);
#8519 = AXIS2_PLACEMENT_3D('',#8520,#8521,#8522);
#8520 = CARTESIAN_POINT('',(67.26,-78.25,13.0000001));
#8521 = DIRECTION('',(0.,1.,-1.224646799147E-16));
#8522 = DIRECTION('',(-1.,-0.,0.));
#8523 = DEFINITIONAL_REPRESENTATION('',(#8524),#8528);
#8524 = LINE('',#8525,#8526);
#8525 = CARTESIAN_POINT('',(0.,0.));
#8526 = VECTOR('',#8527,1.);
#8527 = DIRECTION('',(1.,0.));
#8528 = ( GEOMETRIC_REPRESENTATION_CONTEXT(2) 
PARAMETRIC_REPRESENTATION_CONTEXT() REPRESENTATION_CONTEXT('2D SPACE',''
  ) );
#8529 = ORIENTED_EDGE('',*,*,#8530,.F.);
#8530 = EDGE_CURVE('',#8531,#8503,#8533,.T.);
#8531 = VERTEX_POINT('',#8532);
#8532 = CARTESIAN_POINT('',(67.26,-78.16475825485,13.0000001));
#8533 = SURFACE_CURVE('',#8534,(#8538,#8545),.PCURVE_S1.);
#8534 = LINE('',#8535,#8536);
#8535 = CARTESIAN_POINT('',(67.26,-74.15,13.0000001));
#8536 = VECTOR('',#8537,1.);
#8537 = DIRECTION('',(0.,-1.,1.224646799147E-16));
#8538 = PCURVE('',#8305,#8539);
#8539 = DEFINITIONAL_REPRESENTATION('',(#8540),#8544);
#8540 = LINE('',#8541,#8542);
#8541 = CARTESIAN_POINT('',(0.585,-2.05));
#8542 = VECTOR('',#8543,1.);
#8543 = DIRECTION('',(0.,1.));
#8544 = ( GEOMETRIC_REPRESENTATION_CONTEXT(2) 
PARAMETRIC_REPRESENTATION_CONTEXT() REPRESENTATION_CONTEXT('2D SPACE',''
  ) );
#8545 = PCURVE('',#8546,#8551);
#8546 = PLANE('',#8547);
#8547 = AXIS2_PLACEMENT_3D('',#8548,#8549,#8550);
#8548 = CARTESIAN_POINT('',(67.26,-74.15,13.0000001));
#8549 = DIRECTION('',(-1.,-0.,0.));
#8550 = DIRECTION('',(0.,-1.,1.224646799147E-16));
#8551 = DEFINITIONAL_REPRESENTATION('',(#8552),#8556);
#8552 = LINE('',#8553,#8554);
#8553 = CARTESIAN_POINT('',(0.,0.));
#8554 = VECTOR('',#8555,1.);
#8555 = DIRECTION('',(1.,0.));
#8556 = ( GEOMETRIC_REPRESENTATION_CONTEXT(2) 
PARAMETRIC_REPRESENTATION_CONTEXT() REPRESENTATION_CONTEXT('2D SPACE',''
  ) );
#8557 = ORIENTED_EDGE('',*,*,#8558,.F.);
#8558 = EDGE_CURVE('',#8559,#8531,#8561,.T.);
#8559 = VERTEX_POINT('',#8560);
#8560 = CARTESIAN_POINT('',(68.63975825485,-76.785,13.0000001));
#8561 = SURFACE_CURVE('',#8562,(#8567,#8574),.PCURVE_S1.);
#8562 = CIRCLE('',#8563,2.05);
#8563 = AXIS2_PLACEMENT_3D('',#8564,#8565,#8566);
#8564 = CARTESIAN_POINT('',(66.675,-76.2,13.0000001));
#8565 = DIRECTION('',(0.,-1.224646799147E-16,-1.));
#8566 = DIRECTION('',(1.,0.,0.));
#8567 = PCURVE('',#8305,#8568);
#8568 = DEFINITIONAL_REPRESENTATION('',(#8569),#8573);
#8569 = CIRCLE('',#8570,2.05);
#8570 = AXIS2_PLACEMENT_2D('',#8571,#8572);
#8571 = CARTESIAN_POINT('',(0.,0.));
#8572 = DIRECTION('',(1.,0.));
#8573 = ( GEOMETRIC_REPRESENTATION_CONTEXT(2) 
PARAMETRIC_REPRESENTATION_CONTEXT() REPRESENTATION_CONTEXT('2D SPACE',''
  ) );
#8574 = PCURVE('',#8575,#8580);
#8575 = CONICAL_SURFACE('',#8576,2.05,1.241895741027);
#8576 = AXIS2_PLACEMENT_3D('',#8577,#8578,#8579);
#8577 = CARTESIAN_POINT('',(66.675,-76.2,13.0000001));
#8578 = DIRECTION('',(-0.,1.224646799147E-16,1.));
#8579 = DIRECTION('',(1.,0.,0.));
#8580 = DEFINITIONAL_REPRESENTATION('',(#8581),#8585);
#8581 = LINE('',#8582,#8583);
#8582 = CARTESIAN_POINT('',(-0.,-0.));
#8583 = VECTOR('',#8584,1.);
#8584 = DIRECTION('',(-1.,-0.));
#8585 = ( GEOMETRIC_REPRESENTATION_CONTEXT(2) 
PARAMETRIC_REPRESENTATION_CONTEXT() REPRESENTATION_CONTEXT('2D SPACE',''
  ) );
#8586 = ORIENTED_EDGE('',*,*,#8587,.F.);
#8587 = EDGE_CURVE('',#8588,#8559,#8590,.T.);
#8588 = VERTEX_POINT('',#8589);
#8589 = CARTESIAN_POINT('',(68.725,-76.785,13.0000001));
#8590 = SURFACE_CURVE('',#8591,(#8595,#8602),.PCURVE_S1.);
#8591 = LINE('',#8592,#8593);
#8592 = CARTESIAN_POINT('',(68.725,-76.785,13.0000001));
#8593 = VECTOR('',#8594,1.);
#8594 = DIRECTION('',(-1.,-0.,0.));
#8595 = PCURVE('',#8305,#8596);
#8596 = DEFINITIONAL_REPRESENTATION('',(#8597),#8601);
#8597 = LINE('',#8598,#8599);
#8598 = CARTESIAN_POINT('',(2.05,0.585));
#8599 = VECTOR('',#8600,1.);
#8600 = DIRECTION('',(-1.,0.));
#8601 = ( GEOMETRIC_REPRESENTATION_CONTEXT(2) 
PARAMETRIC_REPRESENTATION_CONTEXT() REPRESENTATION_CONTEXT('2D SPACE',''
  ) );
#8602 = PCURVE('',#8603,#8608);
#8603 = PLANE('',#8604);
#8604 = AXIS2_PLACEMENT_3D('',#8605,#8606,#8607);
#8605 = CARTESIAN_POINT('',(68.725,-76.785,13.0000001));
#8606 = DIRECTION('',(0.,1.,-1.224646799147E-16));
#8607 = DIRECTION('',(-1.,-0.,0.));
#8608 = DEFINITIONAL_REPRESENTATION('',(#8609),#8613);
#8609 = LINE('',#8610,#8611);
#8610 = CARTESIAN_POINT('',(0.,0.));
#8611 = VECTOR('',#8612,1.);
#8612 = DIRECTION('',(1.,0.));
#8613 = ( GEOMETRIC_REPRESENTATION_CONTEXT(2) 
PARAMETRIC_REPRESENTATION_CONTEXT() REPRESENTATION_CONTEXT('2D SPACE',''
  ) );
#8614 = ORIENTED_EDGE('',*,*,#8615,.F.);
#8615 = EDGE_CURVE('',#8616,#8588,#8618,.T.);
#8616 = VERTEX_POINT('',#8617);
#8617 = CARTESIAN_POINT('',(68.725,-75.615,13.0000001));
#8618 = SURFACE_CURVE('',#8619,(#8623,#8630),.PCURVE_S1.);
#8619 = LINE('',#8620,#8621);
#8620 = CARTESIAN_POINT('',(68.725,-75.615,13.0000001));
#8621 = VECTOR('',#8622,1.);
#8622 = DIRECTION('',(0.,-1.,1.224646799147E-16));
#8623 = PCURVE('',#8305,#8624);
#8624 = DEFINITIONAL_REPRESENTATION('',(#8625),#8629);
#8625 = LINE('',#8626,#8627);
#8626 = CARTESIAN_POINT('',(2.05,-0.585));
#8627 = VECTOR('',#8628,1.);
#8628 = DIRECTION('',(0.,1.));
#8629 = ( GEOMETRIC_REPRESENTATION_CONTEXT(2) 
PARAMETRIC_REPRESENTATION_CONTEXT() REPRESENTATION_CONTEXT('2D SPACE',''
  ) );
#8630 = PCURVE('',#8631,#8636);
#8631 = PLANE('',#8632);
#8632 = AXIS2_PLACEMENT_3D('',#8633,#8634,#8635);
#8633 = CARTESIAN_POINT('',(68.725,-75.615,13.0000001));
#8634 = DIRECTION('',(-1.,-0.,0.));
#8635 = DIRECTION('',(0.,-1.,1.224646799147E-16));
#8636 = DEFINITIONAL_REPRESENTATION('',(#8637),#8641);
#8637 = LINE('',#8638,#8639);
#8638 = CARTESIAN_POINT('',(0.,0.));
#8639 = VECTOR('',#8640,1.);
#8640 = DIRECTION('',(1.,0.));
#8641 = ( GEOMETRIC_REPRESENTATION_CONTEXT(2) 
PARAMETRIC_REPRESENTATION_CONTEXT() REPRESENTATION_CONTEXT('2D SPACE',''
  ) );
#8642 = ORIENTED_EDGE('',*,*,#8643,.F.);
#8643 = EDGE_CURVE('',#8644,#8616,#8646,.T.);
#8644 = VERTEX_POINT('',#8645);
#8645 = CARTESIAN_POINT('',(68.63975825485,-75.615,13.0000001));
#8646 = SURFACE_CURVE('',#8647,(#8651,#8658),.PCURVE_S1.);
#8647 = LINE('',#8648,#8649);
#8648 = CARTESIAN_POINT('',(64.625,-75.615,13.0000001));
#8649 = VECTOR('',#8650,1.);
#8650 = DIRECTION('',(1.,0.,0.));
#8651 = PCURVE('',#8305,#8652);
#8652 = DEFINITIONAL_REPRESENTATION('',(#8653),#8657);
#8653 = LINE('',#8654,#8655);
#8654 = CARTESIAN_POINT('',(-2.05,-0.585));
#8655 = VECTOR('',#8656,1.);
#8656 = DIRECTION('',(1.,0.));
#8657 = ( GEOMETRIC_REPRESENTATION_CONTEXT(2) 
PARAMETRIC_REPRESENTATION_CONTEXT() REPRESENTATION_CONTEXT('2D SPACE',''
  ) );
#8658 = PCURVE('',#8659,#8664);
#8659 = PLANE('',#8660);
#8660 = AXIS2_PLACEMENT_3D('',#8661,#8662,#8663);
#8661 = CARTESIAN_POINT('',(64.625,-75.615,13.0000001));
#8662 = DIRECTION('',(0.,-1.,1.224646799147E-16));
#8663 = DIRECTION('',(1.,0.,0.));
#8664 = DEFINITIONAL_REPRESENTATION('',(#8665),#8669);
#8665 = LINE('',#8666,#8667);
#8666 = CARTESIAN_POINT('',(0.,0.));
#8667 = VECTOR('',#8668,1.);
#8668 = DIRECTION('',(1.,0.));
#8669 = ( GEOMETRIC_REPRESENTATION_CONTEXT(2) 
PARAMETRIC_REPRESENTATION_CONTEXT() REPRESENTATION_CONTEXT('2D SPACE',''
  ) );
#8670 = ORIENTED_EDGE('',*,*,#8671,.F.);
#8671 = EDGE_CURVE('',#8672,#8644,#8674,.T.);
#8672 = VERTEX_POINT('',#8673);
#8673 = CARTESIAN_POINT('',(67.26,-74.23524174515,13.0000001));
#8674 = SURFACE_CURVE('',#8675,(#8680,#8687),.PCURVE_S1.);
#8675 = CIRCLE('',#8676,2.05);
#8676 = AXIS2_PLACEMENT_3D('',#8677,#8678,#8679);
#8677 = CARTESIAN_POINT('',(66.675,-76.2,13.0000001));
#8678 = DIRECTION('',(0.,-1.224646799147E-16,-1.));
#8679 = DIRECTION('',(1.,0.,0.));
#8680 = PCURVE('',#8305,#8681);
#8681 = DEFINITIONAL_REPRESENTATION('',(#8682),#8686);
#8682 = CIRCLE('',#8683,2.05);
#8683 = AXIS2_PLACEMENT_2D('',#8684,#8685);
#8684 = CARTESIAN_POINT('',(0.,0.));
#8685 = DIRECTION('',(1.,0.));
#8686 = ( GEOMETRIC_REPRESENTATION_CONTEXT(2) 
PARAMETRIC_REPRESENTATION_CONTEXT() REPRESENTATION_CONTEXT('2D SPACE',''
  ) );
#8687 = PCURVE('',#8688,#8693);
#8688 = CONICAL_SURFACE('',#8689,2.05,1.241895741027);
#8689 = AXIS2_PLACEMENT_3D('',#8690,#8691,#8692);
#8690 = CARTESIAN_POINT('',(66.675,-76.2,13.0000001));
#8691 = DIRECTION('',(-0.,1.224646799147E-16,1.));
#8692 = DIRECTION('',(1.,0.,0.));
#8693 = DEFINITIONAL_REPRESENTATION('',(#8694),#8698);
#8694 = LINE('',#8695,#8696);
#8695 = CARTESIAN_POINT('',(-0.,-0.));
#8696 = VECTOR('',#8697,1.);
#8697 = DIRECTION('',(-1.,-0.));
#8698 = ( GEOMETRIC_REPRESENTATION_CONTEXT(2) 
PARAMETRIC_REPRESENTATION_CONTEXT() REPRESENTATION_CONTEXT('2D SPACE',''
  ) );
#8699 = ORIENTED_EDGE('',*,*,#8700,.F.);
#8700 = EDGE_CURVE('',#8701,#8672,#8703,.T.);
#8701 = VERTEX_POINT('',#8702);
#8702 = CARTESIAN_POINT('',(67.26,-74.15,13.0000001));
#8703 = SURFACE_CURVE('',#8704,(#8708,#8715),.PCURVE_S1.);
#8704 = LINE('',#8705,#8706);
#8705 = CARTESIAN_POINT('',(67.26,-74.15,13.0000001));
#8706 = VECTOR('',#8707,1.);
#8707 = DIRECTION('',(0.,-1.,1.224646799147E-16));
#8708 = PCURVE('',#8305,#8709);
#8709 = DEFINITIONAL_REPRESENTATION('',(#8710),#8714);
#8710 = LINE('',#8711,#8712);
#8711 = CARTESIAN_POINT('',(0.585,-2.05));
#8712 = VECTOR('',#8713,1.);
#8713 = DIRECTION('',(0.,1.));
#8714 = ( GEOMETRIC_REPRESENTATION_CONTEXT(2) 
PARAMETRIC_REPRESENTATION_CONTEXT() REPRESENTATION_CONTEXT('2D SPACE',''
  ) );
#8715 = PCURVE('',#8716,#8721);
#8716 = PLANE('',#8717);
#8717 = AXIS2_PLACEMENT_3D('',#8718,#8719,#8720);
#8718 = CARTESIAN_POINT('',(67.26,-74.15,13.0000001));
#8719 = DIRECTION('',(-1.,-0.,0.));
#8720 = DIRECTION('',(0.,-1.,1.224646799147E-16));
#8721 = DEFINITIONAL_REPRESENTATION('',(#8722),#8726);
#8722 = LINE('',#8723,#8724);
#8723 = CARTESIAN_POINT('',(0.,0.));
#8724 = VECTOR('',#8725,1.);
#8725 = DIRECTION('',(1.,0.));
#8726 = ( GEOMETRIC_REPRESENTATION_CONTEXT(2) 
PARAMETRIC_REPRESENTATION_CONTEXT() REPRESENTATION_CONTEXT('2D SPACE',''
  ) );
#8727 = ORIENTED_EDGE('',*,*,#8728,.F.);
#8728 = EDGE_CURVE('',#8729,#8701,#8731,.T.);
#8729 = VERTEX_POINT('',#8730);
#8730 = CARTESIAN_POINT('',(66.09,-74.15,13.0000001));
#8731 = SURFACE_CURVE('',#8732,(#8736,#8743),.PCURVE_S1.);
#8732 = LINE('',#8733,#8734);
#8733 = CARTESIAN_POINT('',(66.09,-74.15,13.0000001));
#8734 = VECTOR('',#8735,1.);
#8735 = DIRECTION('',(1.,0.,0.));
#8736 = PCURVE('',#8305,#8737);
#8737 = DEFINITIONAL_REPRESENTATION('',(#8738),#8742);
#8738 = LINE('',#8739,#8740);
#8739 = CARTESIAN_POINT('',(-0.585,-2.05));
#8740 = VECTOR('',#8741,1.);
#8741 = DIRECTION('',(1.,0.));
#8742 = ( GEOMETRIC_REPRESENTATION_CONTEXT(2) 
PARAMETRIC_REPRESENTATION_CONTEXT() REPRESENTATION_CONTEXT('2D SPACE',''
  ) );
#8743 = PCURVE('',#8744,#8749);
#8744 = PLANE('',#8745);
#8745 = AXIS2_PLACEMENT_3D('',#8746,#8747,#8748);
#8746 = CARTESIAN_POINT('',(66.09,-74.15,13.0000001));
#8747 = DIRECTION('',(0.,-1.,1.224646799147E-16));
#8748 = DIRECTION('',(1.,0.,0.));
#8749 = DEFINITIONAL_REPRESENTATION('',(#8750),#8754);
#8750 = LINE('',#8751,#8752);
#8751 = CARTESIAN_POINT('',(0.,0.));
#8752 = VECTOR('',#8753,1.);
#8753 = DIRECTION('',(1.,0.));
#8754 = ( GEOMETRIC_REPRESENTATION_CONTEXT(2) 
PARAMETRIC_REPRESENTATION_CONTEXT() REPRESENTATION_CONTEXT('2D SPACE',''
  ) );
#8755 = ORIENTED_EDGE('',*,*,#8756,.F.);
#8756 = EDGE_CURVE('',#8757,#8729,#8759,.T.);
#8757 = VERTEX_POINT('',#8758);
#8758 = CARTESIAN_POINT('',(66.09,-74.23524174515,13.0000001));
#8759 = SURFACE_CURVE('',#8760,(#8764,#8771),.PCURVE_S1.);
#8760 = LINE('',#8761,#8762);
#8761 = CARTESIAN_POINT('',(66.09,-78.25,13.0000001));
#8762 = VECTOR('',#8763,1.);
#8763 = DIRECTION('',(0.,1.,-1.224646799147E-16));
#8764 = PCURVE('',#8305,#8765);
#8765 = DEFINITIONAL_REPRESENTATION('',(#8766),#8770);
#8766 = LINE('',#8767,#8768);
#8767 = CARTESIAN_POINT('',(-0.585,2.05));
#8768 = VECTOR('',#8769,1.);
#8769 = DIRECTION('',(0.,-1.));
#8770 = ( GEOMETRIC_REPRESENTATION_CONTEXT(2) 
PARAMETRIC_REPRESENTATION_CONTEXT() REPRESENTATION_CONTEXT('2D SPACE',''
  ) );
#8771 = PCURVE('',#8772,#8777);
#8772 = PLANE('',#8773);
#8773 = AXIS2_PLACEMENT_3D('',#8774,#8775,#8776);
#8774 = CARTESIAN_POINT('',(66.09,-78.25,13.0000001));
#8775 = DIRECTION('',(1.,0.,0.));
#8776 = DIRECTION('',(0.,1.,-1.224646799147E-16));
#8777 = DEFINITIONAL_REPRESENTATION('',(#8778),#8782);
#8778 = LINE('',#8779,#8780);
#8779 = CARTESIAN_POINT('',(0.,0.));
#8780 = VECTOR('',#8781,1.);
#8781 = DIRECTION('',(1.,0.));
#8782 = ( GEOMETRIC_REPRESENTATION_CONTEXT(2) 
PARAMETRIC_REPRESENTATION_CONTEXT() REPRESENTATION_CONTEXT('2D SPACE',''
  ) );
#8783 = ORIENTED_EDGE('',*,*,#8784,.F.);
#8784 = EDGE_CURVE('',#8362,#8757,#8785,.T.);
#8785 = SURFACE_CURVE('',#8786,(#8791,#8798),.PCURVE_S1.);
#8786 = CIRCLE('',#8787,2.05);
#8787 = AXIS2_PLACEMENT_3D('',#8788,#8789,#8790);
#8788 = CARTESIAN_POINT('',(66.675,-76.2,13.0000001));
#8789 = DIRECTION('',(0.,-1.224646799147E-16,-1.));
#8790 = DIRECTION('',(1.,0.,0.));
#8791 = PCURVE('',#8305,#8792);
#8792 = DEFINITIONAL_REPRESENTATION('',(#8793),#8797);
#8793 = CIRCLE('',#8794,2.05);
#8794 = AXIS2_PLACEMENT_2D('',#8795,#8796);
#8795 = CARTESIAN_POINT('',(0.,0.));
#8796 = DIRECTION('',(1.,0.));
#8797 = ( GEOMETRIC_REPRESENTATION_CONTEXT(2) 
PARAMETRIC_REPRESENTATION_CONTEXT() REPRESENTATION_CONTEXT('2D SPACE',''
  ) );
#8798 = PCURVE('',#8799,#8804);
#8799 = CONICAL_SURFACE('',#8800,2.05,1.241895741027);
#8800 = AXIS2_PLACEMENT_3D('',#8801,#8802,#8803);
#8801 = CARTESIAN_POINT('',(66.675,-76.2,13.0000001));
#8802 = DIRECTION('',(-0.,1.224646799147E-16,1.));
#8803 = DIRECTION('',(1.,0.,0.));
#8804 = DEFINITIONAL_REPRESENTATION('',(#8805),#8809);
#8805 = LINE('',#8806,#8807);
#8806 = CARTESIAN_POINT('',(-0.,-0.));
#8807 = VECTOR('',#8808,1.);
#8808 = DIRECTION('',(-1.,-0.));
#8809 = ( GEOMETRIC_REPRESENTATION_CONTEXT(2) 
PARAMETRIC_REPRESENTATION_CONTEXT() REPRESENTATION_CONTEXT('2D SPACE',''
  ) );
#8810 = ADVANCED_FACE('',(#8811),#8377,.T.);
#8811 = FACE_BOUND('',#8812,.T.);
#8812 = EDGE_LOOP('',(#8813,#8814,#8837,#8865,#8888));
#8813 = ORIENTED_EDGE('',*,*,#8359,.F.);
#8814 = ORIENTED_EDGE('',*,*,#8815,.T.);
#8815 = EDGE_CURVE('',#8360,#8816,#8818,.T.);
#8816 = VERTEX_POINT('',#8817);
#8817 = CARTESIAN_POINT('',(64.625,-75.615,9.0000001));
#8818 = SURFACE_CURVE('',#8819,(#8823,#8830),.PCURVE_S1.);
#8819 = LINE('',#8820,#8821);
#8820 = CARTESIAN_POINT('',(64.625,-75.615,13.0000001));
#8821 = VECTOR('',#8822,1.);
#8822 = DIRECTION('',(0.,-1.224646799147E-16,-1.));
#8823 = PCURVE('',#8377,#8824);
#8824 = DEFINITIONAL_REPRESENTATION('',(#8825),#8829);
#8825 = LINE('',#8826,#8827);
#8826 = CARTESIAN_POINT('',(0.,0.));
#8827 = VECTOR('',#8828,1.);
#8828 = DIRECTION('',(0.,-1.));
#8829 = ( GEOMETRIC_REPRESENTATION_CONTEXT(2) 
PARAMETRIC_REPRESENTATION_CONTEXT() REPRESENTATION_CONTEXT('2D SPACE',''
  ) );
#8830 = PCURVE('',#8405,#8831);
#8831 = DEFINITIONAL_REPRESENTATION('',(#8832),#8836);
#8832 = LINE('',#8833,#8834);
#8833 = CARTESIAN_POINT('',(1.17,1.432836755002E-16));
#8834 = VECTOR('',#8835,1.);
#8835 = DIRECTION('',(0.,-1.));
#8836 = ( GEOMETRIC_REPRESENTATION_CONTEXT(2) 
PARAMETRIC_REPRESENTATION_CONTEXT() REPRESENTATION_CONTEXT('2D SPACE',''
  ) );
#8837 = ORIENTED_EDGE('',*,*,#8838,.T.);
#8838 = EDGE_CURVE('',#8816,#8839,#8841,.T.);
#8839 = VERTEX_POINT('',#8840);
#8840 = CARTESIAN_POINT('',(66.09,-75.615,9.0000001));
#8841 = SURFACE_CURVE('',#8842,(#8846,#8853),.PCURVE_S1.);
#8842 = LINE('',#8843,#8844);
#8843 = CARTESIAN_POINT('',(64.625,-75.615,9.0000001));
#8844 = VECTOR('',#8845,1.);
#8845 = DIRECTION('',(1.,0.,0.));
#8846 = PCURVE('',#8377,#8847);
#8847 = DEFINITIONAL_REPRESENTATION('',(#8848),#8852);
#8848 = LINE('',#8849,#8850);
#8849 = CARTESIAN_POINT('',(0.,-4.));
#8850 = VECTOR('',#8851,1.);
#8851 = DIRECTION('',(1.,0.));
#8852 = ( GEOMETRIC_REPRESENTATION_CONTEXT(2) 
PARAMETRIC_REPRESENTATION_CONTEXT() REPRESENTATION_CONTEXT('2D SPACE',''
  ) );
#8853 = PCURVE('',#8854,#8859);
#8854 = PLANE('',#8855);
#8855 = AXIS2_PLACEMENT_3D('',#8856,#8857,#8858);
#8856 = CARTESIAN_POINT('',(66.675,-76.2,9.0000001));
#8857 = DIRECTION('',(0.,-1.224646799147E-16,-1.));
#8858 = DIRECTION('',(1.,0.,0.));
#8859 = DEFINITIONAL_REPRESENTATION('',(#8860),#8864);
#8860 = LINE('',#8861,#8862);
#8861 = CARTESIAN_POINT('',(-2.05,-0.585));
#8862 = VECTOR('',#8863,1.);
#8863 = DIRECTION('',(1.,0.));
#8864 = ( GEOMETRIC_REPRESENTATION_CONTEXT(2) 
PARAMETRIC_REPRESENTATION_CONTEXT() REPRESENTATION_CONTEXT('2D SPACE',''
  ) );
#8865 = ORIENTED_EDGE('',*,*,#8866,.T.);
#8866 = EDGE_CURVE('',#8839,#8867,#8869,.T.);
#8867 = VERTEX_POINT('',#8868);
#8868 = CARTESIAN_POINT('',(66.09,-75.615,12.582701442658));
#8869 = SURFACE_CURVE('',#8870,(#8874,#8881),.PCURVE_S1.);
#8870 = LINE('',#8871,#8872);
#8871 = CARTESIAN_POINT('',(66.09,-75.615,13.0000001));
#8872 = VECTOR('',#8873,1.);
#8873 = DIRECTION('',(0.,1.224646799147E-16,1.));
#8874 = PCURVE('',#8377,#8875);
#8875 = DEFINITIONAL_REPRESENTATION('',(#8876),#8880);
#8876 = LINE('',#8877,#8878);
#8877 = CARTESIAN_POINT('',(1.465,0.));
#8878 = VECTOR('',#8879,1.);
#8879 = DIRECTION('',(0.,1.));
#8880 = ( GEOMETRIC_REPRESENTATION_CONTEXT(2) 
PARAMETRIC_REPRESENTATION_CONTEXT() REPRESENTATION_CONTEXT('2D SPACE',''
  ) );
#8881 = PCURVE('',#8772,#8882);
#8882 = DEFINITIONAL_REPRESENTATION('',(#8883),#8887);
#8883 = LINE('',#8884,#8885);
#8884 = CARTESIAN_POINT('',(2.635,3.226944315753E-16));
#8885 = VECTOR('',#8886,1.);
#8886 = DIRECTION('',(0.,1.));
#8887 = ( GEOMETRIC_REPRESENTATION_CONTEXT(2) 
PARAMETRIC_REPRESENTATION_CONTEXT() REPRESENTATION_CONTEXT('2D SPACE',''
  ) );
#8888 = ORIENTED_EDGE('',*,*,#8889,.T.);
#8889 = EDGE_CURVE('',#8867,#8362,#8890,.T.);
#8890 = SURFACE_CURVE('',#8891,(#8896,#8903),.PCURVE_S1.);
#8891 = HYPERBOLA('',#8892,0.199658703072,0.585);
#8892 = AXIS2_PLACEMENT_3D('',#8893,#8894,#8895);
#8893 = CARTESIAN_POINT('',(66.675,-75.615,12.300341396928));
#8894 = DIRECTION('',(0.,-1.,1.224646799147E-16));
#8895 = DIRECTION('',(0.,1.224646799147E-16,1.));
#8896 = PCURVE('',#8377,#8897);
#8897 = DEFINITIONAL_REPRESENTATION('',(#8898),#8902);
#8898 = HYPERBOLA('',#8899,0.199658703072,0.585);
#8899 = AXIS2_PLACEMENT_2D('',#8900,#8901);
#8900 = CARTESIAN_POINT('',(2.05,-0.699658703072));
#8901 = DIRECTION('',(0.,1.));
#8902 = ( GEOMETRIC_REPRESENTATION_CONTEXT(2) 
PARAMETRIC_REPRESENTATION_CONTEXT() REPRESENTATION_CONTEXT('2D SPACE',''
  ) );
#8903 = PCURVE('',#8799,#8904);
#8904 = DEFINITIONAL_REPRESENTATION('',(#8905),#8915);
#8905 = B_SPLINE_CURVE_WITH_KNOTS('',8,(#8906,#8907,#8908,#8909,#8910,
    #8911,#8912,#8913,#8914),.UNSPECIFIED.,.F.,.F.,(9,9),(0.692805265153
    ,1.926120566838),.PIECEWISE_BEZIER_KNOTS.);
#8906 = CARTESIAN_POINT('',(-4.069161431973,-0.450136509435));
#8907 = CARTESIAN_POINT('',(-3.945804602454,-0.427064463369));
#8908 = CARTESIAN_POINT('',(-3.835482500879,-0.397214916989));
#8909 = CARTESIAN_POINT('',(-3.739456602018,-0.359752317492));
#8910 = CARTESIAN_POINT('',(-3.657066525207,-0.313497365848));
#8911 = CARTESIAN_POINT('',(-3.58657610593,-0.256863919678));
#8912 = CARTESIAN_POINT('',(-3.526396871821,-0.187750753971));
#8913 = CARTESIAN_POINT('',(-3.47497404567,-0.103377406989));
#8914 = CARTESIAN_POINT('',(-3.430980786433,-1.357532561488E-16));
#8915 = ( GEOMETRIC_REPRESENTATION_CONTEXT(2) 
PARAMETRIC_REPRESENTATION_CONTEXT() REPRESENTATION_CONTEXT('2D SPACE',''
  ) );
#8916 = ADVANCED_FACE('',(#8917),#8405,.T.);
#8917 = FACE_BOUND('',#8918,.T.);
#8918 = EDGE_LOOP('',(#8919,#8942,#8963,#8964));
#8919 = ORIENTED_EDGE('',*,*,#8920,.T.);
#8920 = EDGE_CURVE('',#8390,#8921,#8923,.T.);
#8921 = VERTEX_POINT('',#8922);
#8922 = CARTESIAN_POINT('',(64.625,-76.785,9.0000001));
#8923 = SURFACE_CURVE('',#8924,(#8928,#8935),.PCURVE_S1.);
#8924 = LINE('',#8925,#8926);
#8925 = CARTESIAN_POINT('',(64.625,-76.785,13.0000001));
#8926 = VECTOR('',#8927,1.);
#8927 = DIRECTION('',(0.,-1.224646799147E-16,-1.));
#8928 = PCURVE('',#8405,#8929);
#8929 = DEFINITIONAL_REPRESENTATION('',(#8930),#8934);
#8930 = LINE('',#8931,#8932);
#8931 = CARTESIAN_POINT('',(0.,0.));
#8932 = VECTOR('',#8933,1.);
#8933 = DIRECTION('',(0.,-1.));
#8934 = ( GEOMETRIC_REPRESENTATION_CONTEXT(2) 
PARAMETRIC_REPRESENTATION_CONTEXT() REPRESENTATION_CONTEXT('2D SPACE',''
  ) );
#8935 = PCURVE('',#8433,#8936);
#8936 = DEFINITIONAL_REPRESENTATION('',(#8937),#8941);
#8937 = LINE('',#8938,#8939);
#8938 = CARTESIAN_POINT('',(4.1,0.));
#8939 = VECTOR('',#8940,1.);
#8940 = DIRECTION('',(0.,-1.));
#8941 = ( GEOMETRIC_REPRESENTATION_CONTEXT(2) 
PARAMETRIC_REPRESENTATION_CONTEXT() REPRESENTATION_CONTEXT('2D SPACE',''
  ) );
#8942 = ORIENTED_EDGE('',*,*,#8943,.T.);
#8943 = EDGE_CURVE('',#8921,#8816,#8944,.T.);
#8944 = SURFACE_CURVE('',#8945,(#8949,#8956),.PCURVE_S1.);
#8945 = LINE('',#8946,#8947);
#8946 = CARTESIAN_POINT('',(64.625,-76.785,9.0000001));
#8947 = VECTOR('',#8948,1.);
#8948 = DIRECTION('',(0.,1.,-1.224646799147E-16));
#8949 = PCURVE('',#8405,#8950);
#8950 = DEFINITIONAL_REPRESENTATION('',(#8951),#8955);
#8951 = LINE('',#8952,#8953);
#8952 = CARTESIAN_POINT('',(4.898587196589E-16,-4.));
#8953 = VECTOR('',#8954,1.);
#8954 = DIRECTION('',(1.,0.));
#8955 = ( GEOMETRIC_REPRESENTATION_CONTEXT(2) 
PARAMETRIC_REPRESENTATION_CONTEXT() REPRESENTATION_CONTEXT('2D SPACE',''
  ) );
#8956 = PCURVE('',#8854,#8957);
#8957 = DEFINITIONAL_REPRESENTATION('',(#8958),#8962);
#8958 = LINE('',#8959,#8960);
#8959 = CARTESIAN_POINT('',(-2.05,0.585));
#8960 = VECTOR('',#8961,1.);
#8961 = DIRECTION('',(0.,-1.));
#8962 = ( GEOMETRIC_REPRESENTATION_CONTEXT(2) 
PARAMETRIC_REPRESENTATION_CONTEXT() REPRESENTATION_CONTEXT('2D SPACE',''
  ) );
#8963 = ORIENTED_EDGE('',*,*,#8815,.F.);
#8964 = ORIENTED_EDGE('',*,*,#8389,.F.);
#8965 = ADVANCED_FACE('',(#8966),#8433,.T.);
#8966 = FACE_BOUND('',#8967,.T.);
#8967 = EDGE_LOOP('',(#8968,#8969,#8999,#9022,#9043));
#8968 = ORIENTED_EDGE('',*,*,#8417,.F.);
#8969 = ORIENTED_EDGE('',*,*,#8970,.T.);
#8970 = EDGE_CURVE('',#8418,#8971,#8973,.T.);
#8971 = VERTEX_POINT('',#8972);
#8972 = CARTESIAN_POINT('',(66.09,-76.785,12.582701442658));
#8973 = SURFACE_CURVE('',#8974,(#8979,#8986),.PCURVE_S1.);
#8974 = HYPERBOLA('',#8975,0.199658703072,0.585);
#8975 = AXIS2_PLACEMENT_3D('',#8976,#8977,#8978);
#8976 = CARTESIAN_POINT('',(66.675,-76.785,12.300341396928));
#8977 = DIRECTION('',(0.,1.,-1.224646799147E-16));
#8978 = DIRECTION('',(-0.,1.224646799147E-16,1.));
#8979 = PCURVE('',#8433,#8980);
#8980 = DEFINITIONAL_REPRESENTATION('',(#8981),#8985);
#8981 = HYPERBOLA('',#8982,0.199658703072,0.585);
#8982 = AXIS2_PLACEMENT_2D('',#8983,#8984);
#8983 = CARTESIAN_POINT('',(2.05,-0.699658703072));
#8984 = DIRECTION('',(0.,1.));
#8985 = ( GEOMETRIC_REPRESENTATION_CONTEXT(2) 
PARAMETRIC_REPRESENTATION_CONTEXT() REPRESENTATION_CONTEXT('2D SPACE',''
  ) );
#8986 = PCURVE('',#8462,#8987);
#8987 = DEFINITIONAL_REPRESENTATION('',(#8988),#8998);
#8988 = B_SPLINE_CURVE_WITH_KNOTS('',8,(#8989,#8990,#8991,#8992,#8993,
    #8994,#8995,#8996,#8997),.UNSPECIFIED.,.F.,.F.,(9,9),(
    -1.926120566838,-0.692805265153),.PIECEWISE_BEZIER_KNOTS.);
#8989 = CARTESIAN_POINT('',(-2.852204520746,-1.357532561488E-16));
#8990 = CARTESIAN_POINT('',(-2.808211261509,-0.103377406989));
#8991 = CARTESIAN_POINT('',(-2.756788435351,-0.187750753972));
#8992 = CARTESIAN_POINT('',(-2.69660920126,-0.256863919677));
#8993 = CARTESIAN_POINT('',(-2.626118781935,-0.31349736585));
#8994 = CARTESIAN_POINT('',(-2.543728705168,-0.359752317492));
#8995 = CARTESIAN_POINT('',(-2.447702806295,-0.397214916989));
#8996 = CARTESIAN_POINT('',(-2.337380704725,-0.427064463369));
#8997 = CARTESIAN_POINT('',(-2.214023875207,-0.450136509435));
#8998 = ( GEOMETRIC_REPRESENTATION_CONTEXT(2) 
PARAMETRIC_REPRESENTATION_CONTEXT() REPRESENTATION_CONTEXT('2D SPACE',''
  ) );
#8999 = ORIENTED_EDGE('',*,*,#9000,.T.);
#9000 = EDGE_CURVE('',#8971,#9001,#9003,.T.);
#9001 = VERTEX_POINT('',#9002);
#9002 = CARTESIAN_POINT('',(66.09,-76.785,9.0000001));
#9003 = SURFACE_CURVE('',#9004,(#9008,#9015),.PCURVE_S1.);
#9004 = LINE('',#9005,#9006);
#9005 = CARTESIAN_POINT('',(66.09,-76.785,13.0000001));
#9006 = VECTOR('',#9007,1.);
#9007 = DIRECTION('',(0.,-1.224646799147E-16,-1.));
#9008 = PCURVE('',#8433,#9009);
#9009 = DEFINITIONAL_REPRESENTATION('',(#9010),#9014);
#9010 = LINE('',#9011,#9012);
#9011 = CARTESIAN_POINT('',(2.635,0.));
#9012 = VECTOR('',#9013,1.);
#9013 = DIRECTION('',(0.,-1.));
#9014 = ( GEOMETRIC_REPRESENTATION_CONTEXT(2) 
PARAMETRIC_REPRESENTATION_CONTEXT() REPRESENTATION_CONTEXT('2D SPACE',''
  ) );
#9015 = PCURVE('',#8490,#9016);
#9016 = DEFINITIONAL_REPRESENTATION('',(#9017),#9021);
#9017 = LINE('',#9018,#9019);
#9018 = CARTESIAN_POINT('',(1.465,1.794107560751E-16));
#9019 = VECTOR('',#9020,1.);
#9020 = DIRECTION('',(0.,-1.));
#9021 = ( GEOMETRIC_REPRESENTATION_CONTEXT(2) 
PARAMETRIC_REPRESENTATION_CONTEXT() REPRESENTATION_CONTEXT('2D SPACE',''
  ) );
#9022 = ORIENTED_EDGE('',*,*,#9023,.T.);
#9023 = EDGE_CURVE('',#9001,#8921,#9024,.T.);
#9024 = SURFACE_CURVE('',#9025,(#9029,#9036),.PCURVE_S1.);
#9025 = LINE('',#9026,#9027);
#9026 = CARTESIAN_POINT('',(68.725,-76.785,9.0000001));
#9027 = VECTOR('',#9028,1.);
#9028 = DIRECTION('',(-1.,-0.,0.));
#9029 = PCURVE('',#8433,#9030);
#9030 = DEFINITIONAL_REPRESENTATION('',(#9031),#9035);
#9031 = LINE('',#9032,#9033);
#9032 = CARTESIAN_POINT('',(-0.,-4.));
#9033 = VECTOR('',#9034,1.);
#9034 = DIRECTION('',(1.,0.));
#9035 = ( GEOMETRIC_REPRESENTATION_CONTEXT(2) 
PARAMETRIC_REPRESENTATION_CONTEXT() REPRESENTATION_CONTEXT('2D SPACE',''
  ) );
#9036 = PCURVE('',#8854,#9037);
#9037 = DEFINITIONAL_REPRESENTATION('',(#9038),#9042);
#9038 = LINE('',#9039,#9040);
#9039 = CARTESIAN_POINT('',(2.05,0.585));
#9040 = VECTOR('',#9041,1.);
#9041 = DIRECTION('',(-1.,0.));
#9042 = ( GEOMETRIC_REPRESENTATION_CONTEXT(2) 
PARAMETRIC_REPRESENTATION_CONTEXT() REPRESENTATION_CONTEXT('2D SPACE',''
  ) );
#9043 = ORIENTED_EDGE('',*,*,#8920,.F.);
#9044 = ADVANCED_FACE('',(#9045),#8462,.F.);
#9045 = FACE_BOUND('',#9046,.F.);
#9046 = EDGE_LOOP('',(#9047,#9075,#9076));
#9047 = ORIENTED_EDGE('',*,*,#9048,.T.);
#9048 = EDGE_CURVE('',#8971,#8446,#9049,.T.);
#9049 = SURFACE_CURVE('',#9050,(#9055,#9068),.PCURVE_S1.);
#9050 = HYPERBOLA('',#9051,0.199658703072,0.585);
#9051 = AXIS2_PLACEMENT_3D('',#9052,#9053,#9054);
#9052 = CARTESIAN_POINT('',(66.09,-76.2,12.300341396928));
#9053 = DIRECTION('',(1.,0.,-0.));
#9054 = DIRECTION('',(0.,1.224646799147E-16,1.));
#9055 = PCURVE('',#8462,#9056);
#9056 = DEFINITIONAL_REPRESENTATION('',(#9057),#9067);
#9057 = B_SPLINE_CURVE_WITH_KNOTS('',8,(#9058,#9059,#9060,#9061,#9062,
    #9063,#9064,#9065,#9066),.UNSPECIFIED.,.F.,.F.,(9,9),(0.692805265153
    ,1.926120566838),.PIECEWISE_BEZIER_KNOTS.);
#9058 = CARTESIAN_POINT('',(-2.498365105178,-0.450136509435));
#9059 = CARTESIAN_POINT('',(-2.375008275659,-0.427064463369));
#9060 = CARTESIAN_POINT('',(-2.264686174086,-0.397214916989));
#9061 = CARTESIAN_POINT('',(-2.168660275214,-0.359752317492));
#9062 = CARTESIAN_POINT('',(-2.086270198428,-0.313497365848));
#9063 = CARTESIAN_POINT('',(-2.015779779136,-0.256863919678));
#9064 = CARTESIAN_POINT('',(-1.955600545028,-0.187750753971));
#9065 = CARTESIAN_POINT('',(-1.904177718875,-0.103377406989));
#9066 = CARTESIAN_POINT('',(-1.860184459638,-1.357532561488E-16));
#9067 = ( GEOMETRIC_REPRESENTATION_CONTEXT(2) 
PARAMETRIC_REPRESENTATION_CONTEXT() REPRESENTATION_CONTEXT('2D SPACE',''
  ) );
#9068 = PCURVE('',#8490,#9069);
#9069 = DEFINITIONAL_REPRESENTATION('',(#9070),#9074);
#9070 = HYPERBOLA('',#9071,0.199658703072,0.585);
#9071 = AXIS2_PLACEMENT_2D('',#9072,#9073);
#9072 = CARTESIAN_POINT('',(2.05,-0.699658703072));
#9073 = DIRECTION('',(0.,1.));
#9074 = ( GEOMETRIC_REPRESENTATION_CONTEXT(2) 
PARAMETRIC_REPRESENTATION_CONTEXT() REPRESENTATION_CONTEXT('2D SPACE',''
  ) );
#9075 = ORIENTED_EDGE('',*,*,#8445,.T.);
#9076 = ORIENTED_EDGE('',*,*,#8970,.T.);
#9077 = ADVANCED_FACE('',(#9078),#8490,.T.);
#9078 = FACE_BOUND('',#9079,.T.);
#9079 = EDGE_LOOP('',(#9080,#9081,#9104,#9125,#9126));
#9080 = ORIENTED_EDGE('',*,*,#8474,.F.);
#9081 = ORIENTED_EDGE('',*,*,#9082,.T.);
#9082 = EDGE_CURVE('',#8475,#9083,#9085,.T.);
#9083 = VERTEX_POINT('',#9084);
#9084 = CARTESIAN_POINT('',(66.09,-78.25,9.0000001));
#9085 = SURFACE_CURVE('',#9086,(#9090,#9097),.PCURVE_S1.);
#9086 = LINE('',#9087,#9088);
#9087 = CARTESIAN_POINT('',(66.09,-78.25,13.0000001));
#9088 = VECTOR('',#9089,1.);
#9089 = DIRECTION('',(0.,-1.224646799147E-16,-1.));
#9090 = PCURVE('',#8490,#9091);
#9091 = DEFINITIONAL_REPRESENTATION('',(#9092),#9096);
#9092 = LINE('',#9093,#9094);
#9093 = CARTESIAN_POINT('',(0.,0.));
#9094 = VECTOR('',#9095,1.);
#9095 = DIRECTION('',(0.,-1.));
#9096 = ( GEOMETRIC_REPRESENTATION_CONTEXT(2) 
PARAMETRIC_REPRESENTATION_CONTEXT() REPRESENTATION_CONTEXT('2D SPACE',''
  ) );
#9097 = PCURVE('',#8518,#9098);
#9098 = DEFINITIONAL_REPRESENTATION('',(#9099),#9103);
#9099 = LINE('',#9100,#9101);
#9100 = CARTESIAN_POINT('',(1.17,0.));
#9101 = VECTOR('',#9102,1.);
#9102 = DIRECTION('',(0.,-1.));
#9103 = ( GEOMETRIC_REPRESENTATION_CONTEXT(2) 
PARAMETRIC_REPRESENTATION_CONTEXT() REPRESENTATION_CONTEXT('2D SPACE',''
  ) );
#9104 = ORIENTED_EDGE('',*,*,#9105,.T.);
#9105 = EDGE_CURVE('',#9083,#9001,#9106,.T.);
#9106 = SURFACE_CURVE('',#9107,(#9111,#9118),.PCURVE_S1.);
#9107 = LINE('',#9108,#9109);
#9108 = CARTESIAN_POINT('',(66.09,-78.25,9.0000001));
#9109 = VECTOR('',#9110,1.);
#9110 = DIRECTION('',(0.,1.,-1.224646799147E-16));
#9111 = PCURVE('',#8490,#9112);
#9112 = DEFINITIONAL_REPRESENTATION('',(#9113),#9117);
#9113 = LINE('',#9114,#9115);
#9114 = CARTESIAN_POINT('',(4.898587196589E-16,-4.));
#9115 = VECTOR('',#9116,1.);
#9116 = DIRECTION('',(1.,0.));
#9117 = ( GEOMETRIC_REPRESENTATION_CONTEXT(2) 
PARAMETRIC_REPRESENTATION_CONTEXT() REPRESENTATION_CONTEXT('2D SPACE',''
  ) );
#9118 = PCURVE('',#8854,#9119);
#9119 = DEFINITIONAL_REPRESENTATION('',(#9120),#9124);
#9120 = LINE('',#9121,#9122);
#9121 = CARTESIAN_POINT('',(-0.585,2.05));
#9122 = VECTOR('',#9123,1.);
#9123 = DIRECTION('',(0.,-1.));
#9124 = ( GEOMETRIC_REPRESENTATION_CONTEXT(2) 
PARAMETRIC_REPRESENTATION_CONTEXT() REPRESENTATION_CONTEXT('2D SPACE',''
  ) );
#9125 = ORIENTED_EDGE('',*,*,#9000,.F.);
#9126 = ORIENTED_EDGE('',*,*,#9048,.T.);
#9127 = ADVANCED_FACE('',(#9128),#8518,.T.);
#9128 = FACE_BOUND('',#9129,.T.);
#9129 = EDGE_LOOP('',(#9130,#9153,#9174,#9175));
#9130 = ORIENTED_EDGE('',*,*,#9131,.T.);
#9131 = EDGE_CURVE('',#8503,#9132,#9134,.T.);
#9132 = VERTEX_POINT('',#9133);
#9133 = CARTESIAN_POINT('',(67.26,-78.25,9.0000001));
#9134 = SURFACE_CURVE('',#9135,(#9139,#9146),.PCURVE_S1.);
#9135 = LINE('',#9136,#9137);
#9136 = CARTESIAN_POINT('',(67.26,-78.25,13.0000001));
#9137 = VECTOR('',#9138,1.);
#9138 = DIRECTION('',(0.,-1.224646799147E-16,-1.));
#9139 = PCURVE('',#8518,#9140);
#9140 = DEFINITIONAL_REPRESENTATION('',(#9141),#9145);
#9141 = LINE('',#9142,#9143);
#9142 = CARTESIAN_POINT('',(0.,0.));
#9143 = VECTOR('',#9144,1.);
#9144 = DIRECTION('',(0.,-1.));
#9145 = ( GEOMETRIC_REPRESENTATION_CONTEXT(2) 
PARAMETRIC_REPRESENTATION_CONTEXT() REPRESENTATION_CONTEXT('2D SPACE',''
  ) );
#9146 = PCURVE('',#8546,#9147);
#9147 = DEFINITIONAL_REPRESENTATION('',(#9148),#9152);
#9148 = LINE('',#9149,#9150);
#9149 = CARTESIAN_POINT('',(4.1,-5.021051876504E-16));
#9150 = VECTOR('',#9151,1.);
#9151 = DIRECTION('',(0.,-1.));
#9152 = ( GEOMETRIC_REPRESENTATION_CONTEXT(2) 
PARAMETRIC_REPRESENTATION_CONTEXT() REPRESENTATION_CONTEXT('2D SPACE',''
  ) );
#9153 = ORIENTED_EDGE('',*,*,#9154,.T.);
#9154 = EDGE_CURVE('',#9132,#9083,#9155,.T.);
#9155 = SURFACE_CURVE('',#9156,(#9160,#9167),.PCURVE_S1.);
#9156 = LINE('',#9157,#9158);
#9157 = CARTESIAN_POINT('',(67.26,-78.25,9.0000001));
#9158 = VECTOR('',#9159,1.);
#9159 = DIRECTION('',(-1.,-0.,0.));
#9160 = PCURVE('',#8518,#9161);
#9161 = DEFINITIONAL_REPRESENTATION('',(#9162),#9166);
#9162 = LINE('',#9163,#9164);
#9163 = CARTESIAN_POINT('',(-0.,-4.));
#9164 = VECTOR('',#9165,1.);
#9165 = DIRECTION('',(1.,0.));
#9166 = ( GEOMETRIC_REPRESENTATION_CONTEXT(2) 
PARAMETRIC_REPRESENTATION_CONTEXT() REPRESENTATION_CONTEXT('2D SPACE',''
  ) );
#9167 = PCURVE('',#8854,#9168);
#9168 = DEFINITIONAL_REPRESENTATION('',(#9169),#9173);
#9169 = LINE('',#9170,#9171);
#9170 = CARTESIAN_POINT('',(0.585,2.05));
#9171 = VECTOR('',#9172,1.);
#9172 = DIRECTION('',(-1.,0.));
#9173 = ( GEOMETRIC_REPRESENTATION_CONTEXT(2) 
PARAMETRIC_REPRESENTATION_CONTEXT() REPRESENTATION_CONTEXT('2D SPACE',''
  ) );
#9174 = ORIENTED_EDGE('',*,*,#9082,.F.);
#9175 = ORIENTED_EDGE('',*,*,#8502,.F.);
#9176 = ADVANCED_FACE('',(#9177),#8546,.T.);
#9177 = FACE_BOUND('',#9178,.T.);
#9178 = EDGE_LOOP('',(#9179,#9180,#9210,#9233,#9254));
#9179 = ORIENTED_EDGE('',*,*,#8530,.F.);
#9180 = ORIENTED_EDGE('',*,*,#9181,.T.);
#9181 = EDGE_CURVE('',#8531,#9182,#9184,.T.);
#9182 = VERTEX_POINT('',#9183);
#9183 = CARTESIAN_POINT('',(67.26,-76.785,12.582701442658));
#9184 = SURFACE_CURVE('',#9185,(#9190,#9197),.PCURVE_S1.);
#9185 = HYPERBOLA('',#9186,0.199658703072,0.585);
#9186 = AXIS2_PLACEMENT_3D('',#9187,#9188,#9189);
#9187 = CARTESIAN_POINT('',(67.26,-76.2,12.300341396928));
#9188 = DIRECTION('',(-1.,0.,0.));
#9189 = DIRECTION('',(0.,1.224646799147E-16,1.));
#9190 = PCURVE('',#8546,#9191);
#9191 = DEFINITIONAL_REPRESENTATION('',(#9192),#9196);
#9192 = HYPERBOLA('',#9193,0.199658703072,0.585);
#9193 = AXIS2_PLACEMENT_2D('',#9194,#9195);
#9194 = CARTESIAN_POINT('',(2.05,-0.699658703072));
#9195 = DIRECTION('',(0.,1.));
#9196 = ( GEOMETRIC_REPRESENTATION_CONTEXT(2) 
PARAMETRIC_REPRESENTATION_CONTEXT() REPRESENTATION_CONTEXT('2D SPACE',''
  ) );
#9197 = PCURVE('',#8575,#9198);
#9198 = DEFINITIONAL_REPRESENTATION('',(#9199),#9209);
#9199 = B_SPLINE_CURVE_WITH_KNOTS('',8,(#9200,#9201,#9202,#9203,#9204,
    #9205,#9206,#9207,#9208),.UNSPECIFIED.,.F.,.F.,(9,9),(
    -1.926120566838,-0.692805265153),.PIECEWISE_BEZIER_KNOTS.);
#9200 = CARTESIAN_POINT('',(-1.281408193951,-1.357532561488E-16));
#9201 = CARTESIAN_POINT('',(-1.237414934714,-0.103377406989));
#9202 = CARTESIAN_POINT('',(-1.185992108561,-0.187750753972));
#9203 = CARTESIAN_POINT('',(-1.125812874457,-0.256863919677));
#9204 = CARTESIAN_POINT('',(-1.055322455155,-0.31349736585));
#9205 = CARTESIAN_POINT('',(-0.972932378374,-0.359752317492));
#9206 = CARTESIAN_POINT('',(-0.876906479502,-0.397214916989));
#9207 = CARTESIAN_POINT('',(-0.76658437793,-0.427064463369));
#9208 = CARTESIAN_POINT('',(-0.643227548412,-0.450136509435));
#9209 = ( GEOMETRIC_REPRESENTATION_CONTEXT(2) 
PARAMETRIC_REPRESENTATION_CONTEXT() REPRESENTATION_CONTEXT('2D SPACE',''
  ) );
#9210 = ORIENTED_EDGE('',*,*,#9211,.F.);
#9211 = EDGE_CURVE('',#9212,#9182,#9214,.T.);
#9212 = VERTEX_POINT('',#9213);
#9213 = CARTESIAN_POINT('',(67.26,-76.785,9.0000001));
#9214 = SURFACE_CURVE('',#9215,(#9219,#9226),.PCURVE_S1.);
#9215 = LINE('',#9216,#9217);
#9216 = CARTESIAN_POINT('',(67.26,-76.785,13.0000001));
#9217 = VECTOR('',#9218,1.);
#9218 = DIRECTION('',(-0.,1.224646799147E-16,1.));
#9219 = PCURVE('',#8546,#9220);
#9220 = DEFINITIONAL_REPRESENTATION('',(#9221),#9225);
#9221 = LINE('',#9222,#9223);
#9222 = CARTESIAN_POINT('',(2.635,-3.226944315753E-16));
#9223 = VECTOR('',#9224,1.);
#9224 = DIRECTION('',(0.,1.));
#9225 = ( GEOMETRIC_REPRESENTATION_CONTEXT(2) 
PARAMETRIC_REPRESENTATION_CONTEXT() REPRESENTATION_CONTEXT('2D SPACE',''
  ) );
#9226 = PCURVE('',#8603,#9227);
#9227 = DEFINITIONAL_REPRESENTATION('',(#9228),#9232);
#9228 = LINE('',#9229,#9230);
#9229 = CARTESIAN_POINT('',(1.465,0.));
#9230 = VECTOR('',#9231,1.);
#9231 = DIRECTION('',(0.,1.));
#9232 = ( GEOMETRIC_REPRESENTATION_CONTEXT(2) 
PARAMETRIC_REPRESENTATION_CONTEXT() REPRESENTATION_CONTEXT('2D SPACE',''
  ) );
#9233 = ORIENTED_EDGE('',*,*,#9234,.T.);
#9234 = EDGE_CURVE('',#9212,#9132,#9235,.T.);
#9235 = SURFACE_CURVE('',#9236,(#9240,#9247),.PCURVE_S1.);
#9236 = LINE('',#9237,#9238);
#9237 = CARTESIAN_POINT('',(67.26,-74.15,9.0000001));
#9238 = VECTOR('',#9239,1.);
#9239 = DIRECTION('',(0.,-1.,1.224646799147E-16));
#9240 = PCURVE('',#8546,#9241);
#9241 = DEFINITIONAL_REPRESENTATION('',(#9242),#9246);
#9242 = LINE('',#9243,#9244);
#9243 = CARTESIAN_POINT('',(-4.898587196589E-16,-4.));
#9244 = VECTOR('',#9245,1.);
#9245 = DIRECTION('',(1.,0.));
#9246 = ( GEOMETRIC_REPRESENTATION_CONTEXT(2) 
PARAMETRIC_REPRESENTATION_CONTEXT() REPRESENTATION_CONTEXT('2D SPACE',''
  ) );
#9247 = PCURVE('',#8854,#9248);
#9248 = DEFINITIONAL_REPRESENTATION('',(#9249),#9253);
#9249 = LINE('',#9250,#9251);
#9250 = CARTESIAN_POINT('',(0.585,-2.05));
#9251 = VECTOR('',#9252,1.);
#9252 = DIRECTION('',(0.,1.));
#9253 = ( GEOMETRIC_REPRESENTATION_CONTEXT(2) 
PARAMETRIC_REPRESENTATION_CONTEXT() REPRESENTATION_CONTEXT('2D SPACE',''
  ) );
#9254 = ORIENTED_EDGE('',*,*,#9131,.F.);
#9255 = ADVANCED_FACE('',(#9256),#8575,.F.);
#9256 = FACE_BOUND('',#9257,.F.);
#9257 = EDGE_LOOP('',(#9258,#9286,#9287));
#9258 = ORIENTED_EDGE('',*,*,#9259,.T.);
#9259 = EDGE_CURVE('',#9182,#8559,#9260,.T.);
#9260 = SURFACE_CURVE('',#9261,(#9266,#9279),.PCURVE_S1.);
#9261 = HYPERBOLA('',#9262,0.199658703072,0.585);
#9262 = AXIS2_PLACEMENT_3D('',#9263,#9264,#9265);
#9263 = CARTESIAN_POINT('',(66.675,-76.785,12.300341396928));
#9264 = DIRECTION('',(0.,1.,-1.224646799147E-16));
#9265 = DIRECTION('',(-0.,1.224646799147E-16,1.));
#9266 = PCURVE('',#8575,#9267);
#9267 = DEFINITIONAL_REPRESENTATION('',(#9268),#9278);
#9268 = B_SPLINE_CURVE_WITH_KNOTS('',8,(#9269,#9270,#9271,#9272,#9273,
    #9274,#9275,#9276,#9277),.UNSPECIFIED.,.F.,.F.,(9,9),(0.692805265153
    ,1.926120566838),.PIECEWISE_BEZIER_KNOTS.);
#9269 = CARTESIAN_POINT('',(-0.927568778383,-0.450136509435));
#9270 = CARTESIAN_POINT('',(-0.804211948864,-0.427064463369));
#9271 = CARTESIAN_POINT('',(-0.693889847292,-0.397214916989));
#9272 = CARTESIAN_POINT('',(-0.597863948423,-0.359752317492));
#9273 = CARTESIAN_POINT('',(-0.515473871637,-0.313497365849));
#9274 = CARTESIAN_POINT('',(-0.44498345234,-0.256863919677));
#9275 = CARTESIAN_POINT('',(-0.384804218233,-0.187750753971));
#9276 = CARTESIAN_POINT('',(-0.333381392081,-0.103377406989));
#9277 = CARTESIAN_POINT('',(-0.289388132844,-1.357532561488E-16));
#9278 = ( GEOMETRIC_REPRESENTATION_CONTEXT(2) 
PARAMETRIC_REPRESENTATION_CONTEXT() REPRESENTATION_CONTEXT('2D SPACE',''
  ) );
#9279 = PCURVE('',#8603,#9280);
#9280 = DEFINITIONAL_REPRESENTATION('',(#9281),#9285);
#9281 = HYPERBOLA('',#9282,0.199658703072,0.585);
#9282 = AXIS2_PLACEMENT_2D('',#9283,#9284);
#9283 = CARTESIAN_POINT('',(2.05,-0.699658703072));
#9284 = DIRECTION('',(0.,1.));
#9285 = ( GEOMETRIC_REPRESENTATION_CONTEXT(2) 
PARAMETRIC_REPRESENTATION_CONTEXT() REPRESENTATION_CONTEXT('2D SPACE',''
  ) );
#9286 = ORIENTED_EDGE('',*,*,#8558,.T.);
#9287 = ORIENTED_EDGE('',*,*,#9181,.T.);
#9288 = ADVANCED_FACE('',(#9289),#8603,.T.);
#9289 = FACE_BOUND('',#9290,.T.);
#9290 = EDGE_LOOP('',(#9291,#9292,#9315,#9336,#9337));
#9291 = ORIENTED_EDGE('',*,*,#8587,.F.);
#9292 = ORIENTED_EDGE('',*,*,#9293,.T.);
#9293 = EDGE_CURVE('',#8588,#9294,#9296,.T.);
#9294 = VERTEX_POINT('',#9295);
#9295 = CARTESIAN_POINT('',(68.725,-76.785,9.0000001));
#9296 = SURFACE_CURVE('',#9297,(#9301,#9308),.PCURVE_S1.);
#9297 = LINE('',#9298,#9299);
#9298 = CARTESIAN_POINT('',(68.725,-76.785,13.0000001));
#9299 = VECTOR('',#9300,1.);
#9300 = DIRECTION('',(0.,-1.224646799147E-16,-1.));
#9301 = PCURVE('',#8603,#9302);
#9302 = DEFINITIONAL_REPRESENTATION('',(#9303),#9307);
#9303 = LINE('',#9304,#9305);
#9304 = CARTESIAN_POINT('',(0.,0.));
#9305 = VECTOR('',#9306,1.);
#9306 = DIRECTION('',(0.,-1.));
#9307 = ( GEOMETRIC_REPRESENTATION_CONTEXT(2) 
PARAMETRIC_REPRESENTATION_CONTEXT() REPRESENTATION_CONTEXT('2D SPACE',''
  ) );
#9308 = PCURVE('',#8631,#9309);
#9309 = DEFINITIONAL_REPRESENTATION('',(#9310),#9314);
#9310 = LINE('',#9311,#9312);
#9311 = CARTESIAN_POINT('',(1.17,-1.432836755002E-16));
#9312 = VECTOR('',#9313,1.);
#9313 = DIRECTION('',(0.,-1.));
#9314 = ( GEOMETRIC_REPRESENTATION_CONTEXT(2) 
PARAMETRIC_REPRESENTATION_CONTEXT() REPRESENTATION_CONTEXT('2D SPACE',''
  ) );
#9315 = ORIENTED_EDGE('',*,*,#9316,.T.);
#9316 = EDGE_CURVE('',#9294,#9212,#9317,.T.);
#9317 = SURFACE_CURVE('',#9318,(#9322,#9329),.PCURVE_S1.);
#9318 = LINE('',#9319,#9320);
#9319 = CARTESIAN_POINT('',(68.725,-76.785,9.0000001));
#9320 = VECTOR('',#9321,1.);
#9321 = DIRECTION('',(-1.,-0.,0.));
#9322 = PCURVE('',#8603,#9323);
#9323 = DEFINITIONAL_REPRESENTATION('',(#9324),#9328);
#9324 = LINE('',#9325,#9326);
#9325 = CARTESIAN_POINT('',(-0.,-4.));
#9326 = VECTOR('',#9327,1.);
#9327 = DIRECTION('',(1.,0.));
#9328 = ( GEOMETRIC_REPRESENTATION_CONTEXT(2) 
PARAMETRIC_REPRESENTATION_CONTEXT() REPRESENTATION_CONTEXT('2D SPACE',''
  ) );
#9329 = PCURVE('',#8854,#9330);
#9330 = DEFINITIONAL_REPRESENTATION('',(#9331),#9335);
#9331 = LINE('',#9332,#9333);
#9332 = CARTESIAN_POINT('',(2.05,0.585));
#9333 = VECTOR('',#9334,1.);
#9334 = DIRECTION('',(-1.,0.));
#9335 = ( GEOMETRIC_REPRESENTATION_CONTEXT(2) 
PARAMETRIC_REPRESENTATION_CONTEXT() REPRESENTATION_CONTEXT('2D SPACE',''
  ) );
#9336 = ORIENTED_EDGE('',*,*,#9211,.T.);
#9337 = ORIENTED_EDGE('',*,*,#9259,.T.);
#9338 = ADVANCED_FACE('',(#9339),#8631,.T.);
#9339 = FACE_BOUND('',#9340,.T.);
#9340 = EDGE_LOOP('',(#9341,#9364,#9385,#9386));
#9341 = ORIENTED_EDGE('',*,*,#9342,.T.);
#9342 = EDGE_CURVE('',#8616,#9343,#9345,.T.);
#9343 = VERTEX_POINT('',#9344);
#9344 = CARTESIAN_POINT('',(68.725,-75.615,9.0000001));
#9345 = SURFACE_CURVE('',#9346,(#9350,#9357),.PCURVE_S1.);
#9346 = LINE('',#9347,#9348);
#9347 = CARTESIAN_POINT('',(68.725,-75.615,13.0000001));
#9348 = VECTOR('',#9349,1.);
#9349 = DIRECTION('',(0.,-1.224646799147E-16,-1.));
#9350 = PCURVE('',#8631,#9351);
#9351 = DEFINITIONAL_REPRESENTATION('',(#9352),#9356);
#9352 = LINE('',#9353,#9354);
#9353 = CARTESIAN_POINT('',(0.,0.));
#9354 = VECTOR('',#9355,1.);
#9355 = DIRECTION('',(0.,-1.));
#9356 = ( GEOMETRIC_REPRESENTATION_CONTEXT(2) 
PARAMETRIC_REPRESENTATION_CONTEXT() REPRESENTATION_CONTEXT('2D SPACE',''
  ) );
#9357 = PCURVE('',#8659,#9358);
#9358 = DEFINITIONAL_REPRESENTATION('',(#9359),#9363);
#9359 = LINE('',#9360,#9361);
#9360 = CARTESIAN_POINT('',(4.1,0.));
#9361 = VECTOR('',#9362,1.);
#9362 = DIRECTION('',(0.,-1.));
#9363 = ( GEOMETRIC_REPRESENTATION_CONTEXT(2) 
PARAMETRIC_REPRESENTATION_CONTEXT() REPRESENTATION_CONTEXT('2D SPACE',''
  ) );
#9364 = ORIENTED_EDGE('',*,*,#9365,.T.);
#9365 = EDGE_CURVE('',#9343,#9294,#9366,.T.);
#9366 = SURFACE_CURVE('',#9367,(#9371,#9378),.PCURVE_S1.);
#9367 = LINE('',#9368,#9369);
#9368 = CARTESIAN_POINT('',(68.725,-75.615,9.0000001));
#9369 = VECTOR('',#9370,1.);
#9370 = DIRECTION('',(0.,-1.,1.224646799147E-16));
#9371 = PCURVE('',#8631,#9372);
#9372 = DEFINITIONAL_REPRESENTATION('',(#9373),#9377);
#9373 = LINE('',#9374,#9375);
#9374 = CARTESIAN_POINT('',(-4.898587196589E-16,-4.));
#9375 = VECTOR('',#9376,1.);
#9376 = DIRECTION('',(1.,0.));
#9377 = ( GEOMETRIC_REPRESENTATION_CONTEXT(2) 
PARAMETRIC_REPRESENTATION_CONTEXT() REPRESENTATION_CONTEXT('2D SPACE',''
  ) );
#9378 = PCURVE('',#8854,#9379);
#9379 = DEFINITIONAL_REPRESENTATION('',(#9380),#9384);
#9380 = LINE('',#9381,#9382);
#9381 = CARTESIAN_POINT('',(2.05,-0.585));
#9382 = VECTOR('',#9383,1.);
#9383 = DIRECTION('',(0.,1.));
#9384 = ( GEOMETRIC_REPRESENTATION_CONTEXT(2) 
PARAMETRIC_REPRESENTATION_CONTEXT() REPRESENTATION_CONTEXT('2D SPACE',''
  ) );
#9385 = ORIENTED_EDGE('',*,*,#9293,.F.);
#9386 = ORIENTED_EDGE('',*,*,#8615,.F.);
#9387 = ADVANCED_FACE('',(#9388),#8659,.T.);
#9388 = FACE_BOUND('',#9389,.T.);
#9389 = EDGE_LOOP('',(#9390,#9391,#9421,#9444,#9465));
#9390 = ORIENTED_EDGE('',*,*,#8643,.F.);
#9391 = ORIENTED_EDGE('',*,*,#9392,.T.);
#9392 = EDGE_CURVE('',#8644,#9393,#9395,.T.);
#9393 = VERTEX_POINT('',#9394);
#9394 = CARTESIAN_POINT('',(67.26,-75.615,12.582701442658));
#9395 = SURFACE_CURVE('',#9396,(#9401,#9408),.PCURVE_S1.);
#9396 = HYPERBOLA('',#9397,0.199658703072,0.585);
#9397 = AXIS2_PLACEMENT_3D('',#9398,#9399,#9400);
#9398 = CARTESIAN_POINT('',(66.675,-75.615,12.300341396928));
#9399 = DIRECTION('',(0.,-1.,1.224646799147E-16));
#9400 = DIRECTION('',(0.,1.224646799147E-16,1.));
#9401 = PCURVE('',#8659,#9402);
#9402 = DEFINITIONAL_REPRESENTATION('',(#9403),#9407);
#9403 = HYPERBOLA('',#9404,0.199658703072,0.585);
#9404 = AXIS2_PLACEMENT_2D('',#9405,#9406);
#9405 = CARTESIAN_POINT('',(2.05,-0.699658703072));
#9406 = DIRECTION('',(0.,1.));
#9407 = ( GEOMETRIC_REPRESENTATION_CONTEXT(2) 
PARAMETRIC_REPRESENTATION_CONTEXT() REPRESENTATION_CONTEXT('2D SPACE',''
  ) );
#9408 = PCURVE('',#8688,#9409);
#9409 = DEFINITIONAL_REPRESENTATION('',(#9410),#9420);
#9410 = B_SPLINE_CURVE_WITH_KNOTS('',8,(#9411,#9412,#9413,#9414,#9415,
    #9416,#9417,#9418,#9419),.UNSPECIFIED.,.F.,.F.,(9,9),(
    -1.926120566838,-0.692805265153),.PIECEWISE_BEZIER_KNOTS.);
#9411 = CARTESIAN_POINT('',(-5.993797174336,-1.357532561488E-16));
#9412 = CARTESIAN_POINT('',(-5.949803915099,-0.103377406989));
#9413 = CARTESIAN_POINT('',(-5.898381088934,-0.187750753971));
#9414 = CARTESIAN_POINT('',(-5.838201854869,-0.256863919677));
#9415 = CARTESIAN_POINT('',(-5.767711435466,-0.31349736585));
#9416 = CARTESIAN_POINT('',(-5.685321358782,-0.359752317492));
#9417 = CARTESIAN_POINT('',(-5.589295459875,-0.397214916989));
#9418 = CARTESIAN_POINT('',(-5.478973358315,-0.427064463369));
#9419 = CARTESIAN_POINT('',(-5.355616528796,-0.450136509435));
#9420 = ( GEOMETRIC_REPRESENTATION_CONTEXT(2) 
PARAMETRIC_REPRESENTATION_CONTEXT() REPRESENTATION_CONTEXT('2D SPACE',''
  ) );
#9421 = ORIENTED_EDGE('',*,*,#9422,.T.);
#9422 = EDGE_CURVE('',#9393,#9423,#9425,.T.);
#9423 = VERTEX_POINT('',#9424);
#9424 = CARTESIAN_POINT('',(67.26,-75.615,9.0000001));
#9425 = SURFACE_CURVE('',#9426,(#9430,#9437),.PCURVE_S1.);
#9426 = LINE('',#9427,#9428);
#9427 = CARTESIAN_POINT('',(67.26,-75.615,13.0000001));
#9428 = VECTOR('',#9429,1.);
#9429 = DIRECTION('',(0.,-1.224646799147E-16,-1.));
#9430 = PCURVE('',#8659,#9431);
#9431 = DEFINITIONAL_REPRESENTATION('',(#9432),#9436);
#9432 = LINE('',#9433,#9434);
#9433 = CARTESIAN_POINT('',(2.635,0.));
#9434 = VECTOR('',#9435,1.);
#9435 = DIRECTION('',(0.,-1.));
#9436 = ( GEOMETRIC_REPRESENTATION_CONTEXT(2) 
PARAMETRIC_REPRESENTATION_CONTEXT() REPRESENTATION_CONTEXT('2D SPACE',''
  ) );
#9437 = PCURVE('',#8716,#9438);
#9438 = DEFINITIONAL_REPRESENTATION('',(#9439),#9443);
#9439 = LINE('',#9440,#9441);
#9440 = CARTESIAN_POINT('',(1.465,-1.794107560751E-16));
#9441 = VECTOR('',#9442,1.);
#9442 = DIRECTION('',(0.,-1.));
#9443 = ( GEOMETRIC_REPRESENTATION_CONTEXT(2) 
PARAMETRIC_REPRESENTATION_CONTEXT() REPRESENTATION_CONTEXT('2D SPACE',''
  ) );
#9444 = ORIENTED_EDGE('',*,*,#9445,.T.);
#9445 = EDGE_CURVE('',#9423,#9343,#9446,.T.);
#9446 = SURFACE_CURVE('',#9447,(#9451,#9458),.PCURVE_S1.);
#9447 = LINE('',#9448,#9449);
#9448 = CARTESIAN_POINT('',(64.625,-75.615,9.0000001));
#9449 = VECTOR('',#9450,1.);
#9450 = DIRECTION('',(1.,0.,0.));
#9451 = PCURVE('',#8659,#9452);
#9452 = DEFINITIONAL_REPRESENTATION('',(#9453),#9457);
#9453 = LINE('',#9454,#9455);
#9454 = CARTESIAN_POINT('',(0.,-4.));
#9455 = VECTOR('',#9456,1.);
#9456 = DIRECTION('',(1.,0.));
#9457 = ( GEOMETRIC_REPRESENTATION_CONTEXT(2) 
PARAMETRIC_REPRESENTATION_CONTEXT() REPRESENTATION_CONTEXT('2D SPACE',''
  ) );
#9458 = PCURVE('',#8854,#9459);
#9459 = DEFINITIONAL_REPRESENTATION('',(#9460),#9464);
#9460 = LINE('',#9461,#9462);
#9461 = CARTESIAN_POINT('',(-2.05,-0.585));
#9462 = VECTOR('',#9463,1.);
#9463 = DIRECTION('',(1.,0.));
#9464 = ( GEOMETRIC_REPRESENTATION_CONTEXT(2) 
PARAMETRIC_REPRESENTATION_CONTEXT() REPRESENTATION_CONTEXT('2D SPACE',''
  ) );
#9465 = ORIENTED_EDGE('',*,*,#9342,.F.);
#9466 = ADVANCED_FACE('',(#9467),#8688,.F.);
#9467 = FACE_BOUND('',#9468,.F.);
#9468 = EDGE_LOOP('',(#9469,#9470,#9471));
#9469 = ORIENTED_EDGE('',*,*,#8671,.T.);
#9470 = ORIENTED_EDGE('',*,*,#9392,.T.);
#9471 = ORIENTED_EDGE('',*,*,#9472,.T.);
#9472 = EDGE_CURVE('',#9393,#8672,#9473,.T.);
#9473 = SURFACE_CURVE('',#9474,(#9479,#9492),.PCURVE_S1.);
#9474 = HYPERBOLA('',#9475,0.199658703072,0.585);
#9475 = AXIS2_PLACEMENT_3D('',#9476,#9477,#9478);
#9476 = CARTESIAN_POINT('',(67.26,-76.2,12.300341396928));
#9477 = DIRECTION('',(-1.,0.,0.));
#9478 = DIRECTION('',(0.,1.224646799147E-16,1.));
#9479 = PCURVE('',#8688,#9480);
#9480 = DEFINITIONAL_REPRESENTATION('',(#9481),#9491);
#9481 = B_SPLINE_CURVE_WITH_KNOTS('',8,(#9482,#9483,#9484,#9485,#9486,
    #9487,#9488,#9489,#9490),.UNSPECIFIED.,.F.,.F.,(9,9),(0.692805265153
    ,1.926120566838),.PIECEWISE_BEZIER_KNOTS.);
#9482 = CARTESIAN_POINT('',(-5.639957758768,-0.450136509435));
#9483 = CARTESIAN_POINT('',(-5.516600929249,-0.427064463369));
#9484 = CARTESIAN_POINT('',(-5.40627882767,-0.397214916989));
#9485 = CARTESIAN_POINT('',(-5.310252928793,-0.359752317492));
#9486 = CARTESIAN_POINT('',(-5.227862852,-0.313497365849));
#9487 = CARTESIAN_POINT('',(-5.157372432728,-0.256863919677));
#9488 = CARTESIAN_POINT('',(-5.097193198615,-0.187750753971));
#9489 = CARTESIAN_POINT('',(-5.045770372465,-0.103377406989));
#9490 = CARTESIAN_POINT('',(-5.001777113228,-1.357532561488E-16));
#9491 = ( GEOMETRIC_REPRESENTATION_CONTEXT(2) 
PARAMETRIC_REPRESENTATION_CONTEXT() REPRESENTATION_CONTEXT('2D SPACE',''
  ) );
#9492 = PCURVE('',#8716,#9493);
#9493 = DEFINITIONAL_REPRESENTATION('',(#9494),#9498);
#9494 = HYPERBOLA('',#9495,0.199658703072,0.585);
#9495 = AXIS2_PLACEMENT_2D('',#9496,#9497);
#9496 = CARTESIAN_POINT('',(2.05,-0.699658703072));
#9497 = DIRECTION('',(0.,1.));
#9498 = ( GEOMETRIC_REPRESENTATION_CONTEXT(2) 
PARAMETRIC_REPRESENTATION_CONTEXT() REPRESENTATION_CONTEXT('2D SPACE',''
  ) );
#9499 = ADVANCED_FACE('',(#9500),#8716,.T.);
#9500 = FACE_BOUND('',#9501,.T.);
#9501 = EDGE_LOOP('',(#9502,#9503,#9526,#9547,#9548));
#9502 = ORIENTED_EDGE('',*,*,#8700,.F.);
#9503 = ORIENTED_EDGE('',*,*,#9504,.T.);
#9504 = EDGE_CURVE('',#8701,#9505,#9507,.T.);
#9505 = VERTEX_POINT('',#9506);
#9506 = CARTESIAN_POINT('',(67.26,-74.15,9.0000001));
#9507 = SURFACE_CURVE('',#9508,(#9512,#9519),.PCURVE_S1.);
#9508 = LINE('',#9509,#9510);
#9509 = CARTESIAN_POINT('',(67.26,-74.15,13.0000001));
#9510 = VECTOR('',#9511,1.);
#9511 = DIRECTION('',(0.,-1.224646799147E-16,-1.));
#9512 = PCURVE('',#8716,#9513);
#9513 = DEFINITIONAL_REPRESENTATION('',(#9514),#9518);
#9514 = LINE('',#9515,#9516);
#9515 = CARTESIAN_POINT('',(0.,0.));
#9516 = VECTOR('',#9517,1.);
#9517 = DIRECTION('',(0.,-1.));
#9518 = ( GEOMETRIC_REPRESENTATION_CONTEXT(2) 
PARAMETRIC_REPRESENTATION_CONTEXT() REPRESENTATION_CONTEXT('2D SPACE',''
  ) );
#9519 = PCURVE('',#8744,#9520);
#9520 = DEFINITIONAL_REPRESENTATION('',(#9521),#9525);
#9521 = LINE('',#9522,#9523);
#9522 = CARTESIAN_POINT('',(1.17,0.));
#9523 = VECTOR('',#9524,1.);
#9524 = DIRECTION('',(0.,-1.));
#9525 = ( GEOMETRIC_REPRESENTATION_CONTEXT(2) 
PARAMETRIC_REPRESENTATION_CONTEXT() REPRESENTATION_CONTEXT('2D SPACE',''
  ) );
#9526 = ORIENTED_EDGE('',*,*,#9527,.T.);
#9527 = EDGE_CURVE('',#9505,#9423,#9528,.T.);
#9528 = SURFACE_CURVE('',#9529,(#9533,#9540),.PCURVE_S1.);
#9529 = LINE('',#9530,#9531);
#9530 = CARTESIAN_POINT('',(67.26,-74.15,9.0000001));
#9531 = VECTOR('',#9532,1.);
#9532 = DIRECTION('',(0.,-1.,1.224646799147E-16));
#9533 = PCURVE('',#8716,#9534);
#9534 = DEFINITIONAL_REPRESENTATION('',(#9535),#9539);
#9535 = LINE('',#9536,#9537);
#9536 = CARTESIAN_POINT('',(-4.898587196589E-16,-4.));
#9537 = VECTOR('',#9538,1.);
#9538 = DIRECTION('',(1.,0.));
#9539 = ( GEOMETRIC_REPRESENTATION_CONTEXT(2) 
PARAMETRIC_REPRESENTATION_CONTEXT() REPRESENTATION_CONTEXT('2D SPACE',''
  ) );
#9540 = PCURVE('',#8854,#9541);
#9541 = DEFINITIONAL_REPRESENTATION('',(#9542),#9546);
#9542 = LINE('',#9543,#9544);
#9543 = CARTESIAN_POINT('',(0.585,-2.05));
#9544 = VECTOR('',#9545,1.);
#9545 = DIRECTION('',(0.,1.));
#9546 = ( GEOMETRIC_REPRESENTATION_CONTEXT(2) 
PARAMETRIC_REPRESENTATION_CONTEXT() REPRESENTATION_CONTEXT('2D SPACE',''
  ) );
#9547 = ORIENTED_EDGE('',*,*,#9422,.F.);
#9548 = ORIENTED_EDGE('',*,*,#9472,.T.);
#9549 = ADVANCED_FACE('',(#9550),#8744,.T.);
#9550 = FACE_BOUND('',#9551,.T.);
#9551 = EDGE_LOOP('',(#9552,#9575,#9596,#9597));
#9552 = ORIENTED_EDGE('',*,*,#9553,.T.);
#9553 = EDGE_CURVE('',#8729,#9554,#9556,.T.);
#9554 = VERTEX_POINT('',#9555);
#9555 = CARTESIAN_POINT('',(66.09,-74.15,9.0000001));
#9556 = SURFACE_CURVE('',#9557,(#9561,#9568),.PCURVE_S1.);
#9557 = LINE('',#9558,#9559);
#9558 = CARTESIAN_POINT('',(66.09,-74.15,13.0000001));
#9559 = VECTOR('',#9560,1.);
#9560 = DIRECTION('',(0.,-1.224646799147E-16,-1.));
#9561 = PCURVE('',#8744,#9562);
#9562 = DEFINITIONAL_REPRESENTATION('',(#9563),#9567);
#9563 = LINE('',#9564,#9565);
#9564 = CARTESIAN_POINT('',(0.,0.));
#9565 = VECTOR('',#9566,1.);
#9566 = DIRECTION('',(0.,-1.));
#9567 = ( GEOMETRIC_REPRESENTATION_CONTEXT(2) 
PARAMETRIC_REPRESENTATION_CONTEXT() REPRESENTATION_CONTEXT('2D SPACE',''
  ) );
#9568 = PCURVE('',#8772,#9569);
#9569 = DEFINITIONAL_REPRESENTATION('',(#9570),#9574);
#9570 = LINE('',#9571,#9572);
#9571 = CARTESIAN_POINT('',(4.1,5.021051876504E-16));
#9572 = VECTOR('',#9573,1.);
#9573 = DIRECTION('',(0.,-1.));
#9574 = ( GEOMETRIC_REPRESENTATION_CONTEXT(2) 
PARAMETRIC_REPRESENTATION_CONTEXT() REPRESENTATION_CONTEXT('2D SPACE',''
  ) );
#9575 = ORIENTED_EDGE('',*,*,#9576,.T.);
#9576 = EDGE_CURVE('',#9554,#9505,#9577,.T.);
#9577 = SURFACE_CURVE('',#9578,(#9582,#9589),.PCURVE_S1.);
#9578 = LINE('',#9579,#9580);
#9579 = CARTESIAN_POINT('',(66.09,-74.15,9.0000001));
#9580 = VECTOR('',#9581,1.);
#9581 = DIRECTION('',(1.,0.,0.));
#9582 = PCURVE('',#8744,#9583);
#9583 = DEFINITIONAL_REPRESENTATION('',(#9584),#9588);
#9584 = LINE('',#9585,#9586);
#9585 = CARTESIAN_POINT('',(0.,-4.));
#9586 = VECTOR('',#9587,1.);
#9587 = DIRECTION('',(1.,0.));
#9588 = ( GEOMETRIC_REPRESENTATION_CONTEXT(2) 
PARAMETRIC_REPRESENTATION_CONTEXT() REPRESENTATION_CONTEXT('2D SPACE',''
  ) );
#9589 = PCURVE('',#8854,#9590);
#9590 = DEFINITIONAL_REPRESENTATION('',(#9591),#9595);
#9591 = LINE('',#9592,#9593);
#9592 = CARTESIAN_POINT('',(-0.585,-2.05));
#9593 = VECTOR('',#9594,1.);
#9594 = DIRECTION('',(1.,0.));
#9595 = ( GEOMETRIC_REPRESENTATION_CONTEXT(2) 
PARAMETRIC_REPRESENTATION_CONTEXT() REPRESENTATION_CONTEXT('2D SPACE',''
  ) );
#9596 = ORIENTED_EDGE('',*,*,#9504,.F.);
#9597 = ORIENTED_EDGE('',*,*,#8728,.F.);
#9598 = ADVANCED_FACE('',(#9599),#8772,.T.);
#9599 = FACE_BOUND('',#9600,.T.);
#9600 = EDGE_LOOP('',(#9601,#9602,#9630,#9631,#9652));
#9601 = ORIENTED_EDGE('',*,*,#8756,.F.);
#9602 = ORIENTED_EDGE('',*,*,#9603,.T.);
#9603 = EDGE_CURVE('',#8757,#8867,#9604,.T.);
#9604 = SURFACE_CURVE('',#9605,(#9610,#9617),.PCURVE_S1.);
#9605 = HYPERBOLA('',#9606,0.199658703072,0.585);
#9606 = AXIS2_PLACEMENT_3D('',#9607,#9608,#9609);
#9607 = CARTESIAN_POINT('',(66.09,-76.2,12.300341396928));
#9608 = DIRECTION('',(1.,0.,-0.));
#9609 = DIRECTION('',(0.,1.224646799147E-16,1.));
#9610 = PCURVE('',#8772,#9611);
#9611 = DEFINITIONAL_REPRESENTATION('',(#9612),#9616);
#9612 = HYPERBOLA('',#9613,0.199658703072,0.585);
#9613 = AXIS2_PLACEMENT_2D('',#9614,#9615);
#9614 = CARTESIAN_POINT('',(2.05,-0.699658703072));
#9615 = DIRECTION('',(0.,1.));
#9616 = ( GEOMETRIC_REPRESENTATION_CONTEXT(2) 
PARAMETRIC_REPRESENTATION_CONTEXT() REPRESENTATION_CONTEXT('2D SPACE',''
  ) );
#9617 = PCURVE('',#8799,#9618);
#9618 = DEFINITIONAL_REPRESENTATION('',(#9619),#9629);
#9619 = B_SPLINE_CURVE_WITH_KNOTS('',8,(#9620,#9621,#9622,#9623,#9624,
    #9625,#9626,#9627,#9628),.UNSPECIFIED.,.F.,.F.,(9,9),(
    -1.926120566838,-0.692805265153),.PIECEWISE_BEZIER_KNOTS.);
#9620 = CARTESIAN_POINT('',(-4.423000847541,-1.357532561488E-16));
#9621 = CARTESIAN_POINT('',(-4.379007588304,-0.103377406989));
#9622 = CARTESIAN_POINT('',(-4.327584762153,-0.187750753972));
#9623 = CARTESIAN_POINT('',(-4.26740552802,-0.256863919677));
#9624 = CARTESIAN_POINT('',(-4.196915108765,-0.31349736585));
#9625 = CARTESIAN_POINT('',(-4.114525031935,-0.359752317492));
#9626 = CARTESIAN_POINT('',(-4.018499133095,-0.397214916989));
#9627 = CARTESIAN_POINT('',(-3.90817703152,-0.427064463369));
#9628 = CARTESIAN_POINT('',(-3.784820202001,-0.450136509435));
#9629 = ( GEOMETRIC_REPRESENTATION_CONTEXT(2) 
PARAMETRIC_REPRESENTATION_CONTEXT() REPRESENTATION_CONTEXT('2D SPACE',''
  ) );
#9630 = ORIENTED_EDGE('',*,*,#8866,.F.);
#9631 = ORIENTED_EDGE('',*,*,#9632,.T.);
#9632 = EDGE_CURVE('',#8839,#9554,#9633,.T.);
#9633 = SURFACE_CURVE('',#9634,(#9638,#9645),.PCURVE_S1.);
#9634 = LINE('',#9635,#9636);
#9635 = CARTESIAN_POINT('',(66.09,-78.25,9.0000001));
#9636 = VECTOR('',#9637,1.);
#9637 = DIRECTION('',(0.,1.,-1.224646799147E-16));
#9638 = PCURVE('',#8772,#9639);
#9639 = DEFINITIONAL_REPRESENTATION('',(#9640),#9644);
#9640 = LINE('',#9641,#9642);
#9641 = CARTESIAN_POINT('',(4.898587196589E-16,-4.));
#9642 = VECTOR('',#9643,1.);
#9643 = DIRECTION('',(1.,0.));
#9644 = ( GEOMETRIC_REPRESENTATION_CONTEXT(2) 
PARAMETRIC_REPRESENTATION_CONTEXT() REPRESENTATION_CONTEXT('2D SPACE',''
  ) );
#9645 = PCURVE('',#8854,#9646);
#9646 = DEFINITIONAL_REPRESENTATION('',(#9647),#9651);
#9647 = LINE('',#9648,#9649);
#9648 = CARTESIAN_POINT('',(-0.585,2.05));
#9649 = VECTOR('',#9650,1.);
#9650 = DIRECTION('',(0.,-1.));
#9651 = ( GEOMETRIC_REPRESENTATION_CONTEXT(2) 
PARAMETRIC_REPRESENTATION_CONTEXT() REPRESENTATION_CONTEXT('2D SPACE',''
  ) );
#9652 = ORIENTED_EDGE('',*,*,#9553,.F.);
#9653 = ADVANCED_FACE('',(#9654),#8799,.F.);
#9654 = FACE_BOUND('',#9655,.F.);
#9655 = EDGE_LOOP('',(#9656,#9657,#9658));
#9656 = ORIENTED_EDGE('',*,*,#8784,.T.);
#9657 = ORIENTED_EDGE('',*,*,#9603,.T.);
#9658 = ORIENTED_EDGE('',*,*,#8889,.T.);
#9659 = ADVANCED_FACE('',(#9660),#8854,.F.);
#9660 = FACE_BOUND('',#9661,.F.);
#9661 = EDGE_LOOP('',(#9662,#9663,#9664,#9665,#9666,#9667,#9668,#9669,
    #9670,#9671,#9672,#9673));
#9662 = ORIENTED_EDGE('',*,*,#8943,.T.);
#9663 = ORIENTED_EDGE('',*,*,#8838,.T.);
#9664 = ORIENTED_EDGE('',*,*,#9632,.T.);
#9665 = ORIENTED_EDGE('',*,*,#9576,.T.);
#9666 = ORIENTED_EDGE('',*,*,#9527,.T.);
#9667 = ORIENTED_EDGE('',*,*,#9445,.T.);
#9668 = ORIENTED_EDGE('',*,*,#9365,.T.);
#9669 = ORIENTED_EDGE('',*,*,#9316,.T.);
#9670 = ORIENTED_EDGE('',*,*,#9234,.T.);
#9671 = ORIENTED_EDGE('',*,*,#9154,.T.);
#9672 = ORIENTED_EDGE('',*,*,#9105,.T.);
#9673 = ORIENTED_EDGE('',*,*,#9023,.T.);
#9674 = ( GEOMETRIC_REPRESENTATION_CONTEXT(3) 
GLOBAL_UNCERTAINTY_ASSIGNED_CONTEXT((#9678)) 
GLOBAL_UNIT_ASSIGNED_CONTEXT((#9675,#9676,#9677)) REPRESENTATION_CONTEXT
('Context #1','3D Context with UNIT and UNCERTAINTY') );
#9675 = ( LENGTH_UNIT() NAMED_UNIT(*) SI_UNIT(.MILLI.,.METRE.) );
#9676 = ( NAMED_UNIT(*) PLANE_ANGLE_UNIT() SI_UNIT($,.RADIAN.) );
#9677 = ( NAMED_UNIT(*) SI_UNIT($,.STERADIAN.) SOLID_ANGLE_UNIT() );
#9678 = UNCERTAINTY_MEASURE_WITH_UNIT(LENGTH_MEASURE(1.E-07),#9675,
  'distance_accuracy_value','confusion accuracy');
#9679 = CONTEXT_DEPENDENT_SHAPE_REPRESENTATION(#9680,#9682);
#9680 = ( REPRESENTATION_RELATIONSHIP('','',#8253,#32) 
REPRESENTATION_RELATIONSHIP_WITH_TRANSFORMATION(#9681) 
SHAPE_REPRESENTATION_RELATIONSHIP() );
#9681 = ITEM_DEFINED_TRANSFORMATION('','',#11,#41);
#9682 = PRODUCT_DEFINITION_SHAPE('Placement','Placement of an item',
  #9683);
#9683 = NEXT_ASSEMBLY_USAGE_OCCURRENCE('183','','',#27,#8248,$);
#9684 = PRODUCT_RELATED_PRODUCT_CATEGORY('part',$,(#8250));
#9685 = SHAPE_DEFINITION_REPRESENTATION(#9686,#9692);
#9686 = PRODUCT_DEFINITION_SHAPE('','',#9687);
#9687 = PRODUCT_DEFINITION('design','',#9688,#9691);
#9688 = PRODUCT_DEFINITION_FORMATION('','',#9689);
#9689 = PRODUCT('Open CASCADE STEP translator 7.8 15.1.4',
  'Open CASCADE STEP translator 7.8 15.1.4','',(#9690));
#9690 = PRODUCT_CONTEXT('',#2,'mechanical');
#9691 = PRODUCT_DEFINITION_CONTEXT('part definition',#2,'design');
#9692 = ADVANCED_BREP_SHAPE_REPRESENTATION('',(#11,#9693),#12681);
#9693 = MANIFOLD_SOLID_BREP('',#9694);
#9694 = CLOSED_SHELL('',(#9695,#10082,#11677,#11744,#11957,#11990,#12023
    ,#12056,#12089,#12122,#12129,#12229,#12296,#12363,#12430,#12497,
    #12564,#12631,#12670));
#9695 = ADVANCED_FACE('',(#9696),#9716,.T.);
#9696 = FACE_BOUND('',#9697,.T.);
#9697 = EDGE_LOOP('',(#9698,#9822,#9933,#9973));
#9698 = ORIENTED_EDGE('',*,*,#9699,.T.);
#9699 = EDGE_CURVE('',#9700,#9702,#9704,.T.);
#9700 = VERTEX_POINT('',#9701);
#9701 = CARTESIAN_POINT('',(57.695125,-84.0605,13.0000001));
#9702 = VERTEX_POINT('',#9703);
#9703 = CARTESIAN_POINT('',(57.695125,-68.3395,13.0000001));
#9704 = SURFACE_CURVE('',#9705,(#9715,#9804),.PCURVE_S1.);
#9705 = B_SPLINE_CURVE_WITH_KNOTS('',8,(#9706,#9707,#9708,#9709,#9710,
    #9711,#9712,#9713,#9714),.UNSPECIFIED.,.F.,.F.,(9,9),(0.,1.),
  .PIECEWISE_BEZIER_KNOTS.);
#9706 = CARTESIAN_POINT('',(57.695125,-84.0605,13.0000001));
#9707 = CARTESIAN_POINT('',(57.695125,-82.095375,13.0000001));
#9708 = CARTESIAN_POINT('',(57.695125,-80.13025,13.0000001));
#9709 = CARTESIAN_POINT('',(57.695125,-78.165125,13.0000001));
#9710 = CARTESIAN_POINT('',(57.695125,-76.2,13.0000001));
#9711 = CARTESIAN_POINT('',(57.695125,-74.234875,13.0000001));
#9712 = CARTESIAN_POINT('',(57.695125,-72.26975,13.0000001));
#9713 = CARTESIAN_POINT('',(57.695125,-70.304625,13.0000001));
#9714 = CARTESIAN_POINT('',(57.695125,-68.3395,13.0000001));
#9715 = PCURVE('',#9716,#9798);
#9716 = ( BOUNDED_SURFACE() B_SPLINE_SURFACE(8,8,(
    (#9717,#9718,#9719,#9720,#9721,#9722,#9723,#9724,#9725)
    ,(#9726,#9727,#9728,#9729,#9730,#9731,#9732,#9733,#9734)
    ,(#9735,#9736,#9737,#9738,#9739,#9740,#9741,#9742,#9743)
    ,(#9744,#9745,#9746,#9747,#9748,#9749,#9750,#9751,#9752)
    ,(#9753,#9754,#9755,#9756,#9757,#9758,#9759,#9760,#9761)
    ,(#9762,#9763,#9764,#9765,#9766,#9767,#9768,#9769,#9770)
    ,(#9771,#9772,#9773,#9774,#9775,#9776,#9777,#9778,#9779)
    ,(#9780,#9781,#9782,#9783,#9784,#9785,#9786,#9787,#9788)
    ,(#9789,#9790,#9791,#9792,#9793,#9794,#9795,#9796,#9797
)),.UNSPECIFIED.,.F.,.F.,.F.) B_SPLINE_SURFACE_WITH_KNOTS((9,9),(9,9),(
    0.,1.),(0.,1.),.PIECEWISE_BEZIER_KNOTS.) 
GEOMETRIC_REPRESENTATION_ITEM() RATIONAL_B_SPLINE_SURFACE((
    (1.,0.999999999996,1.000000000012,0.999999999983,1.000000000017
      ,0.99999999999,1.000000000004,0.999999999999,1.)
    ,(1.,0.999999999996,1.000000000012,0.999999999983,1.000000000017
      ,0.99999999999,1.000000000004,0.999999999999,1.)
    ,(1.,0.999999999996,1.000000000012,0.999999999983,1.000000000017
      ,0.99999999999,1.000000000004,0.999999999999,1.)
    ,(1.,0.999999999996,1.000000000012,0.999999999983,1.000000000017
      ,0.99999999999,1.000000000004,0.999999999999,1.)
    ,(1.,0.999999999996,1.000000000012,0.999999999983,1.000000000017
      ,0.99999999999,1.000000000004,0.999999999999,1.)
    ,(1.,0.999999999996,1.000000000012,0.999999999983,1.000000000017
      ,0.99999999999,1.000000000004,0.999999999999,1.)
    ,(1.,0.999999999996,1.000000000012,0.999999999983,1.000000000017
      ,0.99999999999,1.000000000004,0.999999999999,1.)
    ,(1.,0.999999999996,1.000000000012,0.999999999983,1.000000000017
      ,0.99999999999,1.000000000004,0.999999999999,1.)
    ,(1.,0.999999999996,1.000000000012,0.999999999983,1.000000000017
      ,0.99999999999,1.000000000004,0.999999999999,1.
))) REPRESENTATION_ITEM('') SURFACE() );
#9717 = CARTESIAN_POINT('',(57.695125,-84.0605,13.0000001));
#9718 = CARTESIAN_POINT('',(57.565664290465,-84.1870627909,
    10.96233443834));
#9719 = CARTESIAN_POINT('',(57.850717394133,-83.78614745984,
    9.714026220991));
#9720 = CARTESIAN_POINT('',(57.608773510014,-84.01003494556,
    6.582407139258));
#9721 = CARTESIAN_POINT('',(58.17397411712,-83.05304684108,
    6.398057915168));
#9722 = CARTESIAN_POINT('',(57.958671793406,-83.28967948252,
    2.947876222363));
#9723 = CARTESIAN_POINT('',(58.61318334941,-81.93123644315,
    2.233915500646));
#9724 = CARTESIAN_POINT('',(59.690034161209,-80.80479091754,
    5.268224107655E-02));
#9725 = CARTESIAN_POINT('',(61.086956377788,-79.09036739079,
    1.000001130791E-07));
#9726 = CARTESIAN_POINT('',(57.695125,-82.095375,13.0000001));
#9727 = CARTESIAN_POINT('',(57.565664290465,-82.19029709316,
    10.96233443834));
#9728 = CARTESIAN_POINT('',(57.850717394133,-81.88961059492,
    9.714026220991));
#9729 = CARTESIAN_POINT('',(57.608773510014,-82.0575262091,
    6.582407139258));
#9730 = CARTESIAN_POINT('',(58.17397411712,-81.33978513087,
    6.398057915168));
#9731 = CARTESIAN_POINT('',(57.958671793406,-81.51725961185,
    2.947876222363));
#9732 = CARTESIAN_POINT('',(58.61318334941,-80.49842733238,
    2.233915500646));
#9733 = CARTESIAN_POINT('',(59.690034161209,-79.65359318815,
    5.268224107655E-02));
#9734 = CARTESIAN_POINT('',(61.086956377788,-78.3677755431,
    1.000001130791E-07));
#9735 = CARTESIAN_POINT('',(57.695125,-80.13025,13.0000001));
#9736 = CARTESIAN_POINT('',(57.565664290465,-80.19353139544,
    10.96233443834));
#9737 = CARTESIAN_POINT('',(57.850717394133,-79.99307372994,
    9.714026220991));
#9738 = CARTESIAN_POINT('',(57.608773510014,-80.10501747275,
    6.582407139258));
#9739 = CARTESIAN_POINT('',(58.17397411712,-79.62652342057,
    6.398057915168));
#9740 = CARTESIAN_POINT('',(57.958671793406,-79.74483974124,
    2.947876222363));
#9741 = CARTESIAN_POINT('',(58.61318334941,-79.06561822158,
    2.233915500646));
#9742 = CARTESIAN_POINT('',(59.690034161209,-78.50239545876,
    5.268224107655E-02));
#9743 = CARTESIAN_POINT('',(61.086956377788,-77.6451836954,
    1.000001130791E-07));
#9744 = CARTESIAN_POINT('',(57.695125,-78.165125,13.0000001));
#9745 = CARTESIAN_POINT('',(57.565664290465,-78.19676569772,
    10.96233443834));
#9746 = CARTESIAN_POINT('',(57.850717394133,-78.09653686496,
    9.714026220991));
#9747 = CARTESIAN_POINT('',(57.608773510014,-78.15250873638,
    6.582407139258));
#9748 = CARTESIAN_POINT('',(58.17397411712,-77.91326171027,
    6.398057915168));
#9749 = CARTESIAN_POINT('',(57.958671793406,-77.97241987062,
    2.947876222363));
#9750 = CARTESIAN_POINT('',(58.61318334941,-77.63280911079,
    2.233915500646));
#9751 = CARTESIAN_POINT('',(59.690034161209,-77.35119772938,
    5.268224107655E-02));
#9752 = CARTESIAN_POINT('',(61.086956377788,-76.9225918477,
    1.000001130791E-07));
#9753 = CARTESIAN_POINT('',(57.695125,-76.2,13.0000001));
#9754 = CARTESIAN_POINT('',(57.565664290465,-76.2,10.96233443834));
#9755 = CARTESIAN_POINT('',(57.850717394133,-76.2,9.714026220991));
#9756 = CARTESIAN_POINT('',(57.608773510014,-76.2,6.582407139258));
#9757 = CARTESIAN_POINT('',(58.17397411712,-76.2,6.398057915168));
#9758 = CARTESIAN_POINT('',(57.958671793406,-76.2,2.947876222363));
#9759 = CARTESIAN_POINT('',(58.61318334941,-76.2,2.233915500646));
#9760 = CARTESIAN_POINT('',(59.690034161209,-76.2,5.268224107655E-02));
#9761 = CARTESIAN_POINT('',(61.086956377788,-76.2,1.000001130791E-07));
#9762 = CARTESIAN_POINT('',(57.695125,-74.234875,13.0000001));
#9763 = CARTESIAN_POINT('',(57.565664290465,-74.20323430227,
    10.96233443834));
#9764 = CARTESIAN_POINT('',(57.850717394133,-74.30346313502,
    9.714026220991));
#9765 = CARTESIAN_POINT('',(57.608773510014,-74.24749126362,
    6.582407139258));
#9766 = CARTESIAN_POINT('',(58.17397411712,-74.48673828971,
    6.398057915168));
#9767 = CARTESIAN_POINT('',(57.958671793406,-74.42758012938,
    2.947876222363));
#9768 = CARTESIAN_POINT('',(58.61318334941,-74.7671908892,2.233915500646
    ));
#9769 = CARTESIAN_POINT('',(59.690034161209,-75.04880227061,
    5.268224107655E-02));
#9770 = CARTESIAN_POINT('',(61.086956377788,-75.4774081523,
    1.000001130791E-07));
#9771 = CARTESIAN_POINT('',(57.695125,-72.26975,13.0000001));
#9772 = CARTESIAN_POINT('',(57.565664290465,-72.20646860455,
    10.96233443834));
#9773 = CARTESIAN_POINT('',(57.850717394133,-72.40692627006,
    9.714026220991));
#9774 = CARTESIAN_POINT('',(57.608773510014,-72.29498252724,
    6.582407139258));
#9775 = CARTESIAN_POINT('',(58.17397411712,-72.77347657943,
    6.398057915168));
#9776 = CARTESIAN_POINT('',(57.958671793406,-72.65516025875,
    2.947876222363));
#9777 = CARTESIAN_POINT('',(58.61318334941,-73.33438177841,
    2.233915500646));
#9778 = CARTESIAN_POINT('',(59.690034161209,-73.89760454123,
    5.268224107655E-02));
#9779 = CARTESIAN_POINT('',(61.086956377788,-74.7548163046,
    1.000001130791E-07));
#9780 = CARTESIAN_POINT('',(57.695125,-70.304625,13.0000001));
#9781 = CARTESIAN_POINT('',(57.565664290465,-70.20970290682,
    10.96233443834));
#9782 = CARTESIAN_POINT('',(57.850717394133,-70.5103894051,
    9.714026220991));
#9783 = CARTESIAN_POINT('',(57.608773510014,-70.34247379084,
    6.582407139258));
#9784 = CARTESIAN_POINT('',(58.17397411712,-71.06021486917,
    6.398057915168));
#9785 = CARTESIAN_POINT('',(57.958671793406,-70.88274038811,
    2.947876222363));
#9786 = CARTESIAN_POINT('',(58.61318334941,-71.90157266762,
    2.233915500646));
#9787 = CARTESIAN_POINT('',(59.690034161209,-72.74640681184,
    5.268224107655E-02));
#9788 = CARTESIAN_POINT('',(61.086956377788,-74.0322244569,
    1.000001130791E-07));
#9789 = CARTESIAN_POINT('',(57.695125,-68.3395,13.0000001));
#9790 = CARTESIAN_POINT('',(57.565664290481,-68.21293720912,
    10.962334438332));
#9791 = CARTESIAN_POINT('',(57.850717394087,-68.61385254008,
    9.714026221013));
#9792 = CARTESIAN_POINT('',(57.608773510083,-68.38996505454,
    6.582407139224));
#9793 = CARTESIAN_POINT('',(58.173974117053,-69.34695315881,
    6.398057915201));
#9794 = CARTESIAN_POINT('',(57.958671793447,-69.11032051754,
    2.947876222342));
#9795 = CARTESIAN_POINT('',(58.613183349395,-70.46876355681,
    2.233915500654));
#9796 = CARTESIAN_POINT('',(59.690034161212,-71.59520908246,
    5.268224107498E-02));
#9797 = CARTESIAN_POINT('',(61.086956377788,-73.3096326092,
    1.000001130791E-07));
#9798 = DEFINITIONAL_REPRESENTATION('',(#9799),#9803);
#9799 = LINE('',#9800,#9801);
#9800 = CARTESIAN_POINT('',(0.,0.));
#9801 = VECTOR('',#9802,1.);
#9802 = DIRECTION('',(1.,0.));
#9803 = ( GEOMETRIC_REPRESENTATION_CONTEXT(2) 
PARAMETRIC_REPRESENTATION_CONTEXT() REPRESENTATION_CONTEXT('2D SPACE',''
  ) );
#9804 = PCURVE('',#9805,#9810);
#9805 = PLANE('',#9806);
#9806 = AXIS2_PLACEMENT_3D('',#9807,#9808,#9809);
#9807 = CARTESIAN_POINT('',(57.695125,-84.0605,13.0000001));
#9808 = DIRECTION('',(0.,-1.224646799147E-16,-1.));
#9809 = DIRECTION('',(0.729896125442,0.683558078048,-8.371172123129E-17)
  );
#9810 = DEFINITIONAL_REPRESENTATION('',(#9811),#9821);
#9811 = B_SPLINE_CURVE_WITH_KNOTS('',8,(#9812,#9813,#9814,#9815,#9816,
    #9817,#9818,#9819,#9820),.UNSPECIFIED.,.F.,.F.,(9,9),(0.,1.),
  .PIECEWISE_BEZIER_KNOTS.);
#9812 = CARTESIAN_POINT('',(0.,0.));
#9813 = CARTESIAN_POINT('',(1.343277068124,-1.434337123509));
#9814 = CARTESIAN_POINT('',(2.686554136249,-2.868674247018));
#9815 = CARTESIAN_POINT('',(4.029831204373,-4.303011370527));
#9816 = CARTESIAN_POINT('',(5.373108272497,-5.737348494037));
#9817 = CARTESIAN_POINT('',(6.716385340621,-7.171685617546));
#9818 = CARTESIAN_POINT('',(8.059662408746,-8.606022741055));
#9819 = CARTESIAN_POINT('',(9.40293947687,-10.04035986456));
#9820 = CARTESIAN_POINT('',(10.746216544994,-11.47469698807));
#9821 = ( GEOMETRIC_REPRESENTATION_CONTEXT(2) 
PARAMETRIC_REPRESENTATION_CONTEXT() REPRESENTATION_CONTEXT('2D SPACE',''
  ) );
#9822 = ORIENTED_EDGE('',*,*,#9823,.T.);
#9823 = EDGE_CURVE('',#9702,#9824,#9826,.T.);
#9824 = VERTEX_POINT('',#9825);
#9825 = CARTESIAN_POINT('',(61.086956377788,-73.3096326092,
    1.000001130791E-07));
#9826 = SURFACE_CURVE('',#9827,(#9837,#9844),.PCURVE_S1.);
#9827 = ( BOUNDED_CURVE() B_SPLINE_CURVE(8,(#9828,#9829,#9830,#9831,
    #9832,#9833,#9834,#9835,#9836),.UNSPECIFIED.,.F.,.F.) 
B_SPLINE_CURVE_WITH_KNOTS((9,9),(0.,1.),.PIECEWISE_BEZIER_KNOTS.) CURVE(
) GEOMETRIC_REPRESENTATION_ITEM() RATIONAL_B_SPLINE_CURVE((1.,
    0.999999999996,1.000000000012,0.999999999983,1.000000000017,
0.99999999999,1.000000000004,0.999999999999,1.)) REPRESENTATION_ITEM(''
  ) );
#9828 = CARTESIAN_POINT('',(57.695125,-68.3395,13.0000001));
#9829 = CARTESIAN_POINT('',(57.565664290481,-68.21293720912,
    10.962334438332));
#9830 = CARTESIAN_POINT('',(57.850717394087,-68.61385254008,
    9.714026221013));
#9831 = CARTESIAN_POINT('',(57.608773510083,-68.38996505454,
    6.582407139224));
#9832 = CARTESIAN_POINT('',(58.173974117053,-69.34695315881,
    6.398057915201));
#9833 = CARTESIAN_POINT('',(57.958671793447,-69.11032051754,
    2.947876222342));
#9834 = CARTESIAN_POINT('',(58.613183349395,-70.46876355681,
    2.233915500654));
#9835 = CARTESIAN_POINT('',(59.690034161212,-71.59520908246,
    5.268224107498E-02));
#9836 = CARTESIAN_POINT('',(61.086956377788,-73.3096326092,
    1.000001130791E-07));
#9837 = PCURVE('',#9716,#9838);
#9838 = DEFINITIONAL_REPRESENTATION('',(#9839),#9843);
#9839 = LINE('',#9840,#9841);
#9840 = CARTESIAN_POINT('',(1.,0.));
#9841 = VECTOR('',#9842,1.);
#9842 = DIRECTION('',(0.,1.));
#9843 = ( GEOMETRIC_REPRESENTATION_CONTEXT(2) 
PARAMETRIC_REPRESENTATION_CONTEXT() REPRESENTATION_CONTEXT('2D SPACE',''
  ) );
#9844 = PCURVE('',#9845,#9927);
#9845 = ( BOUNDED_SURFACE() B_SPLINE_SURFACE(8,8,(
    (#9846,#9847,#9848,#9849,#9850,#9851,#9852,#9853,#9854)
    ,(#9855,#9856,#9857,#9858,#9859,#9860,#9861,#9862,#9863)
    ,(#9864,#9865,#9866,#9867,#9868,#9869,#9870,#9871,#9872)
    ,(#9873,#9874,#9875,#9876,#9877,#9878,#9879,#9880,#9881)
    ,(#9882,#9883,#9884,#9885,#9886,#9887,#9888,#9889,#9890)
    ,(#9891,#9892,#9893,#9894,#9895,#9896,#9897,#9898,#9899)
    ,(#9900,#9901,#9902,#9903,#9904,#9905,#9906,#9907,#9908)
    ,(#9909,#9910,#9911,#9912,#9913,#9914,#9915,#9916,#9917)
    ,(#9918,#9919,#9920,#9921,#9922,#9923,#9924,#9925,#9926
)),.UNSPECIFIED.,.F.,.F.,.F.) B_SPLINE_SURFACE_WITH_KNOTS((9,9),(9,9),(
    1.,2.),(0.,1.),.PIECEWISE_BEZIER_KNOTS.) 
GEOMETRIC_REPRESENTATION_ITEM() RATIONAL_B_SPLINE_SURFACE((
    (1.,0.999999999996,1.000000000012,0.999999999983,1.000000000017
      ,0.99999999999,1.000000000004,0.999999999999,1.)
    ,(1.,0.999999999996,1.000000000012,0.999999999983,1.000000000017
      ,0.99999999999,1.000000000004,0.999999999999,1.)
    ,(1.,0.999999999996,1.000000000012,0.999999999983,1.000000000017
      ,0.99999999999,1.000000000004,0.999999999999,1.)
    ,(1.,0.999999999996,1.000000000012,0.999999999983,1.000000000017
      ,0.99999999999,1.000000000004,0.999999999999,1.)
    ,(1.,0.999999999996,1.000000000012,0.999999999983,1.000000000017
      ,0.99999999999,1.000000000004,0.999999999999,1.)
    ,(1.,0.999999999996,1.000000000012,0.999999999983,1.000000000017
      ,0.99999999999,1.000000000004,0.999999999999,1.)
    ,(1.,0.999999999996,1.000000000012,0.999999999983,1.000000000017
      ,0.99999999999,1.000000000004,0.999999999999,1.)
    ,(1.,0.999999999996,1.000000000012,0.999999999983,1.000000000017
      ,0.99999999999,1.000000000004,0.999999999999,1.)
    ,(1.,0.999999999996,1.000000000012,0.999999999983,1.000000000017
      ,0.99999999999,1.000000000004,0.999999999999,1.
))) REPRESENTATION_ITEM('') SURFACE() );
#9846 = CARTESIAN_POINT('',(57.695125,-68.3395,13.0000001));
#9847 = CARTESIAN_POINT('',(57.565664290481,-68.21293720912,
    10.962334438332));
#9848 = CARTESIAN_POINT('',(57.850717394087,-68.61385254008,
    9.714026221013));
#9849 = CARTESIAN_POINT('',(57.608773510083,-68.38996505454,
    6.582407139224));
#9850 = CARTESIAN_POINT('',(58.173974117053,-69.34695315881,
    6.398057915201));
#9851 = CARTESIAN_POINT('',(57.958671793447,-69.11032051754,
    2.947876222342));
#9852 = CARTESIAN_POINT('',(58.613183349395,-70.46876355681,
    2.233915500654));
#9853 = CARTESIAN_POINT('',(59.690034161212,-71.59520908246,
    5.268224107498E-02));
#9854 = CARTESIAN_POINT('',(61.086956377788,-73.3096326092,
    1.000001130791E-07));
#9855 = CARTESIAN_POINT('',(57.695125,-68.11971123271,13.0000001));
#9856 = CARTESIAN_POINT('',(57.565664290492,-67.99257943683,
    10.962334438341));
#9857 = CARTESIAN_POINT('',(57.850717394055,-68.37074527267,
    9.714026220988));
#9858 = CARTESIAN_POINT('',(57.608773510132,-68.14331242155,
    6.582407139261));
#9859 = CARTESIAN_POINT('',(58.173974117007,-69.02337323064,
    6.398057915167));
#9860 = CARTESIAN_POINT('',(57.958671793476,-68.79092878743,
    2.947876222361));
#9861 = CARTESIAN_POINT('',(58.613183349384,-70.01115520318,
    2.233915500647));
#9862 = CARTESIAN_POINT('',(59.690034161215,-71.12786282953,
    5.268224107655E-02));
#9863 = CARTESIAN_POINT('',(61.086956377788,-72.7799451198,
    1.000002622931E-07));
#9864 = CARTESIAN_POINT('',(57.744446526163,-67.89992337675,13.0000001)
  );
#9865 = CARTESIAN_POINT('',(57.615118306815,-67.77222738132,
    10.962334438341));
#9866 = CARTESIAN_POINT('',(57.905262156615,-68.1276294798,
    9.714026220988));
#9867 = CARTESIAN_POINT('',(57.664129363385,-67.8966667738,
    6.582407139261));
#9868 = CARTESIAN_POINT('',(58.246581301076,-68.69978912778,
    6.398057915166));
#9869 = CARTESIAN_POINT('',(58.030344878018,-68.47153861527,
    2.947876222361));
#9870 = CARTESIAN_POINT('',(58.715870098595,-69.553546252,2.233915500648
    ));
#9871 = CARTESIAN_POINT('',(59.794906614457,-70.66051649784,
    5.268224107498E-02));
#9872 = CARTESIAN_POINT('',(61.205818120905,-72.25025746367,
    9.999966721352E-08));
#9873 = CARTESIAN_POINT('',(57.843083014853,-67.69304298565,13.0000001)
  );
#9874 = CARTESIAN_POINT('',(57.713989980004,-67.56479123057,
    10.962334438351));
#9875 = CARTESIAN_POINT('',(58.01440352851,-67.89884014352,
    9.714026220958));
#9876 = CARTESIAN_POINT('',(57.774796737502,-67.66447521215,
    6.582407139309));
#9877 = CARTESIAN_POINT('',(58.391820206716,-68.39523648483,
    6.39805791512));
#9878 = CARTESIAN_POINT('',(58.173680061156,-68.17090404496,
    2.947876222394));
#9879 = CARTESIAN_POINT('',(58.921245399915,-69.12282409441,
    2.233915500633));
#9880 = CARTESIAN_POINT('',(60.004650067162,-70.2206263467,
    5.268224108101E-02));
#9881 = CARTESIAN_POINT('',(61.443540439709,-71.7516888836,
    1.000008076346E-07));
#9882 = CARTESIAN_POINT('',(57.986996622976,-67.51199662297,13.0000001)
  );
#9883 = CARTESIAN_POINT('',(57.858313049368,-67.38331304935,
    10.962334438308));
#9884 = CARTESIAN_POINT('',(58.173512441867,-67.6985124419,
    9.714026221081));
#9885 = CARTESIAN_POINT('',(57.936346097365,-67.46134609729,
    6.58240713912));
#9886 = CARTESIAN_POINT('',(58.603651977128,-68.12865197721,
    6.398057915301));
#9887 = CARTESIAN_POINT('',(58.3828136353,-67.90781363524,2.947876222277
    ));
#9888 = CARTESIAN_POINT('',(59.220859700904,-68.74585970092,
    2.233915500681));
#9889 = CARTESIAN_POINT('',(60.310644237837,-69.83564423783,
    5.268224106763E-02));
#9890 = CARTESIAN_POINT('',(61.790351834869,-71.31535183486,
    9.999944516892E-08));
#9891 = CARTESIAN_POINT('',(58.168042985654,-67.36808301485,13.0000001)
  );
#9892 = CARTESIAN_POINT('',(58.039791230544,-67.23898998,10.962334438336
    ));
#9893 = CARTESIAN_POINT('',(58.373840143609,-67.53940352848,
    9.714026220999));
#9894 = CARTESIAN_POINT('',(58.139475212015,-67.29979673755,
    6.582407139247));
#9895 = CARTESIAN_POINT('',(58.870236484975,-67.91682020665,
    6.398057915178));
#9896 = CARTESIAN_POINT('',(58.645904044873,-67.6986800612,
    2.947876222359));
#9897 = CARTESIAN_POINT('',(59.597824094448,-68.44624539989,
    2.233915500645));
#9898 = CARTESIAN_POINT('',(60.695626346696,-69.52965006716,
    5.268224107838E-02));
#9899 = CARTESIAN_POINT('',(62.226688883609,-70.9685404397,
    1.000005589447E-07));
#9900 = CARTESIAN_POINT('',(58.37492337676,-67.26944652616,13.0000001));
#9901 = CARTESIAN_POINT('',(58.247227381273,-67.14011830682,
    10.962334438328));
#9902 = CARTESIAN_POINT('',(58.602629479947,-67.43026215659,
    9.714026221024));
#9903 = CARTESIAN_POINT('',(58.371666773599,-67.1891293634,
    6.582407139207));
#9904 = CARTESIAN_POINT('',(59.174789127972,-67.77158130106,
    6.398057915217));
#9905 = CARTESIAN_POINT('',(58.946538615158,-67.55534487801,
    2.94787622233));
#9906 = CARTESIAN_POINT('',(60.028546252046,-68.24087009859,
    2.23391550066));
#9907 = CARTESIAN_POINT('',(61.135516497841,-69.31990661445,
    5.268224107288E-02));
#9908 = CARTESIAN_POINT('',(62.725257463673,-70.7308181209,
    9.999989991627E-08));
#9909 = CARTESIAN_POINT('',(58.594711232712,-67.220125,13.0000001));
#9910 = CARTESIAN_POINT('',(58.46757943683,-67.09066429049,
    10.96233443831));
#9911 = CARTESIAN_POINT('',(58.84574527268,-67.37571739405,
    9.714026221073));
#9912 = CARTESIAN_POINT('',(58.61831242154,-67.13377351012,
    6.582407139135));
#9913 = CARTESIAN_POINT('',(59.498373230661,-67.698974117,6.398057915283
    ));
#9914 = CARTESIAN_POINT('',(59.265928787427,-67.48367179347,
    2.947876222293));
#9915 = CARTESIAN_POINT('',(60.486155203182,-68.13818334938,
    2.233915500672));
#9916 = CARTESIAN_POINT('',(61.602862829533,-69.21503416121,
    5.268224107209E-02));
#9917 = CARTESIAN_POINT('',(63.254945119802,-70.61195637778,
    1.000001752516E-07));
#9918 = CARTESIAN_POINT('',(58.8145,-67.220125,13.0000001));
#9919 = CARTESIAN_POINT('',(58.687937209095,-67.09066429046,
    10.96233443834));
#9920 = CARTESIAN_POINT('',(59.088852540158,-67.37571739413,
    9.714026220991));
#9921 = CARTESIAN_POINT('',(58.864965054435,-67.13377351001,
    6.582407139258));
#9922 = CARTESIAN_POINT('',(59.821953158917,-67.69897411712,
    6.398057915168));
#9923 = CARTESIAN_POINT('',(59.585320517477,-67.4836717934,
    2.947876222363));
#9924 = CARTESIAN_POINT('',(60.943763556841,-68.13818334941,
    2.233915500646));
#9925 = CARTESIAN_POINT('',(62.070209082458,-69.2150341612,
    5.268224107655E-02));
#9926 = CARTESIAN_POINT('',(63.784632609201,-70.61195637778,
    1.000001130791E-07));
#9927 = DEFINITIONAL_REPRESENTATION('',(#9928),#9932);
#9928 = LINE('',#9929,#9930);
#9929 = CARTESIAN_POINT('',(1.,0.));
#9930 = VECTOR('',#9931,1.);
#9931 = DIRECTION('',(0.,1.));
#9932 = ( GEOMETRIC_REPRESENTATION_CONTEXT(2) 
PARAMETRIC_REPRESENTATION_CONTEXT() REPRESENTATION_CONTEXT('2D SPACE',''
  ) );
#9933 = ORIENTED_EDGE('',*,*,#9934,.F.);
#9934 = EDGE_CURVE('',#9935,#9824,#9937,.T.);
#9935 = VERTEX_POINT('',#9936);
#9936 = CARTESIAN_POINT('',(61.086956377788,-79.09036739079,
    1.000001130791E-07));
#9937 = SURFACE_CURVE('',#9938,(#9948,#9955),.PCURVE_S1.);
#9938 = B_SPLINE_CURVE_WITH_KNOTS('',8,(#9939,#9940,#9941,#9942,#9943,
    #9944,#9945,#9946,#9947),.UNSPECIFIED.,.F.,.F.,(9,9),(0.,1.),
  .PIECEWISE_BEZIER_KNOTS.);
#9939 = CARTESIAN_POINT('',(61.086956377788,-79.09036739079,
    1.000001130791E-07));
#9940 = CARTESIAN_POINT('',(61.086956377788,-78.3677755431,
    1.000001130791E-07));
#9941 = CARTESIAN_POINT('',(61.086956377788,-77.6451836954,
    1.000001130791E-07));
#9942 = CARTESIAN_POINT('',(61.086956377788,-76.9225918477,
    1.000001130791E-07));
#9943 = CARTESIAN_POINT('',(61.086956377788,-76.2,1.000001130791E-07));
#9944 = CARTESIAN_POINT('',(61.086956377788,-75.4774081523,
    1.000001130791E-07));
#9945 = CARTESIAN_POINT('',(61.086956377788,-74.7548163046,
    1.000001130791E-07));
#9946 = CARTESIAN_POINT('',(61.086956377788,-74.0322244569,
    1.000001130791E-07));
#9947 = CARTESIAN_POINT('',(61.086956377788,-73.3096326092,
    1.000001130791E-07));
#9948 = PCURVE('',#9716,#9949);
#9949 = DEFINITIONAL_REPRESENTATION('',(#9950),#9954);
#9950 = LINE('',#9951,#9952);
#9951 = CARTESIAN_POINT('',(0.,1.));
#9952 = VECTOR('',#9953,1.);
#9953 = DIRECTION('',(1.,0.));
#9954 = ( GEOMETRIC_REPRESENTATION_CONTEXT(2) 
PARAMETRIC_REPRESENTATION_CONTEXT() REPRESENTATION_CONTEXT('2D SPACE',''
  ) );
#9955 = PCURVE('',#9956,#9961);
#9956 = PLANE('',#9957);
#9957 = AXIS2_PLACEMENT_3D('',#9958,#9959,#9960);
#9958 = CARTESIAN_POINT('',(61.086956377788,-79.09036739079,
    1.000001130791E-07));
#9959 = DIRECTION('',(-9.254024840945E-17,2.578538180105E-16,-1.));
#9960 = DIRECTION('',(0.827324590189,0.56172415158,6.828189406213E-17));
#9961 = DEFINITIONAL_REPRESENTATION('',(#9962),#9972);
#9962 = B_SPLINE_CURVE_WITH_KNOTS('',8,(#9963,#9964,#9965,#9966,#9967,
    #9968,#9969,#9970,#9971),.UNSPECIFIED.,.F.,.F.,(9,9),(0.,1.),
  .PIECEWISE_BEZIER_KNOTS.);
#9963 = CARTESIAN_POINT('',(0.,0.));
#9964 = CARTESIAN_POINT('',(0.405897292588,-0.597818004273));
#9965 = CARTESIAN_POINT('',(0.811794585175,-1.195636008545));
#9966 = CARTESIAN_POINT('',(1.217691877763,-1.793454012818));
#9967 = CARTESIAN_POINT('',(1.62358917035,-2.39127201709));
#9968 = CARTESIAN_POINT('',(2.029486462938,-2.989090021363));
#9969 = CARTESIAN_POINT('',(2.435383755525,-3.586908025635));
#9970 = CARTESIAN_POINT('',(2.841281048113,-4.184726029908));
#9971 = CARTESIAN_POINT('',(3.2471783407,-4.78254403418));
#9972 = ( GEOMETRIC_REPRESENTATION_CONTEXT(2) 
PARAMETRIC_REPRESENTATION_CONTEXT() REPRESENTATION_CONTEXT('2D SPACE',''
  ) );
#9973 = ORIENTED_EDGE('',*,*,#9974,.F.);
#9974 = EDGE_CURVE('',#9700,#9935,#9975,.T.);
#9975 = SURFACE_CURVE('',#9976,(#9986,#9993),.PCURVE_S1.);
#9976 = ( BOUNDED_CURVE() B_SPLINE_CURVE(8,(#9977,#9978,#9979,#9980,
    #9981,#9982,#9983,#9984,#9985),.UNSPECIFIED.,.F.,.F.) 
B_SPLINE_CURVE_WITH_KNOTS((9,9),(0.,1.),.PIECEWISE_BEZIER_KNOTS.) CURVE(
) GEOMETRIC_REPRESENTATION_ITEM() RATIONAL_B_SPLINE_CURVE((1.,
    0.999999999996,1.000000000012,0.999999999983,1.000000000017,
0.99999999999,1.000000000004,0.999999999999,1.)) REPRESENTATION_ITEM(''
  ) );
#9977 = CARTESIAN_POINT('',(57.695125,-84.0605,13.0000001));
#9978 = CARTESIAN_POINT('',(57.565664290465,-84.1870627909,
    10.96233443834));
#9979 = CARTESIAN_POINT('',(57.850717394133,-83.78614745984,
    9.714026220991));
#9980 = CARTESIAN_POINT('',(57.608773510014,-84.01003494556,
    6.582407139258));
#9981 = CARTESIAN_POINT('',(58.17397411712,-83.05304684108,
    6.398057915168));
#9982 = CARTESIAN_POINT('',(57.958671793406,-83.28967948252,
    2.947876222363));
#9983 = CARTESIAN_POINT('',(58.61318334941,-81.93123644315,
    2.233915500646));
#9984 = CARTESIAN_POINT('',(59.690034161209,-80.80479091754,
    5.268224107655E-02));
#9985 = CARTESIAN_POINT('',(61.086956377788,-79.09036739079,
    1.000001130791E-07));
#9986 = PCURVE('',#9716,#9987);
#9987 = DEFINITIONAL_REPRESENTATION('',(#9988),#9992);
#9988 = LINE('',#9989,#9990);
#9989 = CARTESIAN_POINT('',(0.,0.));
#9990 = VECTOR('',#9991,1.);
#9991 = DIRECTION('',(0.,1.));
#9992 = ( GEOMETRIC_REPRESENTATION_CONTEXT(2) 
PARAMETRIC_REPRESENTATION_CONTEXT() REPRESENTATION_CONTEXT('2D SPACE',''
  ) );
#9993 = PCURVE('',#9994,#10076);
#9994 = ( BOUNDED_SURFACE() B_SPLINE_SURFACE(8,8,(
    (#9995,#9996,#9997,#9998,#9999,#10000,#10001,#10002,#10003)
    ,(#10004,#10005,#10006,#10007,#10008,#10009,#10010,#10011,#10012)
    ,(#10013,#10014,#10015,#10016,#10017,#10018,#10019,#10020,#10021)
    ,(#10022,#10023,#10024,#10025,#10026,#10027,#10028,#10029,#10030)
    ,(#10031,#10032,#10033,#10034,#10035,#10036,#10037,#10038,#10039)
    ,(#10040,#10041,#10042,#10043,#10044,#10045,#10046,#10047,#10048)
    ,(#10049,#10050,#10051,#10052,#10053,#10054,#10055,#10056,#10057)
    ,(#10058,#10059,#10060,#10061,#10062,#10063,#10064,#10065,#10066)
    ,(#10067,#10068,#10069,#10070,#10071,#10072,#10073,#10074,#10075
)),.UNSPECIFIED.,.F.,.F.,.F.) B_SPLINE_SURFACE_WITH_KNOTS((9,9),(9,9),(
    7.,8.),(0.,1.),.PIECEWISE_BEZIER_KNOTS.) 
GEOMETRIC_REPRESENTATION_ITEM() RATIONAL_B_SPLINE_SURFACE((
    (1.,0.999999999996,1.000000000012,0.999999999983,1.000000000017
      ,0.99999999999,1.000000000004,0.999999999999,1.)
    ,(1.,0.999999999996,1.000000000012,0.999999999983,1.000000000017
      ,0.99999999999,1.000000000004,0.999999999999,1.)
    ,(1.,0.999999999996,1.000000000012,0.999999999983,1.000000000017
      ,0.99999999999,1.000000000004,0.999999999999,1.)
    ,(1.,0.999999999996,1.000000000012,0.999999999983,1.000000000017
      ,0.99999999999,1.000000000004,0.999999999999,1.)
    ,(1.,0.999999999996,1.000000000012,0.999999999983,1.000000000017
      ,0.99999999999,1.000000000004,0.999999999999,1.)
    ,(1.,0.999999999996,1.000000000012,0.999999999983,1.000000000017
      ,0.99999999999,1.000000000004,0.999999999999,1.)
    ,(1.,0.999999999996,1.000000000012,0.999999999983,1.000000000017
      ,0.99999999999,1.000000000004,0.999999999999,1.)
    ,(1.,0.999999999996,1.000000000012,0.999999999983,1.000000000017
      ,0.99999999999,1.000000000004,0.999999999999,1.)
    ,(1.,0.999999999996,1.000000000012,0.999999999983,1.000000000017
      ,0.99999999999,1.000000000004,0.999999999999,1.
))) REPRESENTATION_ITEM('') SURFACE() );
#9995 = CARTESIAN_POINT('',(58.8145,-85.179875,13.0000001));
#9996 = CARTESIAN_POINT('',(58.687937209137,-85.30933570951,
    10.962334438332));
#9997 = CARTESIAN_POINT('',(59.088852540039,-85.02428260591,
    9.714026221013));
#9998 = CARTESIAN_POINT('',(58.864965054614,-85.26622648991,
    6.582407139224));
#9999 = CARTESIAN_POINT('',(59.821953158748,-84.70102588294,
    6.398057915201));
#10000 = CARTESIAN_POINT('',(59.585320517581,-84.91632820655,
    2.947876222342));
#10001 = CARTESIAN_POINT('',(60.943763556802,-84.2618166506,
    2.233915500654));
#10002 = CARTESIAN_POINT('',(62.070209082466,-83.18496583878,
    5.268224107498E-02));
#10003 = CARTESIAN_POINT('',(63.784632609201,-81.78804362221,
    1.000001130791E-07));
#10004 = CARTESIAN_POINT('',(58.594711232712,-85.179875,13.0000001));
#10005 = CARTESIAN_POINT('',(58.467579436825,-85.30933570953,
    10.962334438345));
#10006 = CARTESIAN_POINT('',(58.845745272695,-85.02428260587,
    9.714026220974));
#10007 = CARTESIAN_POINT('',(58.618312421519,-85.26622648996,
    6.582407139283));
#10008 = CARTESIAN_POINT('',(59.498373230681,-84.70102588289,
    6.398057915145));
#10009 = CARTESIAN_POINT('',(59.265928787414,-84.91632820658,
    2.947876222376));
#10010 = CARTESIAN_POINT('',(60.486155203187,-84.26181665059,
    2.233915500641));
#10011 = CARTESIAN_POINT('',(61.602862829532,-83.18496583879,
    5.26822410776E-02));
#10012 = CARTESIAN_POINT('',(63.254945119802,-81.78804362221,
    1.000001539353E-07));
#10013 = CARTESIAN_POINT('',(58.374923376759,-85.13055347383,13.0000001)
  );
#10014 = CARTESIAN_POINT('',(58.247227381302,-85.25988169316,
    10.962334438359));
#10015 = CARTESIAN_POINT('',(58.602629479867,-84.96973784344,
    9.714026220937));
#10016 = CARTESIAN_POINT('',(58.371666773714,-85.21087063653,
    6.582407139336));
#10017 = CARTESIAN_POINT('',(59.174789127868,-84.62841869899,
    6.398057915095));
#10018 = CARTESIAN_POINT('',(58.94653861522,-84.84465512193,
    2.947876222405));
#10019 = CARTESIAN_POINT('',(60.028546252023,-84.15912990142,
    2.233915500631));
#10020 = CARTESIAN_POINT('',(61.135516497846,-83.08009338553,
    5.268224107891E-02));
#10021 = CARTESIAN_POINT('',(62.725257463673,-81.66918187909,
    9.999998340504E-08));
#10022 = CARTESIAN_POINT('',(58.168042985654,-85.03191698514,13.0000001)
  );
#10023 = CARTESIAN_POINT('',(58.039791230561,-85.16101002,
    10.962334438321));
#10024 = CARTESIAN_POINT('',(58.373840143558,-84.86059647146,
    9.714026221042));
#10025 = CARTESIAN_POINT('',(58.139475212102,-85.10020326253,
    6.582407139183));
#10026 = CARTESIAN_POINT('',(58.870236484885,-84.48317979326,
    6.398057915239));
#10027 = CARTESIAN_POINT('',(58.645904044931,-84.70131993885,
    2.947876222321));
#10028 = CARTESIAN_POINT('',(59.597824094427,-83.95375460008,
    2.233915500661));
#10029 = CARTESIAN_POINT('',(60.695626346699,-82.87034993283,
    5.268224107445E-02));
#10030 = CARTESIAN_POINT('',(62.226688883609,-81.43145956029,
    1.000003173601E-07));
#10031 = CARTESIAN_POINT('',(57.986996622976,-84.88800337702,13.0000001)
  );
#10032 = CARTESIAN_POINT('',(57.858313049376,-85.01668695063,
    10.962334438321));
#10033 = CARTESIAN_POINT('',(58.173512441847,-84.70148755813,
    9.714026221044));
#10034 = CARTESIAN_POINT('',(57.936346097385,-84.93865390263,
    6.582407139177));
#10035 = CARTESIAN_POINT('',(58.603651977119,-84.27134802286,
    6.398057915245));
#10036 = CARTESIAN_POINT('',(58.382813635302,-84.4921863647,
    2.947876222312));
#10037 = CARTESIAN_POINT('',(59.220859700903,-83.65414029909,
    2.233915500666));
#10038 = CARTESIAN_POINT('',(60.310644237838,-82.56435576216,
    5.268224107183E-02));
#10039 = CARTESIAN_POINT('',(61.790351834869,-81.08464816513,
    9.999995320698E-08));
#10040 = CARTESIAN_POINT('',(57.843083014853,-84.70695701434,13.0000001)
  );
#10041 = CARTESIAN_POINT('',(57.713989979974,-84.83520876944,
    10.962334438353));
#10042 = CARTESIAN_POINT('',(58.014403528592,-84.50115985643,
    9.714026220954));
#10043 = CARTESIAN_POINT('',(57.774796737388,-84.73552478792,
    6.582407139313));
#10044 = CARTESIAN_POINT('',(58.391820206813,-84.00476351508,
    6.398057915118));
#10045 = CARTESIAN_POINT('',(58.1736800611,-84.22909595508,
    2.947876222394));
#10046 = CARTESIAN_POINT('',(58.921245399935,-83.27717590556,
    2.233915500634));
#10047 = CARTESIAN_POINT('',(60.004650067157,-82.1793736533,
    5.268224107943E-02));
#10048 = CARTESIAN_POINT('',(61.443540439709,-80.64831111639,
    1.000001805807E-07));
#10049 = CARTESIAN_POINT('',(57.744446526163,-84.50007662324,13.0000001)
  );
#10050 = CARTESIAN_POINT('',(57.615118306825,-84.62777261871,
    10.962334438318));
#10051 = CARTESIAN_POINT('',(57.905262156586,-84.27237052008,
    9.714026221051));
#10052 = CARTESIAN_POINT('',(57.664129363424,-84.50333322635,
    6.582407139167));
#10053 = CARTESIAN_POINT('',(58.246581301043,-83.70021087207,
    6.398057915255));
#10054 = CARTESIAN_POINT('',(58.030344878037,-83.92846138481,
    2.947876222308));
#10055 = CARTESIAN_POINT('',(58.715870098588,-82.84645374796,
    2.233915500668));
#10056 = CARTESIAN_POINT('',(59.794906614459,-81.73948350215,
    5.268224107209E-02));
#10057 = CARTESIAN_POINT('',(61.205818120906,-80.14974253632,
    1.000001113027E-07));
#10058 = CARTESIAN_POINT('',(57.695125,-84.28028876728,13.0000001));
#10059 = CARTESIAN_POINT('',(57.565664290483,-84.40742056316,
    10.96233443832));
#10060 = CARTESIAN_POINT('',(57.850717394081,-84.02925472734,
    9.714026221047));
#10061 = CARTESIAN_POINT('',(57.608773510091,-84.25668757842,
    6.582407139173));
#10062 = CARTESIAN_POINT('',(58.173974117047,-83.37662676936,
    6.39805791525));
#10063 = CARTESIAN_POINT('',(57.95867179345,-83.60907121255,
    2.947876222312));
#10064 = CARTESIAN_POINT('',(58.613183349394,-82.38884479682,
    2.233915500666));
#10065 = CARTESIAN_POINT('',(59.690034161212,-81.27213717046,
    5.268224107288E-02));
#10066 = CARTESIAN_POINT('',(61.086956377788,-79.62005488019,
    1.000000970919E-07));
#10067 = CARTESIAN_POINT('',(57.695125,-84.0605,13.0000001));
#10068 = CARTESIAN_POINT('',(57.565664290464,-84.18706279089,
    10.962334438332));
#10069 = CARTESIAN_POINT('',(57.850717394135,-83.78614745986,
    9.714026221013));
#10070 = CARTESIAN_POINT('',(57.608773510009,-84.01003494552,
    6.582407139224));
#10071 = CARTESIAN_POINT('',(58.173974117124,-83.05304684111,
    6.398057915201));
#10072 = CARTESIAN_POINT('',(57.958671793403,-83.2896794825,
    2.947876222342));
#10073 = CARTESIAN_POINT('',(58.613183349412,-81.93123644316,
    2.233915500654));
#10074 = CARTESIAN_POINT('',(59.690034161209,-80.80479091754,
    5.268224107498E-02));
#10075 = CARTESIAN_POINT('',(61.086956377788,-79.09036739079,
    1.000001130791E-07));
#10076 = DEFINITIONAL_REPRESENTATION('',(#10077),#10081);
#10077 = LINE('',#10078,#10079);
#10078 = CARTESIAN_POINT('',(8.,0.));
#10079 = VECTOR('',#10080,1.);
#10080 = DIRECTION('',(0.,1.));
#10081 = ( GEOMETRIC_REPRESENTATION_CONTEXT(2) 
PARAMETRIC_REPRESENTATION_CONTEXT() REPRESENTATION_CONTEXT('2D SPACE',''
  ) );
#10082 = ADVANCED_FACE('',(#10083,#10739),#9805,.F.);
#10083 = FACE_BOUND('',#10084,.F.);
#10084 = EDGE_LOOP('',(#10085,#10086,#10121,#10238,#10355,#10472,#10589,
    #10706));
#10085 = ORIENTED_EDGE('',*,*,#9699,.T.);
#10086 = ORIENTED_EDGE('',*,*,#10087,.T.);
#10087 = EDGE_CURVE('',#9702,#10088,#10090,.T.);
#10088 = VERTEX_POINT('',#10089);
#10089 = CARTESIAN_POINT('',(58.8145,-67.220125,13.0000001));
#10090 = SURFACE_CURVE('',#10091,(#10101,#10114),.PCURVE_S1.);
#10091 = B_SPLINE_CURVE_WITH_KNOTS('',8,(#10092,#10093,#10094,#10095,
    #10096,#10097,#10098,#10099,#10100),.UNSPECIFIED.,.F.,.F.,(9,9),(1.,
    2.),.PIECEWISE_BEZIER_KNOTS.);
#10092 = CARTESIAN_POINT('',(57.695125,-68.3395,13.0000001));
#10093 = CARTESIAN_POINT('',(57.695125,-68.11971123271,13.0000001));
#10094 = CARTESIAN_POINT('',(57.744446526163,-67.89992337675,13.0000001)
  );
#10095 = CARTESIAN_POINT('',(57.843083014853,-67.69304298565,13.0000001)
  );
#10096 = CARTESIAN_POINT('',(57.986996622976,-67.51199662297,13.0000001)
  );
#10097 = CARTESIAN_POINT('',(58.168042985654,-67.36808301485,13.0000001)
  );
#10098 = CARTESIAN_POINT('',(58.37492337676,-67.26944652616,13.0000001)
  );
#10099 = CARTESIAN_POINT('',(58.594711232712,-67.220125,13.0000001));
#10100 = CARTESIAN_POINT('',(58.8145,-67.220125,13.0000001));
#10101 = PCURVE('',#9805,#10102);
#10102 = DEFINITIONAL_REPRESENTATION('',(#10103),#10113);
#10103 = B_SPLINE_CURVE_WITH_KNOTS('',8,(#10104,#10105,#10106,#10107,
    #10108,#10109,#10110,#10111,#10112),.UNSPECIFIED.,.F.,.F.,(9,9),(1.,
    2.),.PIECEWISE_BEZIER_KNOTS.);
#10104 = CARTESIAN_POINT('',(10.746216544994,-11.47469698807));
#10105 = CARTESIAN_POINT('',(10.896454932338,-11.63511995773));
#10106 = CARTESIAN_POINT('',(11.082692287578,-11.76182813458));
#10107 = CARTESIAN_POINT('',(11.29610144103,-11.84540556184));
#10108 = CARTESIAN_POINT('',(11.524899129708,-11.87917729111));
#10109 = CARTESIAN_POINT('',(11.755417477725,-11.86046357237));
#10110 = CARTESIAN_POINT('',(11.973842442257,-11.79104320076));
#10111 = CARTESIAN_POINT('',(12.167978874366,-11.67680502721));
#10112 = CARTESIAN_POINT('',(12.328401844026,-11.52656663987));
#10113 = ( GEOMETRIC_REPRESENTATION_CONTEXT(2) 
PARAMETRIC_REPRESENTATION_CONTEXT() REPRESENTATION_CONTEXT('2D SPACE',''
  ) );
#10114 = PCURVE('',#9845,#10115);
#10115 = DEFINITIONAL_REPRESENTATION('',(#10116),#10120);
#10116 = LINE('',#10117,#10118);
#10117 = CARTESIAN_POINT('',(0.,0.));
#10118 = VECTOR('',#10119,1.);
#10119 = DIRECTION('',(1.,0.));
#10120 = ( GEOMETRIC_REPRESENTATION_CONTEXT(2) 
PARAMETRIC_REPRESENTATION_CONTEXT() REPRESENTATION_CONTEXT('2D SPACE',''
  ) );
#10121 = ORIENTED_EDGE('',*,*,#10122,.T.);
#10122 = EDGE_CURVE('',#10088,#10123,#10125,.T.);
#10123 = VERTEX_POINT('',#10124);
#10124 = CARTESIAN_POINT('',(74.5355,-67.220125,13.0000001));
#10125 = SURFACE_CURVE('',#10126,(#10136,#10149),.PCURVE_S1.);
#10126 = B_SPLINE_CURVE_WITH_KNOTS('',8,(#10127,#10128,#10129,#10130,
    #10131,#10132,#10133,#10134,#10135),.UNSPECIFIED.,.F.,.F.,(9,9),(2.,
    3.),.PIECEWISE_BEZIER_KNOTS.);
#10127 = CARTESIAN_POINT('',(58.8145,-67.220125,13.0000001));
#10128 = CARTESIAN_POINT('',(60.779625,-67.220125,13.0000001));
#10129 = CARTESIAN_POINT('',(62.74475,-67.220125,13.0000001));
#10130 = CARTESIAN_POINT('',(64.709875,-67.220125,13.0000001));
#10131 = CARTESIAN_POINT('',(66.675,-67.220125,13.0000001));
#10132 = CARTESIAN_POINT('',(68.640125,-67.220125,13.0000001));
#10133 = CARTESIAN_POINT('',(70.60525,-67.220125,13.0000001));
#10134 = CARTESIAN_POINT('',(72.570375,-67.220125,13.0000001));
#10135 = CARTESIAN_POINT('',(74.5355,-67.220125,13.0000001));
#10136 = PCURVE('',#9805,#10137);
#10137 = DEFINITIONAL_REPRESENTATION('',(#10138),#10148);
#10138 = B_SPLINE_CURVE_WITH_KNOTS('',8,(#10139,#10140,#10141,#10142,
    #10143,#10144,#10145,#10146,#10147),.UNSPECIFIED.,.F.,.F.,(9,9),(2.,
    3.),.PIECEWISE_BEZIER_KNOTS.);
#10139 = CARTESIAN_POINT('',(12.328401844026,-11.52656663987));
#10140 = CARTESIAN_POINT('',(13.762738967535,-10.18328957175));
#10141 = CARTESIAN_POINT('',(15.197076091044,-8.840012503626));
#10142 = CARTESIAN_POINT('',(16.631413214553,-7.496735435502));
#10143 = CARTESIAN_POINT('',(18.065750338062,-6.153458367378));
#10144 = CARTESIAN_POINT('',(19.500087461572,-4.810181299253));
#10145 = CARTESIAN_POINT('',(20.934424585081,-3.466904231129));
#10146 = CARTESIAN_POINT('',(22.36876170859,-2.123627163005));
#10147 = CARTESIAN_POINT('',(23.803098832099,-0.780350094881));
#10148 = ( GEOMETRIC_REPRESENTATION_CONTEXT(2) 
PARAMETRIC_REPRESENTATION_CONTEXT() REPRESENTATION_CONTEXT('2D SPACE',''
  ) );
#10149 = PCURVE('',#10150,#10232);
#10150 = ( BOUNDED_SURFACE() B_SPLINE_SURFACE(8,8,(
    (#10151,#10152,#10153,#10154,#10155,#10156,#10157,#10158,#10159)
    ,(#10160,#10161,#10162,#10163,#10164,#10165,#10166,#10167,#10168)
    ,(#10169,#10170,#10171,#10172,#10173,#10174,#10175,#10176,#10177)
    ,(#10178,#10179,#10180,#10181,#10182,#10183,#10184,#10185,#10186)
    ,(#10187,#10188,#10189,#10190,#10191,#10192,#10193,#10194,#10195)
    ,(#10196,#10197,#10198,#10199,#10200,#10201,#10202,#10203,#10204)
    ,(#10205,#10206,#10207,#10208,#10209,#10210,#10211,#10212,#10213)
    ,(#10214,#10215,#10216,#10217,#10218,#10219,#10220,#10221,#10222)
    ,(#10223,#10224,#10225,#10226,#10227,#10228,#10229,#10230,#10231
)),.UNSPECIFIED.,.F.,.F.,.F.) B_SPLINE_SURFACE_WITH_KNOTS((9,9),(9,9),(
    2.,3.),(0.,1.),.PIECEWISE_BEZIER_KNOTS.) 
GEOMETRIC_REPRESENTATION_ITEM() RATIONAL_B_SPLINE_SURFACE((
    (1.,0.999999999996,1.000000000012,0.999999999983,1.000000000017
      ,0.99999999999,1.000000000004,0.999999999999,1.)
    ,(1.,0.999999999996,1.000000000012,0.999999999983,1.000000000017
      ,0.99999999999,1.000000000004,0.999999999999,1.)
    ,(1.,0.999999999996,1.000000000012,0.999999999983,1.000000000017
      ,0.99999999999,1.000000000004,0.999999999999,1.)
    ,(1.,0.999999999996,1.000000000012,0.999999999983,1.000000000017
      ,0.99999999999,1.000000000004,0.999999999999,1.)
    ,(1.,0.999999999996,1.000000000012,0.999999999983,1.000000000017
      ,0.99999999999,1.000000000004,0.999999999999,1.)
    ,(1.,0.999999999996,1.000000000012,0.999999999983,1.000000000017
      ,0.99999999999,1.000000000004,0.999999999999,1.)
    ,(1.,0.999999999996,1.000000000012,0.999999999983,1.000000000017
      ,0.99999999999,1.000000000004,0.999999999999,1.)
    ,(1.,0.999999999996,1.000000000012,0.999999999983,1.000000000017
      ,0.99999999999,1.000000000004,0.999999999999,1.)
    ,(1.,0.999999999996,1.000000000012,0.999999999983,1.000000000017
      ,0.99999999999,1.000000000004,0.999999999999,1.
))) REPRESENTATION_ITEM('') SURFACE() );
#10151 = CARTESIAN_POINT('',(58.8145,-67.220125,13.0000001));
#10152 = CARTESIAN_POINT('',(58.687937209095,-67.09066429046,
    10.96233443834));
#10153 = CARTESIAN_POINT('',(59.088852540158,-67.37571739413,
    9.714026220991));
#10154 = CARTESIAN_POINT('',(58.864965054435,-67.13377351001,
    6.582407139258));
#10155 = CARTESIAN_POINT('',(59.821953158917,-67.69897411712,
    6.398057915168));
#10156 = CARTESIAN_POINT('',(59.585320517477,-67.4836717934,
    2.947876222363));
#10157 = CARTESIAN_POINT('',(60.943763556841,-68.13818334941,
    2.233915500646));
#10158 = CARTESIAN_POINT('',(62.070209082458,-69.2150341612,
    5.268224107655E-02));
#10159 = CARTESIAN_POINT('',(63.784632609201,-70.61195637778,
    1.000001130791E-07));
#10160 = CARTESIAN_POINT('',(60.779625,-67.220125,13.0000001));
#10161 = CARTESIAN_POINT('',(60.684702906825,-67.09066429046,
    10.96233443834));
#10162 = CARTESIAN_POINT('',(60.985389405109,-67.37571739413,
    9.714026220991));
#10163 = CARTESIAN_POINT('',(60.817473790841,-67.13377351001,
    6.582407139258));
#10164 = CARTESIAN_POINT('',(61.535214869173,-67.69897411712,
    6.398057915168));
#10165 = CARTESIAN_POINT('',(61.357740388117,-67.4836717934,
    2.947876222363));
#10166 = CARTESIAN_POINT('',(62.376572667627,-68.13818334941,
    2.233915500646));
#10167 = CARTESIAN_POINT('',(63.221406811844,-69.2150341612,
    5.268224107655E-02));
#10168 = CARTESIAN_POINT('',(64.5072244569,-70.61195637778,
    1.000001130791E-07));
#10169 = CARTESIAN_POINT('',(62.74475,-67.220125,13.0000001));
#10170 = CARTESIAN_POINT('',(62.681468604555,-67.09066429046,
    10.96233443834));
#10171 = CARTESIAN_POINT('',(62.881926270057,-67.37571739413,
    9.714026220991));
#10172 = CARTESIAN_POINT('',(62.76998252725,-67.13377351001,
    6.582407139258));
#10173 = CARTESIAN_POINT('',(63.248476579427,-67.69897411712,
    6.398057915168));
#10174 = CARTESIAN_POINT('',(63.130160258758,-67.4836717934,
    2.947876222363));
#10175 = CARTESIAN_POINT('',(63.809381778413,-68.13818334941,
    2.233915500646));
#10176 = CARTESIAN_POINT('',(64.372604541231,-69.2150341612,
    5.268224107655E-02));
#10177 = CARTESIAN_POINT('',(65.2298163046,-70.61195637778,
    1.000001130791E-07));
#10178 = CARTESIAN_POINT('',(64.709875,-67.220125,13.0000001));
#10179 = CARTESIAN_POINT('',(64.678234302276,-67.09066429046,
    10.96233443834));
#10180 = CARTESIAN_POINT('',(64.778463135034,-67.37571739413,
    9.714026220991));
#10181 = CARTESIAN_POINT('',(64.722491263617,-67.13377351001,
    6.582407139258));
#10182 = CARTESIAN_POINT('',(64.961738289721,-67.69897411712,
    6.398057915168));
#10183 = CARTESIAN_POINT('',(64.902580129374,-67.4836717934,
    2.947876222363));
#10184 = CARTESIAN_POINT('',(65.242190889208,-68.13818334941,
    2.233915500646));
#10185 = CARTESIAN_POINT('',(65.523802270615,-69.2150341612,
    5.268224107655E-02));
#10186 = CARTESIAN_POINT('',(65.9524081523,-70.61195637778,
    1.000001130791E-07));
#10187 = CARTESIAN_POINT('',(66.675,-67.220125,13.0000001));
#10188 = CARTESIAN_POINT('',(66.675,-67.09066429046,10.96233443834));
#10189 = CARTESIAN_POINT('',(66.675,-67.37571739413,9.714026220991));
#10190 = CARTESIAN_POINT('',(66.675,-67.13377351001,6.582407139258));
#10191 = CARTESIAN_POINT('',(66.675,-67.69897411712,6.398057915168));
#10192 = CARTESIAN_POINT('',(66.675,-67.4836717934,2.947876222363));
#10193 = CARTESIAN_POINT('',(66.675,-68.13818334941,2.233915500646));
#10194 = CARTESIAN_POINT('',(66.675,-69.2150341612,5.268224107655E-02));
#10195 = CARTESIAN_POINT('',(66.675,-70.61195637778,1.000001130791E-07)
  );
#10196 = CARTESIAN_POINT('',(68.640125,-67.220125,13.0000001));
#10197 = CARTESIAN_POINT('',(68.671765697721,-67.09066429046,
    10.96233443834));
#10198 = CARTESIAN_POINT('',(68.571536864975,-67.37571739413,
    9.714026220991));
#10199 = CARTESIAN_POINT('',(68.62750873637,-67.13377351001,
    6.582407139258));
#10200 = CARTESIAN_POINT('',(68.388261710291,-67.69897411712,
    6.398057915168));
#10201 = CARTESIAN_POINT('',(68.447419870618,-67.4836717934,
    2.947876222363));
#10202 = CARTESIAN_POINT('',(68.107809110795,-68.13818334941,
    2.233915500646));
#10203 = CARTESIAN_POINT('',(67.826197729385,-69.2150341612,
    5.268224107655E-02));
#10204 = CARTESIAN_POINT('',(67.3975918477,-70.61195637778,
    1.000001130791E-07));
#10205 = CARTESIAN_POINT('',(70.60525,-67.220125,13.0000001));
#10206 = CARTESIAN_POINT('',(70.668531395439,-67.09066429046,
    10.96233443834));
#10207 = CARTESIAN_POINT('',(70.468073729959,-67.37571739413,
    9.714026220991));
#10208 = CARTESIAN_POINT('',(70.580017472726,-67.13377351001,
    6.582407139258));
#10209 = CARTESIAN_POINT('',(70.101523420595,-67.69897411712,
    6.398057915168));
#10210 = CARTESIAN_POINT('',(70.219839741228,-67.4836717934,
    2.947876222363));
#10211 = CARTESIAN_POINT('',(69.540618221592,-68.13818334941,
    2.233915500646));
#10212 = CARTESIAN_POINT('',(68.977395458768,-69.2150341612,
    5.268224107655E-02));
#10213 = CARTESIAN_POINT('',(68.1201836954,-70.61195637778,
    1.000001130791E-07));
#10214 = CARTESIAN_POINT('',(72.570375,-67.220125,13.0000001));
#10215 = CARTESIAN_POINT('',(72.665297093175,-67.09066429046,
    10.96233443834));
#10216 = CARTESIAN_POINT('',(72.364610594893,-67.37571739413,
    9.714026220991));
#10217 = CARTESIAN_POINT('',(72.532526209156,-67.13377351001,
    6.582407139258));
#10218 = CARTESIAN_POINT('',(71.814785130829,-67.69897411712,
    6.398057915168));
#10219 = CARTESIAN_POINT('',(71.992259611882,-67.4836717934,
    2.947876222363));
#10220 = CARTESIAN_POINT('',(70.973427332373,-68.13818334941,
    2.233915500646));
#10221 = CARTESIAN_POINT('',(70.128593188155,-69.2150341612,
    5.268224107655E-02));
#10222 = CARTESIAN_POINT('',(68.8427755431,-70.61195637778,
    1.000001130791E-07));
#10223 = CARTESIAN_POINT('',(74.5355,-67.220125,13.0000001));
#10224 = CARTESIAN_POINT('',(74.662062790905,-67.09066429049,
    10.962334438316));
#10225 = CARTESIAN_POINT('',(74.261147459843,-67.37571739404,
    9.714026221057));
#10226 = CARTESIAN_POINT('',(74.485034945563,-67.13377351014,
    6.582407139159));
#10227 = CARTESIAN_POINT('',(73.528046841084,-67.69897411699,
    6.398057915262));
#10228 = CARTESIAN_POINT('',(73.764679482522,-67.48367179348,
    2.947876222304));
#10229 = CARTESIAN_POINT('',(72.406236443159,-68.13818334938,
    2.233915500668));
#10230 = CARTESIAN_POINT('',(71.279790917542,-69.21503416121,
    5.268224107235E-02));
#10231 = CARTESIAN_POINT('',(69.565367390799,-70.61195637778,
    1.000001237372E-07));
#10232 = DEFINITIONAL_REPRESENTATION('',(#10233),#10237);
#10233 = LINE('',#10234,#10235);
#10234 = CARTESIAN_POINT('',(0.,0.));
#10235 = VECTOR('',#10236,1.);
#10236 = DIRECTION('',(1.,0.));
#10237 = ( GEOMETRIC_REPRESENTATION_CONTEXT(2) 
PARAMETRIC_REPRESENTATION_CONTEXT() REPRESENTATION_CONTEXT('2D SPACE',''
  ) );
#10238 = ORIENTED_EDGE('',*,*,#10239,.T.);
#10239 = EDGE_CURVE('',#10123,#10240,#10242,.T.);
#10240 = VERTEX_POINT('',#10241);
#10241 = CARTESIAN_POINT('',(75.654875,-68.3395,13.0000001));
#10242 = SURFACE_CURVE('',#10243,(#10253,#10266),.PCURVE_S1.);
#10243 = B_SPLINE_CURVE_WITH_KNOTS('',8,(#10244,#10245,#10246,#10247,
    #10248,#10249,#10250,#10251,#10252),.UNSPECIFIED.,.F.,.F.,(9,9),(3.,
    4.),.PIECEWISE_BEZIER_KNOTS.);
#10244 = CARTESIAN_POINT('',(74.5355,-67.220125,13.0000001));
#10245 = CARTESIAN_POINT('',(74.755288767288,-67.220125,13.0000001));
#10246 = CARTESIAN_POINT('',(74.975076623241,-67.26944652616,13.0000001)
  );
#10247 = CARTESIAN_POINT('',(75.181957014346,-67.36808301485,13.0000001)
  );
#10248 = CARTESIAN_POINT('',(75.363003377024,-67.51199662297,13.0000001)
  );
#10249 = CARTESIAN_POINT('',(75.506916985147,-67.69304298565,13.0000001)
  );
#10250 = CARTESIAN_POINT('',(75.605553473837,-67.89992337675,13.0000001)
  );
#10251 = CARTESIAN_POINT('',(75.654875,-68.11971123271,13.0000001));
#10252 = CARTESIAN_POINT('',(75.654875,-68.3395,13.0000001));
#10253 = PCURVE('',#9805,#10254);
#10254 = DEFINITIONAL_REPRESENTATION('',(#10255),#10265);
#10255 = B_SPLINE_CURVE_WITH_KNOTS('',8,(#10256,#10257,#10258,#10259,
    #10260,#10261,#10262,#10263,#10264),.UNSPECIFIED.,.F.,.F.,(9,9),(3.,
    4.),.PIECEWISE_BEZIER_KNOTS.);
#10256 = CARTESIAN_POINT('',(23.803098832099,-0.780350094881));
#10257 = CARTESIAN_POINT('',(23.963521801758,-0.630111707536));
#10258 = CARTESIAN_POINT('',(24.090229978607,-0.443874352296));
#10259 = CARTESIAN_POINT('',(24.17380740587,-0.230465198844));
#10260 = CARTESIAN_POINT('',(24.207579135141,-1.667510167067E-03));
#10261 = CARTESIAN_POINT('',(24.188865416398,0.22885083785));
#10262 = CARTESIAN_POINT('',(24.119445044791,0.447275802383));
#10263 = CARTESIAN_POINT('',(24.005206871245,0.641412234492));
#10264 = CARTESIAN_POINT('',(23.8549684839,0.801835204151));
#10265 = ( GEOMETRIC_REPRESENTATION_CONTEXT(2) 
PARAMETRIC_REPRESENTATION_CONTEXT() REPRESENTATION_CONTEXT('2D SPACE',''
  ) );
#10266 = PCURVE('',#10267,#10349);
#10267 = ( BOUNDED_SURFACE() B_SPLINE_SURFACE(8,8,(
    (#10268,#10269,#10270,#10271,#10272,#10273,#10274,#10275,#10276)
    ,(#10277,#10278,#10279,#10280,#10281,#10282,#10283,#10284,#10285)
    ,(#10286,#10287,#10288,#10289,#10290,#10291,#10292,#10293,#10294)
    ,(#10295,#10296,#10297,#10298,#10299,#10300,#10301,#10302,#10303)
    ,(#10304,#10305,#10306,#10307,#10308,#10309,#10310,#10311,#10312)
    ,(#10313,#10314,#10315,#10316,#10317,#10318,#10319,#10320,#10321)
    ,(#10322,#10323,#10324,#10325,#10326,#10327,#10328,#10329,#10330)
    ,(#10331,#10332,#10333,#10334,#10335,#10336,#10337,#10338,#10339)
    ,(#10340,#10341,#10342,#10343,#10344,#10345,#10346,#10347,#10348
)),.UNSPECIFIED.,.F.,.F.,.F.) B_SPLINE_SURFACE_WITH_KNOTS((9,9),(9,9),(
    3.,4.),(0.,1.),.PIECEWISE_BEZIER_KNOTS.) 
GEOMETRIC_REPRESENTATION_ITEM() RATIONAL_B_SPLINE_SURFACE((
    (1.,0.999999999996,1.000000000012,0.999999999983,1.000000000017
      ,0.99999999999,1.000000000004,0.999999999999,1.)
    ,(1.,0.999999999996,1.000000000012,0.999999999983,1.000000000017
      ,0.99999999999,1.000000000004,0.999999999999,1.)
    ,(1.,0.999999999996,1.000000000012,0.999999999983,1.000000000017
      ,0.99999999999,1.000000000004,0.999999999999,1.)
    ,(1.,0.999999999996,1.000000000012,0.999999999983,1.000000000017
      ,0.99999999999,1.000000000004,0.999999999999,1.)
    ,(1.,0.999999999996,1.000000000012,0.999999999983,1.000000000017
      ,0.99999999999,1.000000000004,0.999999999999,1.)
    ,(1.,0.999999999996,1.000000000012,0.999999999983,1.000000000017
      ,0.99999999999,1.000000000004,0.999999999999,1.)
    ,(1.,0.999999999996,1.000000000012,0.999999999983,1.000000000017
      ,0.99999999999,1.000000000004,0.999999999999,1.)
    ,(1.,0.999999999996,1.000000000012,0.999999999983,1.000000000017
      ,0.99999999999,1.000000000004,0.999999999999,1.)
    ,(1.,0.999999999996,1.000000000012,0.999999999983,1.000000000017
      ,0.99999999999,1.000000000004,0.999999999999,1.
))) REPRESENTATION_ITEM('') SURFACE() );
#10268 = CARTESIAN_POINT('',(74.5355,-67.220125,13.0000001));
#10269 = CARTESIAN_POINT('',(74.662062790905,-67.09066429049,
    10.962334438316));
#10270 = CARTESIAN_POINT('',(74.261147459843,-67.37571739404,
    9.714026221057));
#10271 = CARTESIAN_POINT('',(74.485034945563,-67.13377351014,
    6.582407139159));
#10272 = CARTESIAN_POINT('',(73.528046841084,-67.69897411699,
    6.398057915262));
#10273 = CARTESIAN_POINT('',(73.764679482522,-67.48367179348,
    2.947876222304));
#10274 = CARTESIAN_POINT('',(72.406236443159,-68.13818334938,
    2.233915500668));
#10275 = CARTESIAN_POINT('',(71.279790917542,-69.21503416121,
    5.268224107235E-02));
#10276 = CARTESIAN_POINT('',(69.565367390799,-70.61195637778,
    1.000001237372E-07));
#10277 = CARTESIAN_POINT('',(74.755288767288,-67.220125,13.0000001));
#10278 = CARTESIAN_POINT('',(74.882420563193,-67.0906642905,
    10.96233443834));
#10279 = CARTESIAN_POINT('',(74.504254727254,-67.37571739401,
    9.714026220989));
#10280 = CARTESIAN_POINT('',(74.731687578558,-67.13377351019,
    6.582407139259));
#10281 = CARTESIAN_POINT('',(73.851626769245,-67.69897411694,
    6.398057915169));
#10282 = CARTESIAN_POINT('',(74.084071212631,-67.48367179351,
    2.94787622236));
#10283 = CARTESIAN_POINT('',(72.863844796795,-68.13818334937,
    2.233915500648));
#10284 = CARTESIAN_POINT('',(71.747137170471,-69.21503416121,
    5.268224107629E-02));
#10285 = CARTESIAN_POINT('',(70.095054880198,-70.61195637778,
    1.000002374241E-07));
#10286 = CARTESIAN_POINT('',(74.975076623241,-67.26944652616,13.0000001)
  );
#10287 = CARTESIAN_POINT('',(75.102772618675,-67.14011830683,
    10.962334438342));
#10288 = CARTESIAN_POINT('',(74.747370520199,-67.43026215656,
    9.714026220985));
#10289 = CARTESIAN_POINT('',(74.978333226186,-67.18912936345,
    6.582407139266));
#10290 = CARTESIAN_POINT('',(74.175210872229,-67.77158130102,
    6.39805791516));
#10291 = CARTESIAN_POINT('',(74.40346138472,-67.55534487805,
    2.947876222366));
#10292 = CARTESIAN_POINT('',(73.321453748,-68.24087009858,2.233915500645
    ));
#10293 = CARTESIAN_POINT('',(72.21448350215,-69.31990661446,
    5.268224107602E-02));
#10294 = CARTESIAN_POINT('',(70.624742536327,-70.7308181209,
    9.999969030616E-08));
#10295 = CARTESIAN_POINT('',(75.181957014346,-67.36808301485,13.0000001)
  );
#10296 = CARTESIAN_POINT('',(75.310208769447,-67.23898997995,
    10.962334438337));
#10297 = CARTESIAN_POINT('',(74.976159856419,-67.53940352862,
    9.714026220996));
#10298 = CARTESIAN_POINT('',(75.210524787937,-67.29979673734,
    6.58240713925));
#10299 = CARTESIAN_POINT('',(74.479763515075,-67.91682020685,
    6.398057915175));
#10300 = CARTESIAN_POINT('',(74.704095955094,-67.69868006107,
    2.94787622236));
#10301 = CARTESIAN_POINT('',(73.752175905564,-68.44624539994,
    2.233915500647));
#10302 = CARTESIAN_POINT('',(72.654373653302,-69.52965006715,
    5.268224107786E-02));
#10303 = CARTESIAN_POINT('',(71.123311116391,-70.9685404397,
    1.000008005292E-07));
#10304 = CARTESIAN_POINT('',(75.363003377024,-67.51199662297,13.0000001)
  );
#10305 = CARTESIAN_POINT('',(75.491686950665,-67.38331304939,
    10.962334438322));
#10306 = CARTESIAN_POINT('',(75.176487558036,-67.6985124418,
    9.714026221042));
#10307 = CARTESIAN_POINT('',(75.413653902788,-67.46134609743,
    6.58240713918));
#10308 = CARTESIAN_POINT('',(74.74634802272,-68.12865197707,
    6.398057915244));
#10309 = CARTESIAN_POINT('',(74.967186364798,-67.90781363532,
    2.947876222312));
#10310 = CARTESIAN_POINT('',(74.129140299058,-68.74585970089,
    2.233915500666));
#10311 = CARTESIAN_POINT('',(73.039355762171,-69.83564423783,
    5.268224107078E-02));
#10312 = CARTESIAN_POINT('',(71.559648165131,-71.31535183486,
    9.999942562899E-08));
#10313 = CARTESIAN_POINT('',(75.506916985147,-67.69304298565,13.0000001)
  );
#10314 = CARTESIAN_POINT('',(75.636010020002,-67.56479123054,
    10.962334438322));
#10315 = CARTESIAN_POINT('',(75.335596471476,-67.89884014359,
    9.714026221042));
#10316 = CARTESIAN_POINT('',(75.575203262512,-67.66447521204,
    6.582407139181));
#10317 = CARTESIAN_POINT('',(74.958179793281,-68.39523648493,
    6.39805791524));
#10318 = CARTESIAN_POINT('',(75.17631993884,-68.1709040449,
    2.947876222321));
#10319 = CARTESIAN_POINT('',(74.428754600089,-69.12282409443,
    2.233915500662));
#10320 = CARTESIAN_POINT('',(73.345349932837,-70.22062634669,
    5.268224107524E-02));
#10321 = CARTESIAN_POINT('',(71.906459560291,-71.7516888836,
    1.000005713792E-07));
#10322 = CARTESIAN_POINT('',(75.605553473837,-67.89992337675,13.0000001)
  );
#10323 = CARTESIAN_POINT('',(75.734881693177,-67.77222738131,
    10.962334438369));
#10324 = CARTESIAN_POINT('',(75.444737843408,-68.12762947983,
    9.714026220908));
#10325 = CARTESIAN_POINT('',(75.685870636583,-67.89666677376,
    6.582407139383));
#10326 = CARTESIAN_POINT('',(75.103418698949,-68.69978912782,
    6.39805791505));
#10327 = CARTESIAN_POINT('',(75.319655121971,-68.47153861524,
    2.947876222434));
#10328 = CARTESIAN_POINT('',(74.634129901408,-69.55354625201,
    2.233915500619));
#10329 = CARTESIAN_POINT('',(73.555093385542,-70.66051649784,
    5.268224108075E-02));
#10330 = CARTESIAN_POINT('',(72.144181879095,-72.25025746367,
    9.999991590348E-08));
#10331 = CARTESIAN_POINT('',(75.654875,-68.11971123271,13.0000001));
#10332 = CARTESIAN_POINT('',(75.784335709504,-67.99257943684,
    10.962334438328));
#10333 = CARTESIAN_POINT('',(75.499282605957,-68.37074527264,
    9.714026221025));
#10334 = CARTESIAN_POINT('',(75.741226489852,-68.14331242159,
    6.582407139207));
#10335 = CARTESIAN_POINT('',(75.176025883008,-69.0233732306,
    6.398057915217));
#10336 = CARTESIAN_POINT('',(75.391328206516,-68.79092878745,
    2.947876222332));
#10337 = CARTESIAN_POINT('',(74.736816650619,-70.01115520317,
    2.233915500658));
#10338 = CARTESIAN_POINT('',(73.659965838785,-71.12786282953,
    5.268224107445E-02));
#10339 = CARTESIAN_POINT('',(72.263043622212,-72.7799451198,
    1.000001557117E-07));
#10340 = CARTESIAN_POINT('',(75.654875,-68.3395,13.0000001));
#10341 = CARTESIAN_POINT('',(75.784335709535,-68.21293720909,
    10.96233443834));
#10342 = CARTESIAN_POINT('',(75.499282605867,-68.61385254015,
    9.714026220991));
#10343 = CARTESIAN_POINT('',(75.741226489986,-68.38996505443,
    6.582407139258));
#10344 = CARTESIAN_POINT('',(75.17602588288,-69.34695315891,
    6.398057915168));
#10345 = CARTESIAN_POINT('',(75.391328206594,-69.11032051747,
    2.947876222363));
#10346 = CARTESIAN_POINT('',(74.73681665059,-70.46876355684,
    2.233915500646));
#10347 = CARTESIAN_POINT('',(73.659965838791,-71.59520908245,
    5.268224107655E-02));
#10348 = CARTESIAN_POINT('',(72.263043622212,-73.3096326092,
    1.000001130791E-07));
#10349 = DEFINITIONAL_REPRESENTATION('',(#10350),#10354);
#10350 = LINE('',#10351,#10352);
#10351 = CARTESIAN_POINT('',(0.,0.));
#10352 = VECTOR('',#10353,1.);
#10353 = DIRECTION('',(1.,0.));
#10354 = ( GEOMETRIC_REPRESENTATION_CONTEXT(2) 
PARAMETRIC_REPRESENTATION_CONTEXT() REPRESENTATION_CONTEXT('2D SPACE',''
  ) );
#10355 = ORIENTED_EDGE('',*,*,#10356,.T.);
#10356 = EDGE_CURVE('',#10240,#10357,#10359,.T.);
#10357 = VERTEX_POINT('',#10358);
#10358 = CARTESIAN_POINT('',(75.654875,-84.0605,13.0000001));
#10359 = SURFACE_CURVE('',#10360,(#10370,#10383),.PCURVE_S1.);
#10360 = B_SPLINE_CURVE_WITH_KNOTS('',8,(#10361,#10362,#10363,#10364,
    #10365,#10366,#10367,#10368,#10369),.UNSPECIFIED.,.F.,.F.,(9,9),(4.,
    5.),.PIECEWISE_BEZIER_KNOTS.);
#10361 = CARTESIAN_POINT('',(75.654875,-68.3395,13.0000001));
#10362 = CARTESIAN_POINT('',(75.654875,-70.304625,13.0000001));
#10363 = CARTESIAN_POINT('',(75.654875,-72.26975,13.0000001));
#10364 = CARTESIAN_POINT('',(75.654875,-74.234875,13.0000001));
#10365 = CARTESIAN_POINT('',(75.654875,-76.2,13.0000001));
#10366 = CARTESIAN_POINT('',(75.654875,-78.165125,13.0000001));
#10367 = CARTESIAN_POINT('',(75.654875,-80.13025,13.0000001));
#10368 = CARTESIAN_POINT('',(75.654875,-82.095375,13.0000001));
#10369 = CARTESIAN_POINT('',(75.654875,-84.0605,13.0000001));
#10370 = PCURVE('',#9805,#10371);
#10371 = DEFINITIONAL_REPRESENTATION('',(#10372),#10382);
#10372 = B_SPLINE_CURVE_WITH_KNOTS('',8,(#10373,#10374,#10375,#10376,
    #10377,#10378,#10379,#10380,#10381),.UNSPECIFIED.,.F.,.F.,(9,9),(4.,
    5.),.PIECEWISE_BEZIER_KNOTS.);
#10373 = CARTESIAN_POINT('',(23.8549684839,0.801835204151));
#10374 = CARTESIAN_POINT('',(22.511691415776,2.23617232766));
#10375 = CARTESIAN_POINT('',(21.168414347652,3.670509451169));
#10376 = CARTESIAN_POINT('',(19.825137279528,5.104846574679));
#10377 = CARTESIAN_POINT('',(18.481860211403,6.539183698188));
#10378 = CARTESIAN_POINT('',(17.138583143279,7.973520821697));
#10379 = CARTESIAN_POINT('',(15.795306075155,9.407857945206));
#10380 = CARTESIAN_POINT('',(14.452029007031,10.842195068715));
#10381 = CARTESIAN_POINT('',(13.108751938906,12.276532192224));
#10382 = ( GEOMETRIC_REPRESENTATION_CONTEXT(2) 
PARAMETRIC_REPRESENTATION_CONTEXT() REPRESENTATION_CONTEXT('2D SPACE',''
  ) );
#10383 = PCURVE('',#10384,#10466);
#10384 = ( BOUNDED_SURFACE() B_SPLINE_SURFACE(8,8,(
    (#10385,#10386,#10387,#10388,#10389,#10390,#10391,#10392,#10393)
    ,(#10394,#10395,#10396,#10397,#10398,#10399,#10400,#10401,#10402)
    ,(#10403,#10404,#10405,#10406,#10407,#10408,#10409,#10410,#10411)
    ,(#10412,#10413,#10414,#10415,#10416,#10417,#10418,#10419,#10420)
    ,(#10421,#10422,#10423,#10424,#10425,#10426,#10427,#10428,#10429)
    ,(#10430,#10431,#10432,#10433,#10434,#10435,#10436,#10437,#10438)
    ,(#10439,#10440,#10441,#10442,#10443,#10444,#10445,#10446,#10447)
    ,(#10448,#10449,#10450,#10451,#10452,#10453,#10454,#10455,#10456)
    ,(#10457,#10458,#10459,#10460,#10461,#10462,#10463,#10464,#10465
)),.UNSPECIFIED.,.F.,.F.,.F.) B_SPLINE_SURFACE_WITH_KNOTS((9,9),(9,9),(
    4.,5.),(0.,1.),.PIECEWISE_BEZIER_KNOTS.) 
GEOMETRIC_REPRESENTATION_ITEM() RATIONAL_B_SPLINE_SURFACE((
    (1.,0.999999999996,1.000000000012,0.999999999983,1.000000000017
      ,0.99999999999,1.000000000004,0.999999999999,1.)
    ,(1.,0.999999999996,1.000000000012,0.999999999983,1.000000000017
      ,0.99999999999,1.000000000004,0.999999999999,1.)
    ,(1.,0.999999999996,1.000000000012,0.999999999983,1.000000000017
      ,0.99999999999,1.000000000004,0.999999999999,1.)
    ,(1.,0.999999999996,1.000000000012,0.999999999983,1.000000000017
      ,0.99999999999,1.000000000004,0.999999999999,1.)
    ,(1.,0.999999999996,1.000000000012,0.999999999983,1.000000000017
      ,0.99999999999,1.000000000004,0.999999999999,1.)
    ,(1.,0.999999999996,1.000000000012,0.999999999983,1.000000000017
      ,0.99999999999,1.000000000004,0.999999999999,1.)
    ,(1.,0.999999999996,1.000000000012,0.999999999983,1.000000000017
      ,0.99999999999,1.000000000004,0.999999999999,1.)
    ,(1.,0.999999999996,1.000000000012,0.999999999983,1.000000000017
      ,0.99999999999,1.000000000004,0.999999999999,1.)
    ,(1.,0.999999999996,1.000000000012,0.999999999983,1.000000000017
      ,0.99999999999,1.000000000004,0.999999999999,1.
))) REPRESENTATION_ITEM('') SURFACE() );
#10385 = CARTESIAN_POINT('',(75.654875,-68.3395,13.0000001));
#10386 = CARTESIAN_POINT('',(75.784335709535,-68.21293720909,
    10.96233443834));
#10387 = CARTESIAN_POINT('',(75.499282605867,-68.61385254015,
    9.714026220991));
#10388 = CARTESIAN_POINT('',(75.741226489986,-68.38996505443,
    6.582407139258));
#10389 = CARTESIAN_POINT('',(75.17602588288,-69.34695315891,
    6.398057915168));
#10390 = CARTESIAN_POINT('',(75.391328206594,-69.11032051747,
    2.947876222363));
#10391 = CARTESIAN_POINT('',(74.73681665059,-70.46876355684,
    2.233915500646));
#10392 = CARTESIAN_POINT('',(73.659965838791,-71.59520908245,
    5.268224107655E-02));
#10393 = CARTESIAN_POINT('',(72.263043622212,-73.3096326092,
    1.000001130791E-07));
#10394 = CARTESIAN_POINT('',(75.654875,-70.304625,13.0000001));
#10395 = CARTESIAN_POINT('',(75.784335709535,-70.20970290683,
    10.96233443834));
#10396 = CARTESIAN_POINT('',(75.499282605867,-70.51038940507,
    9.714026220991));
#10397 = CARTESIAN_POINT('',(75.741226489986,-70.34247379089,
    6.582407139258));
#10398 = CARTESIAN_POINT('',(75.17602588288,-71.06021486912,
    6.398057915168));
#10399 = CARTESIAN_POINT('',(75.391328206594,-70.88274038814,
    2.947876222363));
#10400 = CARTESIAN_POINT('',(74.73681665059,-71.90157266761,
    2.233915500646));
#10401 = CARTESIAN_POINT('',(73.659965838791,-72.74640681184,
    5.268224107655E-02));
#10402 = CARTESIAN_POINT('',(72.263043622212,-74.0322244569,
    1.000001130791E-07));
#10403 = CARTESIAN_POINT('',(75.654875,-72.26975,13.0000001));
#10404 = CARTESIAN_POINT('',(75.784335709535,-72.20646860455,
    10.96233443834));
#10405 = CARTESIAN_POINT('',(75.499282605867,-72.40692627005,
    9.714026220991));
#10406 = CARTESIAN_POINT('',(75.741226489986,-72.29498252725,
    6.582407139258));
#10407 = CARTESIAN_POINT('',(75.17602588288,-72.77347657942,
    6.398057915168));
#10408 = CARTESIAN_POINT('',(75.391328206594,-72.65516025875,
    2.947876222363));
#10409 = CARTESIAN_POINT('',(74.73681665059,-73.33438177841,
    2.233915500646));
#10410 = CARTESIAN_POINT('',(73.659965838791,-73.89760454123,
    5.268224107655E-02));
#10411 = CARTESIAN_POINT('',(72.263043622212,-74.7548163046,
    1.000001130791E-07));
#10412 = CARTESIAN_POINT('',(75.654875,-74.234875,13.0000001));
#10413 = CARTESIAN_POINT('',(75.784335709535,-74.20323430227,
    10.96233443834));
#10414 = CARTESIAN_POINT('',(75.499282605867,-74.30346313503,
    9.714026220991));
#10415 = CARTESIAN_POINT('',(75.741226489986,-74.24749126361,
    6.582407139258));
#10416 = CARTESIAN_POINT('',(75.17602588288,-74.48673828972,
    6.398057915168));
#10417 = CARTESIAN_POINT('',(75.391328206594,-74.42758012937,
    2.947876222363));
#10418 = CARTESIAN_POINT('',(74.73681665059,-74.7671908892,
    2.233915500646));
#10419 = CARTESIAN_POINT('',(73.659965838791,-75.04880227061,
    5.268224107655E-02));
#10420 = CARTESIAN_POINT('',(72.263043622212,-75.4774081523,
    1.000001130791E-07));
#10421 = CARTESIAN_POINT('',(75.654875,-76.2,13.0000001));
#10422 = CARTESIAN_POINT('',(75.784335709535,-76.2,10.96233443834));
#10423 = CARTESIAN_POINT('',(75.499282605867,-76.2,9.714026220991));
#10424 = CARTESIAN_POINT('',(75.741226489986,-76.2,6.582407139258));
#10425 = CARTESIAN_POINT('',(75.17602588288,-76.2,6.398057915168));
#10426 = CARTESIAN_POINT('',(75.391328206594,-76.2,2.947876222363));
#10427 = CARTESIAN_POINT('',(74.73681665059,-76.2,2.233915500646));
#10428 = CARTESIAN_POINT('',(73.659965838791,-76.2,5.268224107655E-02));
#10429 = CARTESIAN_POINT('',(72.263043622212,-76.2,1.000001130791E-07));
#10430 = CARTESIAN_POINT('',(75.654875,-78.165125,13.0000001));
#10431 = CARTESIAN_POINT('',(75.784335709535,-78.19676569772,
    10.96233443834));
#10432 = CARTESIAN_POINT('',(75.499282605867,-78.09653686497,
    9.714026220991));
#10433 = CARTESIAN_POINT('',(75.741226489986,-78.15250873637,
    6.582407139258));
#10434 = CARTESIAN_POINT('',(75.17602588288,-77.91326171028,
    6.398057915168));
#10435 = CARTESIAN_POINT('',(75.391328206594,-77.97241987062,
    2.947876222363));
#10436 = CARTESIAN_POINT('',(74.73681665059,-77.63280911079,
    2.233915500646));
#10437 = CARTESIAN_POINT('',(73.659965838791,-77.35119772938,
    5.268224107655E-02));
#10438 = CARTESIAN_POINT('',(72.263043622212,-76.9225918477,
    1.000001130791E-07));
#10439 = CARTESIAN_POINT('',(75.654875,-80.13025,13.0000001));
#10440 = CARTESIAN_POINT('',(75.784335709535,-80.19353139544,
    10.96233443834));
#10441 = CARTESIAN_POINT('',(75.499282605867,-79.99307372994,
    9.714026220991));
#10442 = CARTESIAN_POINT('',(75.741226489986,-80.10501747274,
    6.582407139258));
#10443 = CARTESIAN_POINT('',(75.17602588288,-79.62652342057,
    6.398057915168));
#10444 = CARTESIAN_POINT('',(75.391328206594,-79.74483974124,
    2.947876222363));
#10445 = CARTESIAN_POINT('',(74.73681665059,-79.06561822158,
    2.233915500646));
#10446 = CARTESIAN_POINT('',(73.659965838791,-78.50239545876,
    5.268224107655E-02));
#10447 = CARTESIAN_POINT('',(72.263043622212,-77.6451836954,
    1.000001130791E-07));
#10448 = CARTESIAN_POINT('',(75.654875,-82.095375,13.0000001));
#10449 = CARTESIAN_POINT('',(75.784335709535,-82.19029709317,
    10.96233443834));
#10450 = CARTESIAN_POINT('',(75.499282605867,-81.88961059489,
    9.714026220991));
#10451 = CARTESIAN_POINT('',(75.741226489986,-82.05752620915,
    6.582407139258));
#10452 = CARTESIAN_POINT('',(75.17602588288,-81.33978513082,
    6.398057915168));
#10453 = CARTESIAN_POINT('',(75.391328206594,-81.51725961188,
    2.947876222363));
#10454 = CARTESIAN_POINT('',(74.73681665059,-80.49842733237,
    2.233915500646));
#10455 = CARTESIAN_POINT('',(73.659965838791,-79.65359318815,
    5.268224107655E-02));
#10456 = CARTESIAN_POINT('',(72.263043622212,-78.3677755431,
    1.000001130791E-07));
#10457 = CARTESIAN_POINT('',(75.654875,-84.0605,13.0000001));
#10458 = CARTESIAN_POINT('',(75.784335709535,-84.18706279088,
    10.962334438332));
#10459 = CARTESIAN_POINT('',(75.499282605867,-83.78614745991,
    9.714026221013));
#10460 = CARTESIAN_POINT('',(75.741226489986,-84.01003494545,
    6.582407139224));
#10461 = CARTESIAN_POINT('',(75.17602588288,-83.05304684118,
    6.398057915201));
#10462 = CARTESIAN_POINT('',(75.391328206594,-83.28967948246,
    2.947876222342));
#10463 = CARTESIAN_POINT('',(74.73681665059,-81.93123644318,
    2.233915500654));
#10464 = CARTESIAN_POINT('',(73.659965838791,-80.80479091753,
    5.268224107498E-02));
#10465 = CARTESIAN_POINT('',(72.263043622212,-79.09036739079,
    1.000001130791E-07));
#10466 = DEFINITIONAL_REPRESENTATION('',(#10467),#10471);
#10467 = LINE('',#10468,#10469);
#10468 = CARTESIAN_POINT('',(0.,0.));
#10469 = VECTOR('',#10470,1.);
#10470 = DIRECTION('',(1.,0.));
#10471 = ( GEOMETRIC_REPRESENTATION_CONTEXT(2) 
PARAMETRIC_REPRESENTATION_CONTEXT() REPRESENTATION_CONTEXT('2D SPACE',''
  ) );
#10472 = ORIENTED_EDGE('',*,*,#10473,.T.);
#10473 = EDGE_CURVE('',#10357,#10474,#10476,.T.);
#10474 = VERTEX_POINT('',#10475);
#10475 = CARTESIAN_POINT('',(74.5355,-85.179875,13.0000001));
#10476 = SURFACE_CURVE('',#10477,(#10487,#10500),.PCURVE_S1.);
#10477 = B_SPLINE_CURVE_WITH_KNOTS('',8,(#10478,#10479,#10480,#10481,
    #10482,#10483,#10484,#10485,#10486),.UNSPECIFIED.,.F.,.F.,(9,9),(5.,
    6.),.PIECEWISE_BEZIER_KNOTS.);
#10478 = CARTESIAN_POINT('',(75.654875,-84.0605,13.0000001));
#10479 = CARTESIAN_POINT('',(75.654875,-84.28028876728,13.0000001));
#10480 = CARTESIAN_POINT('',(75.605553473837,-84.50007662324,13.0000001)
  );
#10481 = CARTESIAN_POINT('',(75.506916985147,-84.70695701434,13.0000001)
  );
#10482 = CARTESIAN_POINT('',(75.363003377024,-84.88800337702,13.0000001)
  );
#10483 = CARTESIAN_POINT('',(75.181957014346,-85.03191698514,13.0000001)
  );
#10484 = CARTESIAN_POINT('',(74.975076623241,-85.13055347383,13.0000001)
  );
#10485 = CARTESIAN_POINT('',(74.755288767288,-85.179875,13.0000001));
#10486 = CARTESIAN_POINT('',(74.5355,-85.179875,13.0000001));
#10487 = PCURVE('',#9805,#10488);
#10488 = DEFINITIONAL_REPRESENTATION('',(#10489),#10499);
#10489 = B_SPLINE_CURVE_WITH_KNOTS('',8,(#10490,#10491,#10492,#10493,
    #10494,#10495,#10496,#10497,#10498),.UNSPECIFIED.,.F.,.F.,(9,9),(5.,
    6.),.PIECEWISE_BEZIER_KNOTS.);
#10490 = CARTESIAN_POINT('',(13.108751938906,12.276532192224));
#10491 = CARTESIAN_POINT('',(12.958513551562,12.436955161884));
#10492 = CARTESIAN_POINT('',(12.772276196322,12.563663338732));
#10493 = CARTESIAN_POINT('',(12.55886704287,12.647240765995));
#10494 = CARTESIAN_POINT('',(12.330069354193,12.681012495267));
#10495 = CARTESIAN_POINT('',(12.099551006175,12.662298776523));
#10496 = CARTESIAN_POINT('',(11.881126041643,12.592878404916));
#10497 = CARTESIAN_POINT('',(11.686989609534,12.47864023137));
#10498 = CARTESIAN_POINT('',(11.526566639875,12.328401844026));
#10499 = ( GEOMETRIC_REPRESENTATION_CONTEXT(2) 
PARAMETRIC_REPRESENTATION_CONTEXT() REPRESENTATION_CONTEXT('2D SPACE',''
  ) );
#10500 = PCURVE('',#10501,#10583);
#10501 = ( BOUNDED_SURFACE() B_SPLINE_SURFACE(8,8,(
    (#10502,#10503,#10504,#10505,#10506,#10507,#10508,#10509,#10510)
    ,(#10511,#10512,#10513,#10514,#10515,#10516,#10517,#10518,#10519)
    ,(#10520,#10521,#10522,#10523,#10524,#10525,#10526,#10527,#10528)
    ,(#10529,#10530,#10531,#10532,#10533,#10534,#10535,#10536,#10537)
    ,(#10538,#10539,#10540,#10541,#10542,#10543,#10544,#10545,#10546)
    ,(#10547,#10548,#10549,#10550,#10551,#10552,#10553,#10554,#10555)
    ,(#10556,#10557,#10558,#10559,#10560,#10561,#10562,#10563,#10564)
    ,(#10565,#10566,#10567,#10568,#10569,#10570,#10571,#10572,#10573)
    ,(#10574,#10575,#10576,#10577,#10578,#10579,#10580,#10581,#10582
)),.UNSPECIFIED.,.F.,.F.,.F.) B_SPLINE_SURFACE_WITH_KNOTS((9,9),(9,9),(
    5.,6.),(0.,1.),.PIECEWISE_BEZIER_KNOTS.) 
GEOMETRIC_REPRESENTATION_ITEM() RATIONAL_B_SPLINE_SURFACE((
    (1.,0.999999999996,1.000000000012,0.999999999983,1.000000000017
      ,0.99999999999,1.000000000004,0.999999999999,1.)
    ,(1.,0.999999999996,1.000000000012,0.999999999983,1.000000000017
      ,0.99999999999,1.000000000004,0.999999999999,1.)
    ,(1.,0.999999999996,1.000000000012,0.999999999983,1.000000000017
      ,0.99999999999,1.000000000004,0.999999999999,1.)
    ,(1.,0.999999999996,1.000000000012,0.999999999983,1.000000000017
      ,0.99999999999,1.000000000004,0.999999999999,1.)
    ,(1.,0.999999999996,1.000000000012,0.999999999983,1.000000000017
      ,0.99999999999,1.000000000004,0.999999999999,1.)
    ,(1.,0.999999999996,1.000000000012,0.999999999983,1.000000000017
      ,0.99999999999,1.000000000004,0.999999999999,1.)
    ,(1.,0.999999999996,1.000000000012,0.999999999983,1.000000000017
      ,0.99999999999,1.000000000004,0.999999999999,1.)
    ,(1.,0.999999999996,1.000000000012,0.999999999983,1.000000000017
      ,0.99999999999,1.000000000004,0.999999999999,1.)
    ,(1.,0.999999999996,1.000000000012,0.999999999983,1.000000000017
      ,0.99999999999,1.000000000004,0.999999999999,1.
))) REPRESENTATION_ITEM('') SURFACE() );
#10502 = CARTESIAN_POINT('',(75.654875,-84.0605,13.0000001));
#10503 = CARTESIAN_POINT('',(75.784335709535,-84.18706279088,
    10.962334438332));
#10504 = CARTESIAN_POINT('',(75.499282605867,-83.78614745991,
    9.714026221013));
#10505 = CARTESIAN_POINT('',(75.741226489986,-84.01003494545,
    6.582407139224));
#10506 = CARTESIAN_POINT('',(75.17602588288,-83.05304684118,
    6.398057915201));
#10507 = CARTESIAN_POINT('',(75.391328206594,-83.28967948246,
    2.947876222342));
#10508 = CARTESIAN_POINT('',(74.73681665059,-81.93123644318,
    2.233915500654));
#10509 = CARTESIAN_POINT('',(73.659965838791,-80.80479091753,
    5.268224107498E-02));
#10510 = CARTESIAN_POINT('',(72.263043622212,-79.09036739079,
    1.000001130791E-07));
#10511 = CARTESIAN_POINT('',(75.654875,-84.28028876728,13.0000001));
#10512 = CARTESIAN_POINT('',(75.784335709486,-84.40742056319,
    10.962334438325));
#10513 = CARTESIAN_POINT('',(75.49928260601,-84.02925472725,
    9.714026221032));
#10514 = CARTESIAN_POINT('',(75.741226489772,-84.25668757855,
    6.582407139196));
#10515 = CARTESIAN_POINT('',(75.176025883085,-83.37662676925,
    6.398057915226));
#10516 = CARTESIAN_POINT('',(75.391328206468,-83.60907121262,
    2.947876222327));
#10517 = CARTESIAN_POINT('',(74.736816650637,-82.38884479679,
    2.23391550066));
#10518 = CARTESIAN_POINT('',(73.659965838782,-81.27213717047,
    5.268224107393E-02));
#10519 = CARTESIAN_POINT('',(72.263043622212,-79.62005488019,
    1.000000846574E-07));
#10520 = CARTESIAN_POINT('',(75.605553473837,-84.50007662324,13.0000001)
  );
#10521 = CARTESIAN_POINT('',(75.734881693171,-84.62777261868,
    10.962334438314));
#10522 = CARTESIAN_POINT('',(75.444737843423,-84.27237052017,
    9.714026221063));
#10523 = CARTESIAN_POINT('',(75.685870636563,-84.50333322622,
    6.58240713915));
#10524 = CARTESIAN_POINT('',(75.103418698968,-83.70021087218,
    6.398057915269));
#10525 = CARTESIAN_POINT('',(75.319655121956,-83.92846138474,
    2.947876222301));
#10526 = CARTESIAN_POINT('',(74.634129901415,-82.84645374798,
    2.233915500668));
#10527 = CARTESIAN_POINT('',(73.55509338554,-81.73948350215,
    5.268224107262E-02));
#10528 = CARTESIAN_POINT('',(72.144181879094,-80.14974253632,
    1.000002214369E-07));
#10529 = CARTESIAN_POINT('',(75.506916985147,-84.70695701434,13.0000001)
  );
#10530 = CARTESIAN_POINT('',(75.636010020028,-84.83520876947,
    10.962334438322));
#10531 = CARTESIAN_POINT('',(75.335596471404,-84.50115985635,
    9.714026221041));
#10532 = CARTESIAN_POINT('',(75.57520326262,-84.73552478803,
    6.582407139181));
#10533 = CARTESIAN_POINT('',(74.958179793178,-84.00476351499,
    6.398057915242));
#10534 = CARTESIAN_POINT('',(75.176319938909,-84.22909595514,
    2.947876222314));
#10535 = CARTESIAN_POINT('',(74.428754600061,-83.27717590554,
    2.233915500666));
#10536 = CARTESIAN_POINT('',(73.345349932843,-82.1793736533,
    5.268224107235E-02));
#10537 = CARTESIAN_POINT('',(71.906459560292,-80.64831111639,
    9.999988037634E-08));
#10538 = CARTESIAN_POINT('',(75.363003377024,-84.88800337702,13.0000001)
  );
#10539 = CARTESIAN_POINT('',(75.491686950616,-85.01668695059,
    10.962334438295));
#10540 = CARTESIAN_POINT('',(75.176487558177,-84.70148755822,
    9.714026221116));
#10541 = CARTESIAN_POINT('',(75.413653902574,-84.93865390251,
    6.58240713907));
#10542 = CARTESIAN_POINT('',(74.746348022923,-84.27134802296,
    6.398057915344));
#10543 = CARTESIAN_POINT('',(74.967186364667,-84.49218636465,
    2.947876222256));
#10544 = CARTESIAN_POINT('',(74.12914029911,-83.65414029911,
    2.233915500685));
#10545 = CARTESIAN_POINT('',(73.03935576216,-82.56435576216,
    5.268224106947E-02));
#10546 = CARTESIAN_POINT('',(71.559648165131,-81.08464816513,
    1.000004434815E-07));
#10547 = CARTESIAN_POINT('',(75.181957014346,-85.03191698514,13.0000001)
  );
#10548 = CARTESIAN_POINT('',(75.310208769477,-85.16101002006,
    10.962334438345));
#10549 = CARTESIAN_POINT('',(74.97615985633,-84.8605964713,
    9.714026220977));
#10550 = CARTESIAN_POINT('',(75.210524788072,-85.10020326276,
    6.582407139278));
#10551 = CARTESIAN_POINT('',(74.479763514948,-84.48317979305,
    6.39805791515));
#10552 = CARTESIAN_POINT('',(74.704095955176,-84.70131993897,
    2.947876222371));
#10553 = CARTESIAN_POINT('',(73.752175905532,-83.95375460004,
    2.233915500644));
#10554 = CARTESIAN_POINT('',(72.654373653309,-82.87034993284,
    5.268224107681E-02));
#10555 = CARTESIAN_POINT('',(71.123311116392,-81.43145956029,
    9.999979688757E-08));
#10556 = CARTESIAN_POINT('',(74.975076623241,-85.13055347383,13.0000001)
  );
#10557 = CARTESIAN_POINT('',(75.102772618687,-85.25988169319,
    10.96233443832));
#10558 = CARTESIAN_POINT('',(74.747370520168,-84.96973784335,
    9.714026221047));
#10559 = CARTESIAN_POINT('',(74.97833322623,-85.21087063666,
    6.582407139174));
#10560 = CARTESIAN_POINT('',(74.175210872188,-84.62841869886,
    6.398057915246));
#10561 = CARTESIAN_POINT('',(74.403461384742,-84.84465512202,
    2.947876222316));
#10562 = CARTESIAN_POINT('',(73.321453747993,-84.15912990139,
    2.233915500663));
#10563 = CARTESIAN_POINT('',(72.214483502151,-83.08009338554,
    5.26822410734E-02));
#10564 = CARTESIAN_POINT('',(70.624742536327,-81.66918187909,
    1.000003120311E-07));
#10565 = CARTESIAN_POINT('',(74.755288767288,-85.179875,13.0000001));
#10566 = CARTESIAN_POINT('',(74.88242056317,-85.30933570951,
    10.962334438342));
#10567 = CARTESIAN_POINT('',(74.504254727319,-85.02428260591,
    9.714026220983));
#10568 = CARTESIAN_POINT('',(74.73168757846,-85.2662264899,6.58240713927
    ));
#10569 = CARTESIAN_POINT('',(73.851626769339,-84.70102588295,
    6.398057915157));
#10570 = CARTESIAN_POINT('',(74.084071212573,-84.91632820654,
    2.947876222368));
#10571 = CARTESIAN_POINT('',(72.863844796818,-84.2618166506,
    2.233915500645));
#10572 = CARTESIAN_POINT('',(71.747137170467,-83.18496583878,
    5.268224107681E-02));
#10573 = CARTESIAN_POINT('',(70.095054880198,-81.78804362221,
    1.000000402485E-07));
#10574 = CARTESIAN_POINT('',(74.5355,-85.179875,13.0000001));
#10575 = CARTESIAN_POINT('',(74.662062790905,-85.30933570953,
    10.96233443834));
#10576 = CARTESIAN_POINT('',(74.261147459842,-85.02428260586,
    9.714026220991));
#10577 = CARTESIAN_POINT('',(74.485034945565,-85.26622648998,
    6.582407139258));
#10578 = CARTESIAN_POINT('',(73.528046841083,-84.70102588288,
    6.398057915168));
#10579 = CARTESIAN_POINT('',(73.764679482523,-84.91632820659,
    2.947876222363));
#10580 = CARTESIAN_POINT('',(72.406236443159,-84.26181665059,
    2.233915500646));
#10581 = CARTESIAN_POINT('',(71.279790917542,-83.18496583879,
    5.268224107655E-02));
#10582 = CARTESIAN_POINT('',(69.565367390799,-81.78804362221,
    1.000001130791E-07));
#10583 = DEFINITIONAL_REPRESENTATION('',(#10584),#10588);
#10584 = LINE('',#10585,#10586);
#10585 = CARTESIAN_POINT('',(0.,0.));
#10586 = VECTOR('',#10587,1.);
#10587 = DIRECTION('',(1.,0.));
#10588 = ( GEOMETRIC_REPRESENTATION_CONTEXT(2) 
PARAMETRIC_REPRESENTATION_CONTEXT() REPRESENTATION_CONTEXT('2D SPACE',''
  ) );
#10589 = ORIENTED_EDGE('',*,*,#10590,.T.);
#10590 = EDGE_CURVE('',#10474,#10591,#10593,.T.);
#10591 = VERTEX_POINT('',#10592);
#10592 = CARTESIAN_POINT('',(58.8145,-85.179875,13.0000001));
#10593 = SURFACE_CURVE('',#10594,(#10604,#10617),.PCURVE_S1.);
#10594 = B_SPLINE_CURVE_WITH_KNOTS('',8,(#10595,#10596,#10597,#10598,
    #10599,#10600,#10601,#10602,#10603),.UNSPECIFIED.,.F.,.F.,(9,9),(6.,
    7.),.PIECEWISE_BEZIER_KNOTS.);
#10595 = CARTESIAN_POINT('',(74.5355,-85.179875,13.0000001));
#10596 = CARTESIAN_POINT('',(72.570375,-85.179875,13.0000001));
#10597 = CARTESIAN_POINT('',(70.60525,-85.179875,13.0000001));
#10598 = CARTESIAN_POINT('',(68.640125,-85.179875,13.0000001));
#10599 = CARTESIAN_POINT('',(66.675,-85.179875,13.0000001));
#10600 = CARTESIAN_POINT('',(64.709875,-85.179875,13.0000001));
#10601 = CARTESIAN_POINT('',(62.74475,-85.179875,13.0000001));
#10602 = CARTESIAN_POINT('',(60.779625,-85.179875,13.0000001));
#10603 = CARTESIAN_POINT('',(58.8145,-85.179875,13.0000001));
#10604 = PCURVE('',#9805,#10605);
#10605 = DEFINITIONAL_REPRESENTATION('',(#10606),#10616);
#10606 = B_SPLINE_CURVE_WITH_KNOTS('',8,(#10607,#10608,#10609,#10610,
    #10611,#10612,#10613,#10614,#10615),.UNSPECIFIED.,.F.,.F.,(9,9),(6.,
    7.),.PIECEWISE_BEZIER_KNOTS.);
#10607 = CARTESIAN_POINT('',(11.526566639875,12.328401844026));
#10608 = CARTESIAN_POINT('',(10.092229516365,10.985124775902));
#10609 = CARTESIAN_POINT('',(8.657892392856,9.641847707777));
#10610 = CARTESIAN_POINT('',(7.223555269347,8.298570639653));
#10611 = CARTESIAN_POINT('',(5.789218145838,6.955293571529));
#10612 = CARTESIAN_POINT('',(4.354881022329,5.612016503405));
#10613 = CARTESIAN_POINT('',(2.92054389882,4.26873943528));
#10614 = CARTESIAN_POINT('',(1.486206775311,2.925462367156));
#10615 = CARTESIAN_POINT('',(5.18696518015E-02,1.582185299032));
#10616 = ( GEOMETRIC_REPRESENTATION_CONTEXT(2) 
PARAMETRIC_REPRESENTATION_CONTEXT() REPRESENTATION_CONTEXT('2D SPACE',''
  ) );
#10617 = PCURVE('',#10618,#10700);
#10618 = ( BOUNDED_SURFACE() B_SPLINE_SURFACE(8,8,(
    (#10619,#10620,#10621,#10622,#10623,#10624,#10625,#10626,#10627)
    ,(#10628,#10629,#10630,#10631,#10632,#10633,#10634,#10635,#10636)
    ,(#10637,#10638,#10639,#10640,#10641,#10642,#10643,#10644,#10645)
    ,(#10646,#10647,#10648,#10649,#10650,#10651,#10652,#10653,#10654)
    ,(#10655,#10656,#10657,#10658,#10659,#10660,#10661,#10662,#10663)
    ,(#10664,#10665,#10666,#10667,#10668,#10669,#10670,#10671,#10672)
    ,(#10673,#10674,#10675,#10676,#10677,#10678,#10679,#10680,#10681)
    ,(#10682,#10683,#10684,#10685,#10686,#10687,#10688,#10689,#10690)
    ,(#10691,#10692,#10693,#10694,#10695,#10696,#10697,#10698,#10699
)),.UNSPECIFIED.,.F.,.F.,.F.) B_SPLINE_SURFACE_WITH_KNOTS((9,9),(9,9),(
    6.,7.),(0.,1.),.PIECEWISE_BEZIER_KNOTS.) 
GEOMETRIC_REPRESENTATION_ITEM() RATIONAL_B_SPLINE_SURFACE((
    (1.,0.999999999996,1.000000000012,0.999999999983,1.000000000017
      ,0.99999999999,1.000000000004,0.999999999999,1.)
    ,(1.,0.999999999996,1.000000000012,0.999999999983,1.000000000017
      ,0.99999999999,1.000000000004,0.999999999999,1.)
    ,(1.,0.999999999996,1.000000000012,0.999999999983,1.000000000017
      ,0.99999999999,1.000000000004,0.999999999999,1.)
    ,(1.,0.999999999996,1.000000000012,0.999999999983,1.000000000017
      ,0.99999999999,1.000000000004,0.999999999999,1.)
    ,(1.,0.999999999996,1.000000000012,0.999999999983,1.000000000017
      ,0.99999999999,1.000000000004,0.999999999999,1.)
    ,(1.,0.999999999996,1.000000000012,0.999999999983,1.000000000017
      ,0.99999999999,1.000000000004,0.999999999999,1.)
    ,(1.,0.999999999996,1.000000000012,0.999999999983,1.000000000017
      ,0.99999999999,1.000000000004,0.999999999999,1.)
    ,(1.,0.999999999996,1.000000000012,0.999999999983,1.000000000017
      ,0.99999999999,1.000000000004,0.999999999999,1.)
    ,(1.,0.999999999996,1.000000000012,0.999999999983,1.000000000017
      ,0.99999999999,1.000000000004,0.999999999999,1.
))) REPRESENTATION_ITEM('') SURFACE() );
#10619 = CARTESIAN_POINT('',(74.5355,-85.179875,13.0000001));
#10620 = CARTESIAN_POINT('',(74.662062790905,-85.30933570953,
    10.96233443834));
#10621 = CARTESIAN_POINT('',(74.261147459842,-85.02428260586,
    9.714026220991));
#10622 = CARTESIAN_POINT('',(74.485034945565,-85.26622648998,
    6.582407139258));
#10623 = CARTESIAN_POINT('',(73.528046841083,-84.70102588288,
    6.398057915168));
#10624 = CARTESIAN_POINT('',(73.764679482523,-84.91632820659,
    2.947876222363));
#10625 = CARTESIAN_POINT('',(72.406236443159,-84.26181665059,
    2.233915500646));
#10626 = CARTESIAN_POINT('',(71.279790917542,-83.18496583879,
    5.268224107655E-02));
#10627 = CARTESIAN_POINT('',(69.565367390799,-81.78804362221,
    1.000001130791E-07));
#10628 = CARTESIAN_POINT('',(72.570375,-85.179875,13.0000001));
#10629 = CARTESIAN_POINT('',(72.665297093163,-85.30933570953,
    10.96233443834));
#10630 = CARTESIAN_POINT('',(72.364610594926,-85.02428260586,
    9.714026220991));
#10631 = CARTESIAN_POINT('',(72.532526209107,-85.26622648998,
    6.582407139258));
#10632 = CARTESIAN_POINT('',(71.814785130875,-84.70102588288,
    6.398057915168));
#10633 = CARTESIAN_POINT('',(71.992259611854,-84.91632820659,
    2.947876222363));
#10634 = CARTESIAN_POINT('',(70.973427332383,-84.26181665059,
    2.233915500646));
#10635 = CARTESIAN_POINT('',(70.128593188154,-83.18496583879,
    5.268224107655E-02));
#10636 = CARTESIAN_POINT('',(68.8427755431,-81.78804362221,
    1.000001130791E-07));
#10637 = CARTESIAN_POINT('',(70.60525,-85.179875,13.0000001));
#10638 = CARTESIAN_POINT('',(70.668531395445,-85.30933570953,
    10.96233443834));
#10639 = CARTESIAN_POINT('',(70.468073729943,-85.02428260586,
    9.714026220991));
#10640 = CARTESIAN_POINT('',(70.58001747275,-85.26622648998,
    6.582407139258));
#10641 = CARTESIAN_POINT('',(70.101523420573,-84.70102588288,
    6.398057915168));
#10642 = CARTESIAN_POINT('',(70.219839741242,-84.91632820659,
    2.947876222363));
#10643 = CARTESIAN_POINT('',(69.540618221587,-84.26181665059,
    2.233915500646));
#10644 = CARTESIAN_POINT('',(68.977395458769,-83.18496583879,
    5.268224107655E-02));
#10645 = CARTESIAN_POINT('',(68.1201836954,-81.78804362221,
    1.000001130791E-07));
#10646 = CARTESIAN_POINT('',(68.640125,-85.179875,13.0000001));
#10647 = CARTESIAN_POINT('',(68.671765697724,-85.30933570953,
    10.96233443834));
#10648 = CARTESIAN_POINT('',(68.571536864966,-85.02428260586,
    9.714026220991));
#10649 = CARTESIAN_POINT('',(68.627508736383,-85.26622648998,
    6.582407139258));
#10650 = CARTESIAN_POINT('',(68.388261710279,-84.70102588288,
    6.398057915168));
#10651 = CARTESIAN_POINT('',(68.447419870626,-84.91632820659,
    2.947876222363));
#10652 = CARTESIAN_POINT('',(68.107809110792,-84.26181665059,
    2.233915500646));
#10653 = CARTESIAN_POINT('',(67.826197729385,-83.18496583879,
    5.268224107655E-02));
#10654 = CARTESIAN_POINT('',(67.3975918477,-81.78804362221,
    1.000001130791E-07));
#10655 = CARTESIAN_POINT('',(66.675,-85.179875,13.0000001));
#10656 = CARTESIAN_POINT('',(66.675,-85.30933570953,10.96233443834));
#10657 = CARTESIAN_POINT('',(66.675,-85.02428260586,9.714026220991));
#10658 = CARTESIAN_POINT('',(66.675,-85.26622648998,6.582407139258));
#10659 = CARTESIAN_POINT('',(66.675,-84.70102588288,6.398057915168));
#10660 = CARTESIAN_POINT('',(66.675,-84.91632820659,2.947876222363));
#10661 = CARTESIAN_POINT('',(66.675,-84.26181665059,2.233915500646));
#10662 = CARTESIAN_POINT('',(66.675,-83.18496583879,5.268224107655E-02)
  );
#10663 = CARTESIAN_POINT('',(66.675,-81.78804362221,1.000001130791E-07)
  );
#10664 = CARTESIAN_POINT('',(64.709875,-85.179875,13.0000001));
#10665 = CARTESIAN_POINT('',(64.678234302278,-85.30933570953,
    10.96233443834));
#10666 = CARTESIAN_POINT('',(64.778463135028,-85.02428260586,
    9.714026220991));
#10667 = CARTESIAN_POINT('',(64.722491263627,-85.26622648998,
    6.582407139258));
#10668 = CARTESIAN_POINT('',(64.961738289712,-84.70102588288,
    6.398057915168));
#10669 = CARTESIAN_POINT('',(64.90258012938,-84.91632820659,
    2.947876222363));
#10670 = CARTESIAN_POINT('',(65.242190889206,-84.26181665059,
    2.233915500646));
#10671 = CARTESIAN_POINT('',(65.523802270615,-83.18496583879,
    5.268224107655E-02));
#10672 = CARTESIAN_POINT('',(65.9524081523,-81.78804362221,
    1.000001130791E-07));
#10673 = CARTESIAN_POINT('',(62.74475,-85.179875,13.0000001));
#10674 = CARTESIAN_POINT('',(62.681468604556,-85.30933570953,
    10.96233443834));
#10675 = CARTESIAN_POINT('',(62.881926270054,-85.02428260586,
    9.714026220991));
#10676 = CARTESIAN_POINT('',(62.769982527255,-85.26622648998,
    6.582407139258));
#10677 = CARTESIAN_POINT('',(63.248476579423,-84.70102588288,
    6.398057915168));
#10678 = CARTESIAN_POINT('',(63.13016025876,-84.91632820659,
    2.947876222363));
#10679 = CARTESIAN_POINT('',(63.809381778413,-84.26181665059,
    2.233915500646));
#10680 = CARTESIAN_POINT('',(64.372604541231,-83.18496583879,
    5.268224107655E-02));
#10681 = CARTESIAN_POINT('',(65.2298163046,-81.78804362221,
    1.000001130791E-07));
#10682 = CARTESIAN_POINT('',(60.779625,-85.179875,13.0000001));
#10683 = CARTESIAN_POINT('',(60.684702906837,-85.30933570953,
    10.96233443834));
#10684 = CARTESIAN_POINT('',(60.985389405073,-85.02428260586,
    9.714026220991));
#10685 = CARTESIAN_POINT('',(60.817473790895,-85.26622648998,
    6.582407139258));
#10686 = CARTESIAN_POINT('',(61.535214869123,-84.70102588288,
    6.398057915168));
#10687 = CARTESIAN_POINT('',(61.357740388147,-84.91632820659,
    2.947876222363));
#10688 = CARTESIAN_POINT('',(62.376572667616,-84.26181665059,
    2.233915500646));
#10689 = CARTESIAN_POINT('',(63.221406811847,-83.18496583879,
    5.268224107655E-02));
#10690 = CARTESIAN_POINT('',(64.5072244569,-81.78804362221,
    1.000001130791E-07));
#10691 = CARTESIAN_POINT('',(58.8145,-85.179875,13.0000001));
#10692 = CARTESIAN_POINT('',(58.687937209137,-85.30933570951,
    10.962334438332));
#10693 = CARTESIAN_POINT('',(59.088852540039,-85.02428260591,
    9.714026221013));
#10694 = CARTESIAN_POINT('',(58.864965054614,-85.26622648991,
    6.582407139224));
#10695 = CARTESIAN_POINT('',(59.821953158748,-84.70102588294,
    6.398057915201));
#10696 = CARTESIAN_POINT('',(59.585320517581,-84.91632820655,
    2.947876222342));
#10697 = CARTESIAN_POINT('',(60.943763556802,-84.2618166506,
    2.233915500654));
#10698 = CARTESIAN_POINT('',(62.070209082466,-83.18496583878,
    5.268224107498E-02));
#10699 = CARTESIAN_POINT('',(63.784632609201,-81.78804362221,
    1.000001130791E-07));
#10700 = DEFINITIONAL_REPRESENTATION('',(#10701),#10705);
#10701 = LINE('',#10702,#10703);
#10702 = CARTESIAN_POINT('',(0.,0.));
#10703 = VECTOR('',#10704,1.);
#10704 = DIRECTION('',(1.,0.));
#10705 = ( GEOMETRIC_REPRESENTATION_CONTEXT(2) 
PARAMETRIC_REPRESENTATION_CONTEXT() REPRESENTATION_CONTEXT('2D SPACE',''
  ) );
#10706 = ORIENTED_EDGE('',*,*,#10707,.T.);
#10707 = EDGE_CURVE('',#10591,#9700,#10708,.T.);
#10708 = SURFACE_CURVE('',#10709,(#10719,#10732),.PCURVE_S1.);
#10709 = B_SPLINE_CURVE_WITH_KNOTS('',8,(#10710,#10711,#10712,#10713,
    #10714,#10715,#10716,#10717,#10718),.UNSPECIFIED.,.F.,.F.,(9,9),(7.,
    8.),.PIECEWISE_BEZIER_KNOTS.);
#10710 = CARTESIAN_POINT('',(58.8145,-85.179875,13.0000001));
#10711 = CARTESIAN_POINT('',(58.594711232712,-85.179875,13.0000001));
#10712 = CARTESIAN_POINT('',(58.374923376759,-85.13055347383,13.0000001)
  );
#10713 = CARTESIAN_POINT('',(58.168042985654,-85.03191698514,13.0000001)
  );
#10714 = CARTESIAN_POINT('',(57.986996622976,-84.88800337702,13.0000001)
  );
#10715 = CARTESIAN_POINT('',(57.843083014853,-84.70695701434,13.0000001)
  );
#10716 = CARTESIAN_POINT('',(57.744446526163,-84.50007662324,13.0000001)
  );
#10717 = CARTESIAN_POINT('',(57.695125,-84.28028876728,13.0000001));
#10718 = CARTESIAN_POINT('',(57.695125,-84.0605,13.0000001));
#10719 = PCURVE('',#9805,#10720);
#10720 = DEFINITIONAL_REPRESENTATION('',(#10721),#10731);
#10721 = B_SPLINE_CURVE_WITH_KNOTS('',8,(#10722,#10723,#10724,#10725,
    #10726,#10727,#10728,#10729,#10730),.UNSPECIFIED.,.F.,.F.,(9,9),(7.,
    8.),.PIECEWISE_BEZIER_KNOTS.);
#10722 = CARTESIAN_POINT('',(5.18696518015E-02,1.582185299032));
#10723 = CARTESIAN_POINT('',(-0.108553317858,1.431946911688));
#10724 = CARTESIAN_POINT('',(-0.235261494706,1.245709556447));
#10725 = CARTESIAN_POINT('',(-0.318838921969,1.032300402995));
#10726 = CARTESIAN_POINT('',(-0.352610651241,0.803502714318));
#10727 = CARTESIAN_POINT('',(-0.333896932497,0.572984366301));
#10728 = CARTESIAN_POINT('',(-0.26447656089,0.354559401768));
#10729 = CARTESIAN_POINT('',(-0.150238387344,0.160422969659));
#10730 = CARTESIAN_POINT('',(-7.105427357601E-15,0.));
#10731 = ( GEOMETRIC_REPRESENTATION_CONTEXT(2) 
PARAMETRIC_REPRESENTATION_CONTEXT() REPRESENTATION_CONTEXT('2D SPACE',''
  ) );
#10732 = PCURVE('',#9994,#10733);
#10733 = DEFINITIONAL_REPRESENTATION('',(#10734),#10738);
#10734 = LINE('',#10735,#10736);
#10735 = CARTESIAN_POINT('',(0.,0.));
#10736 = VECTOR('',#10737,1.);
#10737 = DIRECTION('',(1.,0.));
#10738 = ( GEOMETRIC_REPRESENTATION_CONTEXT(2) 
PARAMETRIC_REPRESENTATION_CONTEXT() REPRESENTATION_CONTEXT('2D SPACE',''
  ) );
#10739 = FACE_BOUND('',#10740,.F.);
#10740 = EDGE_LOOP('',(#10741,#10860,#10977,#11094,#11211,#11328,#11445,
    #11562));
#10741 = ORIENTED_EDGE('',*,*,#10742,.F.);
#10742 = EDGE_CURVE('',#10743,#10745,#10747,.T.);
#10743 = VERTEX_POINT('',#10744);
#10744 = CARTESIAN_POINT('',(59.003888561953,-82.91487871031,13.0000001)
  );
#10745 = VERTEX_POINT('',#10746);
#10746 = CARTESIAN_POINT('',(59.003888561953,-69.48512128968,13.0000001)
  );
#10747 = SURFACE_CURVE('',#10748,(#10758,#10771),.PCURVE_S1.);
#10748 = B_SPLINE_CURVE_WITH_KNOTS('',8,(#10749,#10750,#10751,#10752,
    #10753,#10754,#10755,#10756,#10757),.UNSPECIFIED.,.F.,.F.,(9,9),(0.,
    1.),.PIECEWISE_BEZIER_KNOTS.);
#10749 = CARTESIAN_POINT('',(59.003888561953,-82.91487871031,13.0000001)
  );
#10750 = CARTESIAN_POINT('',(59.003888561953,-81.23615903273,13.0000001)
  );
#10751 = CARTESIAN_POINT('',(59.003888561953,-79.55743935515,13.0000001)
  );
#10752 = CARTESIAN_POINT('',(59.003888561953,-77.87871967757,13.0000001)
  );
#10753 = CARTESIAN_POINT('',(59.003888561953,-76.2,13.0000001));
#10754 = CARTESIAN_POINT('',(59.003888561953,-74.52128032242,13.0000001)
  );
#10755 = CARTESIAN_POINT('',(59.003888561953,-72.84256064484,13.0000001)
  );
#10756 = CARTESIAN_POINT('',(59.003888561953,-71.16384096726,13.0000001)
  );
#10757 = CARTESIAN_POINT('',(59.003888561953,-69.48512128968,13.0000001)
  );
#10758 = PCURVE('',#9805,#10759);
#10759 = DEFINITIONAL_REPRESENTATION('',(#10760),#10770);
#10760 = B_SPLINE_CURVE_WITH_KNOTS('',8,(#10761,#10762,#10763,#10764,
    #10765,#10766,#10767,#10768,#10769),.UNSPECIFIED.,.F.,.F.,(9,9),(0.,
    1.),.PIECEWISE_BEZIER_KNOTS.);
#10761 = CARTESIAN_POINT('',(1.738360139939,5.843136446134E-02));
#10762 = CARTESIAN_POINT('',(2.885862536326,-1.166859623906));
#10763 = CARTESIAN_POINT('',(4.033364932713,-2.392150612274));
#10764 = CARTESIAN_POINT('',(5.180867329099,-3.617441600641));
#10765 = CARTESIAN_POINT('',(6.328369725486,-4.842732589009));
#10766 = CARTESIAN_POINT('',(7.475872121873,-6.068023577376));
#10767 = CARTESIAN_POINT('',(8.62337451826,-7.293314565743));
#10768 = CARTESIAN_POINT('',(9.770876914647,-8.518605554111));
#10769 = CARTESIAN_POINT('',(10.918379311034,-9.743896542478));
#10770 = ( GEOMETRIC_REPRESENTATION_CONTEXT(2) 
PARAMETRIC_REPRESENTATION_CONTEXT() REPRESENTATION_CONTEXT('2D SPACE',''
  ) );
#10771 = PCURVE('',#10772,#10854);
#10772 = ( BOUNDED_SURFACE() B_SPLINE_SURFACE(8,8,(
    (#10773,#10774,#10775,#10776,#10777,#10778,#10779,#10780,#10781)
    ,(#10782,#10783,#10784,#10785,#10786,#10787,#10788,#10789,#10790)
    ,(#10791,#10792,#10793,#10794,#10795,#10796,#10797,#10798,#10799)
    ,(#10800,#10801,#10802,#10803,#10804,#10805,#10806,#10807,#10808)
    ,(#10809,#10810,#10811,#10812,#10813,#10814,#10815,#10816,#10817)
    ,(#10818,#10819,#10820,#10821,#10822,#10823,#10824,#10825,#10826)
    ,(#10827,#10828,#10829,#10830,#10831,#10832,#10833,#10834,#10835)
    ,(#10836,#10837,#10838,#10839,#10840,#10841,#10842,#10843,#10844)
    ,(#10845,#10846,#10847,#10848,#10849,#10850,#10851,#10852,#10853
)),.UNSPECIFIED.,.F.,.F.,.F.) B_SPLINE_SURFACE_WITH_KNOTS((9,9),(9,9),(
    0.,1.),(0.,1.),.PIECEWISE_BEZIER_KNOTS.) 
GEOMETRIC_REPRESENTATION_ITEM() RATIONAL_B_SPLINE_SURFACE((
    (1.,1.,0.999999999999,1.000000000002,0.999999999998,1.000000000001
      ,1.,1.,1.)
    ,(1.,1.,0.999999999999,1.000000000002,0.999999999998,1.000000000001
      ,1.,1.,1.)
    ,(1.,1.,0.999999999999,1.000000000002,0.999999999998,1.000000000001
      ,1.,1.,1.)
    ,(1.,1.,0.999999999999,1.000000000002,0.999999999998,1.000000000001
      ,1.,1.,1.)
    ,(1.,1.,0.999999999999,1.000000000002,0.999999999998,1.000000000001
      ,1.,1.,1.)
    ,(1.,1.,0.999999999999,1.000000000002,0.999999999998,1.000000000001
      ,1.,1.,1.)
    ,(1.,1.,0.999999999999,1.000000000002,0.999999999998,1.000000000001
      ,1.,1.,1.)
    ,(1.,1.,0.999999999999,1.000000000002,0.999999999998,1.000000000001
      ,1.,1.,1.)
    ,(1.,1.,0.999999999999,1.000000000002,0.999999999998,1.000000000001
,1.,1.,1.))) REPRESENTATION_ITEM('') SURFACE() );
#10773 = CARTESIAN_POINT('',(59.003888561953,-82.91487871031,13.0000001)
  );
#10774 = CARTESIAN_POINT('',(59.078950895822,-83.06244260121,
    11.285871810331));
#10775 = CARTESIAN_POINT('',(58.612842377208,-82.50923514382,
    9.876487483956));
#10776 = CARTESIAN_POINT('',(59.949860391494,-83.01353235387,
    7.581934517013));
#10777 = CARTESIAN_POINT('',(58.263654959683,-81.89509355516,
    7.182408522328));
#10778 = CARTESIAN_POINT('',(60.137462668277,-82.22302990461,
    3.628400475145));
#10779 = CARTESIAN_POINT('',(60.669618259609,-79.82960613777,
    4.285704914202));
#10780 = CARTESIAN_POINT('',(61.840152024119,-79.7583171559,
    2.288254176523));
#10781 = CARTESIAN_POINT('',(62.939641548791,-78.13208195752,1.9500001)
  );
#10782 = CARTESIAN_POINT('',(59.003888561953,-81.23615903273,13.0000001)
  );
#10783 = CARTESIAN_POINT('',(59.078950895822,-81.3468319509,
    11.285871810331));
#10784 = CARTESIAN_POINT('',(58.612842377208,-80.93192635787,
    9.876487483956));
#10785 = CARTESIAN_POINT('',(59.949860391494,-81.31014926538,
    7.581934517013));
#10786 = CARTESIAN_POINT('',(58.263654959683,-80.47132016639,
    7.182408522328));
#10787 = CARTESIAN_POINT('',(60.137462668277,-80.71727242844,
    3.628400475145));
#10788 = CARTESIAN_POINT('',(60.669618259609,-78.92220460333,
    4.285704914202));
#10789 = CARTESIAN_POINT('',(61.840152024119,-78.86873786692,
    2.288254176523));
#10790 = CARTESIAN_POINT('',(62.939641548791,-77.64906146814,1.9500001)
  );
#10791 = CARTESIAN_POINT('',(59.003888561953,-79.55743935515,13.0000001)
  );
#10792 = CARTESIAN_POINT('',(59.078950895822,-79.6312213006,
    11.285871810331));
#10793 = CARTESIAN_POINT('',(58.612842377208,-79.35461757191,
    9.876487483956));
#10794 = CARTESIAN_POINT('',(59.949860391494,-79.60676617692,
    7.581934517013));
#10795 = CARTESIAN_POINT('',(58.263654959683,-79.04754677758,
    7.182408522328));
#10796 = CARTESIAN_POINT('',(60.137462668277,-79.2115149523,
    3.628400475145));
#10797 = CARTESIAN_POINT('',(60.669618259609,-78.01480306888,
    4.285704914202));
#10798 = CARTESIAN_POINT('',(61.840152024119,-77.97915857795,
    2.288254176523));
#10799 = CARTESIAN_POINT('',(62.939641548791,-77.16604097876,1.9500001)
  );
#10800 = CARTESIAN_POINT('',(59.003888561953,-77.87871967757,13.0000001)
  );
#10801 = CARTESIAN_POINT('',(59.078950895822,-77.91561065029,
    11.285871810331));
#10802 = CARTESIAN_POINT('',(58.612842377208,-77.77730878596,
    9.876487483956));
#10803 = CARTESIAN_POINT('',(59.949860391494,-77.90338308845,
    7.581934517013));
#10804 = CARTESIAN_POINT('',(58.263654959683,-77.6237733888,
    7.182408522328));
#10805 = CARTESIAN_POINT('',(60.137462668277,-77.70575747614,
    3.628400475145));
#10806 = CARTESIAN_POINT('',(60.669618259609,-77.10740153444,
    4.285704914202));
#10807 = CARTESIAN_POINT('',(61.840152024119,-77.08957928897,
    2.288254176523));
#10808 = CARTESIAN_POINT('',(62.939641548791,-76.68302048938,1.9500001)
  );
#10809 = CARTESIAN_POINT('',(59.003888561953,-76.2,13.0000001));
#10810 = CARTESIAN_POINT('',(59.078950895822,-76.2,11.285871810331));
#10811 = CARTESIAN_POINT('',(58.612842377208,-76.2,9.876487483956));
#10812 = CARTESIAN_POINT('',(59.949860391494,-76.2,7.581934517013));
#10813 = CARTESIAN_POINT('',(58.263654959683,-76.2,7.182408522328));
#10814 = CARTESIAN_POINT('',(60.137462668277,-76.2,3.628400475145));
#10815 = CARTESIAN_POINT('',(60.669618259609,-76.2,4.285704914202));
#10816 = CARTESIAN_POINT('',(61.840152024119,-76.2,2.288254176523));
#10817 = CARTESIAN_POINT('',(62.939641548791,-76.2,1.9500001));
#10818 = CARTESIAN_POINT('',(59.003888561953,-74.52128032242,13.0000001)
  );
#10819 = CARTESIAN_POINT('',(59.078950895822,-74.4843893497,
    11.285871810331));
#10820 = CARTESIAN_POINT('',(58.612842377208,-74.62269121403,
    9.876487483956));
#10821 = CARTESIAN_POINT('',(59.949860391494,-74.49661691154,
    7.581934517013));
#10822 = CARTESIAN_POINT('',(58.263654959683,-74.77622661119,
    7.182408522328));
#10823 = CARTESIAN_POINT('',(60.137462668277,-74.69424252385,
    3.628400475145));
#10824 = CARTESIAN_POINT('',(60.669618259609,-75.29259846555,
    4.285704914202));
#10825 = CARTESIAN_POINT('',(61.840152024119,-75.31042071102,
    2.288254176523));
#10826 = CARTESIAN_POINT('',(62.939641548791,-75.71697951062,1.9500001)
  );
#10827 = CARTESIAN_POINT('',(59.003888561953,-72.84256064484,13.0000001)
  );
#10828 = CARTESIAN_POINT('',(59.078950895822,-72.7687786994,
    11.285871810331));
#10829 = CARTESIAN_POINT('',(58.612842377208,-73.04538242807,
    9.876487483956));
#10830 = CARTESIAN_POINT('',(59.949860391494,-72.79323382308,
    7.581934517013));
#10831 = CARTESIAN_POINT('',(58.263654959683,-73.35245322239,
    7.182408522328));
#10832 = CARTESIAN_POINT('',(60.137462668277,-73.1884850477,
    3.628400475145));
#10833 = CARTESIAN_POINT('',(60.669618259609,-74.3851969311,
    4.285704914202));
#10834 = CARTESIAN_POINT('',(61.840152024119,-74.42084142204,
    2.288254176523));
#10835 = CARTESIAN_POINT('',(62.939641548791,-75.23395902123,1.9500001)
  );
#10836 = CARTESIAN_POINT('',(59.003888561953,-71.16384096726,13.0000001)
  );
#10837 = CARTESIAN_POINT('',(59.078950895822,-71.05316804909,
    11.285871810331));
#10838 = CARTESIAN_POINT('',(58.612842377208,-71.46807364211,
    9.876487483956));
#10839 = CARTESIAN_POINT('',(59.949860391494,-71.08985073462,
    7.581934517013));
#10840 = CARTESIAN_POINT('',(58.263654959683,-71.9286798336,
    7.182408522328));
#10841 = CARTESIAN_POINT('',(60.137462668277,-71.68272757155,
    3.628400475145));
#10842 = CARTESIAN_POINT('',(60.669618259609,-73.47779539666,
    4.285704914202));
#10843 = CARTESIAN_POINT('',(61.840152024119,-73.53126213307,
    2.288254176523));
#10844 = CARTESIAN_POINT('',(62.939641548791,-74.75093853185,1.9500001)
  );
#10845 = CARTESIAN_POINT('',(59.003888561953,-69.48512128968,13.0000001)
  );
#10846 = CARTESIAN_POINT('',(59.078950895822,-69.3375573988,
    11.285871810329));
#10847 = CARTESIAN_POINT('',(58.612842377208,-69.89076485613,
    9.876487483963));
#10848 = CARTESIAN_POINT('',(59.949860391494,-69.3864676462,
    7.581934517002));
#10849 = CARTESIAN_POINT('',(58.263654959683,-70.50490644476,
    7.182408522339));
#10850 = CARTESIAN_POINT('',(60.137462668277,-70.17697009543,
    3.628400475139));
#10851 = CARTESIAN_POINT('',(60.669618259609,-72.57039386221,
    4.285704914205));
#10852 = CARTESIAN_POINT('',(61.840152024119,-72.64168284409,
    2.288254176522));
#10853 = CARTESIAN_POINT('',(62.939641548791,-74.26791804247,1.9500001)
  );
#10854 = DEFINITIONAL_REPRESENTATION('',(#10855),#10859);
#10855 = LINE('',#10856,#10857);
#10856 = CARTESIAN_POINT('',(0.,0.));
#10857 = VECTOR('',#10858,1.);
#10858 = DIRECTION('',(1.,0.));
#10859 = ( GEOMETRIC_REPRESENTATION_CONTEXT(2) 
PARAMETRIC_REPRESENTATION_CONTEXT() REPRESENTATION_CONTEXT('2D SPACE',''
  ) );
#10860 = ORIENTED_EDGE('',*,*,#10861,.F.);
#10861 = EDGE_CURVE('',#10862,#10743,#10864,.T.);
#10862 = VERTEX_POINT('',#10863);
#10863 = CARTESIAN_POINT('',(59.960121289688,-83.87111143804,13.0000001)
  );
#10864 = SURFACE_CURVE('',#10865,(#10875,#10888),.PCURVE_S1.);
#10865 = B_SPLINE_CURVE_WITH_KNOTS('',8,(#10866,#10867,#10868,#10869,
    #10870,#10871,#10872,#10873,#10874),.UNSPECIFIED.,.F.,.F.,(9,9),(7.,
    8.),.PIECEWISE_BEZIER_KNOTS.);
#10866 = CARTESIAN_POINT('',(59.960121289688,-83.87111143804,13.0000001)
  );
#10867 = CARTESIAN_POINT('',(59.772365432652,-83.87111143804,13.0000001)
  );
#10868 = CARTESIAN_POINT('',(59.58461035413,-83.82897823201,13.0000001)
  );
#10869 = CARTESIAN_POINT('',(59.40788155395,-83.74471742698,13.0000001)
  );
#10870 = CARTESIAN_POINT('',(59.253221625659,-83.62177837434,13.0000001)
  );
#10871 = CARTESIAN_POINT('',(59.130282573016,-83.46711844605,13.0000001)
  );
#10872 = CARTESIAN_POINT('',(59.046021767982,-83.29038964587,13.0000001)
  );
#10873 = CARTESIAN_POINT('',(59.003888561953,-83.10263456734,13.0000001)
  );
#10874 = CARTESIAN_POINT('',(59.003888561953,-82.91487871031,13.0000001)
  );
#10875 = PCURVE('',#9805,#10876);
#10876 = DEFINITIONAL_REPRESENTATION('',(#10877),#10887);
#10877 = B_SPLINE_CURVE_WITH_KNOTS('',8,(#10878,#10879,#10880,#10881,
    #10882,#10883,#10884,#10885,#10886),.UNSPECIFIED.,.F.,.F.,(9,9),(7.,
    8.),.PIECEWISE_BEZIER_KNOTS.);
#10878 = CARTESIAN_POINT('',(1.782670097396,1.410022532992));
#10879 = CARTESIAN_POINT('',(1.645627824817,1.281680500215));
#10880 = CARTESIAN_POINT('',(1.537386613807,1.122586135764));
#10881 = CARTESIAN_POINT('',(1.465990101245,0.940280101656));
#10882 = CARTESIAN_POINT('',(1.437140401367,0.744828320133));
#10883 = CARTESIAN_POINT('',(1.45312670651,0.54790665517));
#10884 = CARTESIAN_POINT('',(1.512429470376,0.361315834721));
#10885 = CARTESIAN_POINT('',(1.610018107161,0.195473637041));
#10886 = CARTESIAN_POINT('',(1.738360139939,5.843136446134E-02));
#10887 = ( GEOMETRIC_REPRESENTATION_CONTEXT(2) 
PARAMETRIC_REPRESENTATION_CONTEXT() REPRESENTATION_CONTEXT('2D SPACE',''
  ) );
#10888 = PCURVE('',#10889,#10971);
#10889 = ( BOUNDED_SURFACE() B_SPLINE_SURFACE(8,8,(
    (#10890,#10891,#10892,#10893,#10894,#10895,#10896,#10897,#10898)
    ,(#10899,#10900,#10901,#10902,#10903,#10904,#10905,#10906,#10907)
    ,(#10908,#10909,#10910,#10911,#10912,#10913,#10914,#10915,#10916)
    ,(#10917,#10918,#10919,#10920,#10921,#10922,#10923,#10924,#10925)
    ,(#10926,#10927,#10928,#10929,#10930,#10931,#10932,#10933,#10934)
    ,(#10935,#10936,#10937,#10938,#10939,#10940,#10941,#10942,#10943)
    ,(#10944,#10945,#10946,#10947,#10948,#10949,#10950,#10951,#10952)
    ,(#10953,#10954,#10955,#10956,#10957,#10958,#10959,#10960,#10961)
    ,(#10962,#10963,#10964,#10965,#10966,#10967,#10968,#10969,#10970
)),.UNSPECIFIED.,.F.,.F.,.F.) B_SPLINE_SURFACE_WITH_KNOTS((9,9),(9,9),(
    7.,8.),(0.,1.),.PIECEWISE_BEZIER_KNOTS.) 
GEOMETRIC_REPRESENTATION_ITEM() RATIONAL_B_SPLINE_SURFACE((
    (1.,1.,0.999999999999,1.000000000002,0.999999999998,1.000000000001
      ,1.,1.,1.)
    ,(1.,1.,0.999999999999,1.000000000002,0.999999999998,1.000000000001
      ,1.,1.,1.)
    ,(1.,1.,0.999999999999,1.000000000002,0.999999999998,1.000000000001
      ,1.,1.,1.)
    ,(1.,1.,0.999999999999,1.000000000002,0.999999999998,1.000000000001
      ,1.,1.,1.)
    ,(1.,1.,0.999999999999,1.000000000002,0.999999999998,1.000000000001
      ,1.,1.,1.)
    ,(1.,1.,0.999999999999,1.000000000002,0.999999999998,1.000000000001
      ,1.,1.,1.)
    ,(1.,1.,0.999999999999,1.000000000002,0.999999999998,1.000000000001
      ,1.,1.,1.)
    ,(1.,1.,0.999999999999,1.000000000002,0.999999999998,1.000000000001
      ,1.,1.,1.)
    ,(1.,1.,0.999999999999,1.000000000002,0.999999999998,1.000000000001
,1.,1.,1.))) REPRESENTATION_ITEM('') SURFACE() );
#10890 = CARTESIAN_POINT('',(59.960121289688,-83.87111143804,13.0000001)
  );
#10891 = CARTESIAN_POINT('',(59.8125573988,-83.79604910417,
    11.285871810329));
#10892 = CARTESIAN_POINT('',(60.365764856145,-84.26215762279,
    9.876487483963));
#10893 = CARTESIAN_POINT('',(59.861467646181,-82.9251396085,
    7.581934517002));
#10894 = CARTESIAN_POINT('',(60.979906444788,-84.61134504031,
    7.182408522339));
#10895 = CARTESIAN_POINT('',(60.651970095419,-82.73753733172,
    3.628400475139));
#10896 = CARTESIAN_POINT('',(63.045393862214,-82.20538174039,
    4.285704914205));
#10897 = CARTESIAN_POINT('',(63.116682844098,-81.03484797588,
    2.288254176522));
#10898 = CARTESIAN_POINT('',(64.742918042478,-79.9353584512,1.9500001));
#10899 = CARTESIAN_POINT('',(59.772365432652,-83.87111143804,13.0000001)
  );
#10900 = CARTESIAN_POINT('',(59.668514098795,-83.79604910417,
    11.285871810346));
#10901 = CARTESIAN_POINT('',(60.021579332208,-84.2621576228,
    9.876487483911));
#10902 = CARTESIAN_POINT('',(59.87882352122,-82.92513960849,
    7.581934517081));
#10903 = CARTESIAN_POINT('',(60.446571712778,-84.61134504033,
    7.182408522263));
#10904 = CARTESIAN_POINT('',(60.550946798383,-82.73753733171,
    3.628400475185));
#10905 = CARTESIAN_POINT('',(62.578911413465,-82.20538174039,
    4.285704914188));
#10906 = CARTESIAN_POINT('',(62.866036603718,-81.03484797588,
    2.288254176525));
#10907 = CARTESIAN_POINT('',(64.388845530918,-79.9353584512,1.9500001));
#10908 = CARTESIAN_POINT('',(59.58461035413,-83.82897823201,13.0000001)
  );
#10909 = CARTESIAN_POINT('',(59.524475599898,-83.76372097638,
    11.285871810341));
#10910 = CARTESIAN_POINT('',(59.677386287877,-84.18492988753,
    9.876487483928));
#10911 = CARTESIAN_POINT('',(59.896185793863,-82.92902787031,
    7.581934517054));
#10912 = CARTESIAN_POINT('',(59.913233100724,-84.49166856917,
    7.18240852229));
#10913 = CARTESIAN_POINT('',(60.449924929355,-82.71486626866,
    3.628400475166));
#10914 = CARTESIAN_POINT('',(62.112428458845,-82.10070355201,
    4.285704914195));
#10915 = CARTESIAN_POINT('',(62.615390327597,-80.97860297765,
    2.288254176523));
#10916 = CARTESIAN_POINT('',(64.034772907906,-79.85590466618,1.9500001)
  );
#10917 = CARTESIAN_POINT('',(59.40788155395,-83.74471742698,13.0000001)
  );
#10918 = CARTESIAN_POINT('',(59.388874425799,-83.69909508645,
    11.285871810347));
#10919 = CARTESIAN_POINT('',(59.353452644652,-84.03042922031,
    9.876487483909));
#10920 = CARTESIAN_POINT('',(59.91249517113,-82.9368439878,
    7.581934517085));
#10921 = CARTESIAN_POINT('',(59.411247143695,-84.25229378613,
    7.182408522258));
#10922 = CARTESIAN_POINT('',(60.354830575453,-82.66953341648,
    3.62840047519));
#10923 = CARTESIAN_POINT('',(61.673353158896,-81.89134597719,
    4.285704914186));
#10924 = CARTESIAN_POINT('',(62.379469263409,-80.86611380123,
    2.288254176526));
#10925 = CARTESIAN_POINT('',(63.701502002209,-79.6969978765,1.9500001));
#10926 = CARTESIAN_POINT('',(59.253221625659,-83.62177837434,13.0000001)
  );
#10927 = CARTESIAN_POINT('',(59.270254080406,-83.60474591958,
    11.285871810336));
#10928 = CARTESIAN_POINT('',(59.069868358993,-83.80513164104,
    9.876487483944));
#10929 = CARTESIAN_POINT('',(59.926841394498,-82.94815860545,
    7.581934517029));
#10930 = CARTESIAN_POINT('',(58.971877120457,-83.90312287958,
    7.182408522313));
#10931 = CARTESIAN_POINT('',(60.271622515266,-82.6033774847,
    3.628400475152));
#10932 = CARTESIAN_POINT('',(61.289079337626,-81.58592066238,
    4.285704914201));
#10933 = CARTESIAN_POINT('',(62.172996451766,-80.70200354823,
    2.288254176522));
#10934 = CARTESIAN_POINT('',(63.409830105428,-79.46516989457,1.9500001)
  );
#10935 = CARTESIAN_POINT('',(59.130282573016,-83.46711844605,13.0000001)
  );
#10936 = CARTESIAN_POINT('',(59.175904913535,-83.4861255742,
    11.285871810351));
#10937 = CARTESIAN_POINT('',(58.844570779716,-83.52154735532,
    9.876487483897));
#10938 = CARTESIAN_POINT('',(59.938156012153,-82.9625048289,
    7.581934517103));
#10939 = CARTESIAN_POINT('',(58.622706213914,-83.46375285627,
    7.182408522243));
#10940 = CARTESIAN_POINT('',(60.205466583484,-82.52016942456,
    3.628400475198));
#10941 = CARTESIAN_POINT('',(60.983654022816,-81.20164684109,
    4.285704914183));
#10942 = CARTESIAN_POINT('',(62.008886198763,-80.49553073659,
    2.288254176526));
#10943 = CARTESIAN_POINT('',(63.178002123495,-79.17349799779,1.9500001)
  );
#10944 = CARTESIAN_POINT('',(59.046021767982,-83.29038964587,13.0000001)
  );
#10945 = CARTESIAN_POINT('',(59.111279023627,-83.35052440009,
    11.285871810337));
#10946 = CARTESIAN_POINT('',(58.690070112427,-83.19761371215,
    9.87648748394));
#10947 = CARTESIAN_POINT('',(59.945972129749,-82.97881420609,
    7.581934517037));
#10948 = CARTESIAN_POINT('',(58.383331430768,-82.96176689932,
    7.182408522305));
#10949 = CARTESIAN_POINT('',(60.160133731372,-82.42507507061,
    3.628400475159));
#10950 = CARTESIAN_POINT('',(60.774296447977,-80.76257154116,
    4.285704914198));
#10951 = CARTESIAN_POINT('',(61.896397022344,-80.2596096724,
    2.288254176523));
#10952 = CARTESIAN_POINT('',(63.019095333818,-78.84022709209,1.9500001)
  );
#10953 = CARTESIAN_POINT('',(59.003888561953,-83.10263456734,13.0000001)
  );
#10954 = CARTESIAN_POINT('',(59.07895089583,-83.20648590121,
    11.285871810333));
#10955 = CARTESIAN_POINT('',(58.612842377184,-82.85342066777,
    9.87648748395));
#10956 = CARTESIAN_POINT('',(59.94986039153,-82.99617647881,
    7.581934517021));
#10957 = CARTESIAN_POINT('',(58.263654959648,-82.42842828719,
    7.18240852232));
#10958 = CARTESIAN_POINT('',(60.137462668298,-82.32405320163,
    3.62840047515));
#10959 = CARTESIAN_POINT('',(60.669618259601,-80.29608858652,
    4.2857049142));
#10960 = CARTESIAN_POINT('',(61.84015202412,-80.00896339628,
    2.288254176523));
#10961 = CARTESIAN_POINT('',(62.939641548791,-78.48615446908,1.9500001)
  );
#10962 = CARTESIAN_POINT('',(59.003888561953,-82.91487871031,13.0000001)
  );
#10963 = CARTESIAN_POINT('',(59.078950895822,-83.0624426012,
    11.285871810329));
#10964 = CARTESIAN_POINT('',(58.612842377207,-82.50923514383,
    9.876487483963));
#10965 = CARTESIAN_POINT('',(59.949860391496,-83.01353235384,
    7.581934517002));
#10966 = CARTESIAN_POINT('',(58.263654959681,-81.89509355519,
    7.182408522339));
#10967 = CARTESIAN_POINT('',(60.137462668278,-82.22302990459,
    3.628400475139));
#10968 = CARTESIAN_POINT('',(60.669618259609,-79.82960613778,
    4.285704914205));
#10969 = CARTESIAN_POINT('',(61.840152024119,-79.7583171559,
    2.288254176522));
#10970 = CARTESIAN_POINT('',(62.939641548791,-78.13208195752,1.9500001)
  );
#10971 = DEFINITIONAL_REPRESENTATION('',(#10972),#10976);
#10972 = LINE('',#10973,#10974);
#10973 = CARTESIAN_POINT('',(0.,0.));
#10974 = VECTOR('',#10975,1.);
#10975 = DIRECTION('',(1.,0.));
#10976 = ( GEOMETRIC_REPRESENTATION_CONTEXT(2) 
PARAMETRIC_REPRESENTATION_CONTEXT() REPRESENTATION_CONTEXT('2D SPACE',''
  ) );
#10977 = ORIENTED_EDGE('',*,*,#10978,.F.);
#10978 = EDGE_CURVE('',#10979,#10862,#10981,.T.);
#10979 = VERTEX_POINT('',#10980);
#10980 = CARTESIAN_POINT('',(73.389878710313,-83.87111143804,13.0000001)
  );
#10981 = SURFACE_CURVE('',#10982,(#10992,#11005),.PCURVE_S1.);
#10982 = B_SPLINE_CURVE_WITH_KNOTS('',8,(#10983,#10984,#10985,#10986,
    #10987,#10988,#10989,#10990,#10991),.UNSPECIFIED.,.F.,.F.,(9,9),(6.,
    7.),.PIECEWISE_BEZIER_KNOTS.);
#10983 = CARTESIAN_POINT('',(73.389878710313,-83.87111143804,13.0000001)
  );
#10984 = CARTESIAN_POINT('',(71.711159032734,-83.87111143804,13.0000001)
  );
#10985 = CARTESIAN_POINT('',(70.032439355156,-83.87111143804,13.0000001)
  );
#10986 = CARTESIAN_POINT('',(68.353719677578,-83.87111143804,13.0000001)
  );
#10987 = CARTESIAN_POINT('',(66.675,-83.87111143804,13.0000001));
#10988 = CARTESIAN_POINT('',(64.996280322422,-83.87111143804,13.0000001)
  );
#10989 = CARTESIAN_POINT('',(63.317560644844,-83.87111143804,13.0000001)
  );
#10990 = CARTESIAN_POINT('',(61.638840967266,-83.87111143804,13.0000001)
  );
#10991 = CARTESIAN_POINT('',(59.960121289688,-83.87111143804,13.0000001)
  );
#10992 = PCURVE('',#9805,#10993);
#10993 = DEFINITIONAL_REPRESENTATION('',(#10994),#11004);
#10994 = B_SPLINE_CURVE_WITH_KNOTS('',8,(#10995,#10996,#10997,#10998,
    #10999,#11000,#11001,#11002,#11003),.UNSPECIFIED.,.F.,.F.,(9,9),(6.,
    7.),.PIECEWISE_BEZIER_KNOTS.);
#10995 = CARTESIAN_POINT('',(11.584998004336,10.590041704087));
#10996 = CARTESIAN_POINT('',(10.359707015968,9.4425393077));
#10997 = CARTESIAN_POINT('',(9.134416027601,8.295036911313));
#10998 = CARTESIAN_POINT('',(7.909125039234,7.147534514926));
#10999 = CARTESIAN_POINT('',(6.683834050866,6.00003211854));
#11000 = CARTESIAN_POINT('',(5.458543062499,4.852529722153));
#11001 = CARTESIAN_POINT('',(4.233252074131,3.705027325766));
#11002 = CARTESIAN_POINT('',(3.007961085764,2.557524929379));
#11003 = CARTESIAN_POINT('',(1.782670097396,1.410022532992));
#11004 = ( GEOMETRIC_REPRESENTATION_CONTEXT(2) 
PARAMETRIC_REPRESENTATION_CONTEXT() REPRESENTATION_CONTEXT('2D SPACE',''
  ) );
#11005 = PCURVE('',#11006,#11088);
#11006 = ( BOUNDED_SURFACE() B_SPLINE_SURFACE(8,8,(
    (#11007,#11008,#11009,#11010,#11011,#11012,#11013,#11014,#11015)
    ,(#11016,#11017,#11018,#11019,#11020,#11021,#11022,#11023,#11024)
    ,(#11025,#11026,#11027,#11028,#11029,#11030,#11031,#11032,#11033)
    ,(#11034,#11035,#11036,#11037,#11038,#11039,#11040,#11041,#11042)
    ,(#11043,#11044,#11045,#11046,#11047,#11048,#11049,#11050,#11051)
    ,(#11052,#11053,#11054,#11055,#11056,#11057,#11058,#11059,#11060)
    ,(#11061,#11062,#11063,#11064,#11065,#11066,#11067,#11068,#11069)
    ,(#11070,#11071,#11072,#11073,#11074,#11075,#11076,#11077,#11078)
    ,(#11079,#11080,#11081,#11082,#11083,#11084,#11085,#11086,#11087
)),.UNSPECIFIED.,.F.,.F.,.F.) B_SPLINE_SURFACE_WITH_KNOTS((9,9),(9,9),(
    6.,7.),(0.,1.),.PIECEWISE_BEZIER_KNOTS.) 
GEOMETRIC_REPRESENTATION_ITEM() RATIONAL_B_SPLINE_SURFACE((
    (1.,1.,0.999999999999,1.000000000002,0.999999999998,1.000000000001
      ,1.,1.,1.)
    ,(1.,1.,0.999999999999,1.000000000002,0.999999999998,1.000000000001
      ,1.,1.,1.)
    ,(1.,1.,0.999999999999,1.000000000002,0.999999999998,1.000000000001
      ,1.,1.,1.)
    ,(1.,1.,0.999999999999,1.000000000002,0.999999999998,1.000000000001
      ,1.,1.,1.)
    ,(1.,1.,0.999999999999,1.000000000002,0.999999999998,1.000000000001
      ,1.,1.,1.)
    ,(1.,1.,0.999999999999,1.000000000002,0.999999999998,1.000000000001
      ,1.,1.,1.)
    ,(1.,1.,0.999999999999,1.000000000002,0.999999999998,1.000000000001
      ,1.,1.,1.)
    ,(1.,1.,0.999999999999,1.000000000002,0.999999999998,1.000000000001
      ,1.,1.,1.)
    ,(1.,1.,0.999999999999,1.000000000002,0.999999999998,1.000000000001
,1.,1.,1.))) REPRESENTATION_ITEM('') SURFACE() );
#11007 = CARTESIAN_POINT('',(73.389878710313,-83.87111143804,13.0000001)
  );
#11008 = CARTESIAN_POINT('',(73.537442601212,-83.79604910417,
    11.285871810331));
#11009 = CARTESIAN_POINT('',(72.984235143821,-84.26215762279,
    9.876487483956));
#11010 = CARTESIAN_POINT('',(73.488532353871,-82.9251396085,
    7.581934517013));
#11011 = CARTESIAN_POINT('',(72.370093555164,-84.61134504031,
    7.182408522328));
#11012 = CARTESIAN_POINT('',(72.69802990461,-82.73753733172,
    3.628400475145));
#11013 = CARTESIAN_POINT('',(70.304606137776,-82.20538174039,
    4.285704914202));
#11014 = CARTESIAN_POINT('',(70.233317155903,-81.03484797588,
    2.288254176523));
#11015 = CARTESIAN_POINT('',(68.607081957522,-79.9353584512,1.9500001));
#11016 = CARTESIAN_POINT('',(71.711159032734,-83.87111143804,13.0000001)
  );
#11017 = CARTESIAN_POINT('',(71.821831950904,-83.79604910417,
    11.285871810331));
#11018 = CARTESIAN_POINT('',(71.406926357879,-84.26215762279,
    9.876487483956));
#11019 = CARTESIAN_POINT('',(71.785149265382,-82.9251396085,
    7.581934517013));
#11020 = CARTESIAN_POINT('',(70.946320166393,-84.61134504031,
    7.182408522328));
#11021 = CARTESIAN_POINT('',(71.192272428445,-82.73753733172,
    3.628400475145));
#11022 = CARTESIAN_POINT('',(69.397204603336,-82.20538174039,
    4.285704914202));
#11023 = CARTESIAN_POINT('',(69.343737866927,-81.03484797588,
    2.288254176523));
#11024 = CARTESIAN_POINT('',(68.124061468141,-79.9353584512,1.9500001));
#11025 = CARTESIAN_POINT('',(70.032439355156,-83.87111143804,13.0000001)
  );
#11026 = CARTESIAN_POINT('',(70.106221300601,-83.79604910417,
    11.285871810331));
#11027 = CARTESIAN_POINT('',(69.829617571924,-84.26215762279,
    9.876487483956));
#11028 = CARTESIAN_POINT('',(70.081766176914,-82.9251396085,
    7.581934517013));
#11029 = CARTESIAN_POINT('',(69.522546777602,-84.61134504031,
    7.182408522328));
#11030 = CARTESIAN_POINT('',(69.686514952293,-82.73753733172,
    3.628400475145));
#11031 = CARTESIAN_POINT('',(68.489803068892,-82.20538174039,
    4.285704914202));
#11032 = CARTESIAN_POINT('',(68.454158577951,-81.03484797588,
    2.288254176523));
#11033 = CARTESIAN_POINT('',(67.641040978761,-79.9353584512,1.9500001));
#11034 = CARTESIAN_POINT('',(68.353719677578,-83.87111143804,13.0000001)
  );
#11035 = CARTESIAN_POINT('',(68.390610650299,-83.79604910417,
    11.285871810331));
#11036 = CARTESIAN_POINT('',(68.252308785966,-84.26215762279,
    9.876487483956));
#11037 = CARTESIAN_POINT('',(68.378383088451,-82.9251396085,
    7.581934517013));
#11038 = CARTESIAN_POINT('',(68.098773388806,-84.61134504031,
    7.182408522328));
#11039 = CARTESIAN_POINT('',(68.180757476143,-82.73753733172,
    3.628400475145));
#11040 = CARTESIAN_POINT('',(67.582401534447,-82.20538174039,
    4.285704914202));
#11041 = CARTESIAN_POINT('',(67.564579288975,-81.03484797588,
    2.288254176523));
#11042 = CARTESIAN_POINT('',(67.15802048938,-79.9353584512,1.9500001));
#11043 = CARTESIAN_POINT('',(66.675,-83.87111143804,13.0000001));
#11044 = CARTESIAN_POINT('',(66.675,-83.79604910417,11.285871810331));
#11045 = CARTESIAN_POINT('',(66.675,-84.26215762279,9.876487483956));
#11046 = CARTESIAN_POINT('',(66.675,-82.9251396085,7.581934517013));
#11047 = CARTESIAN_POINT('',(66.675,-84.61134504031,7.182408522328));
#11048 = CARTESIAN_POINT('',(66.675,-82.73753733172,3.628400475145));
#11049 = CARTESIAN_POINT('',(66.675,-82.20538174039,4.285704914202));
#11050 = CARTESIAN_POINT('',(66.675,-81.03484797588,2.288254176523));
#11051 = CARTESIAN_POINT('',(66.675,-79.9353584512,1.9500001));
#11052 = CARTESIAN_POINT('',(64.996280322422,-83.87111143804,13.0000001)
  );
#11053 = CARTESIAN_POINT('',(64.9593893497,-83.79604910417,
    11.285871810331));
#11054 = CARTESIAN_POINT('',(65.097691214037,-84.26215762279,
    9.876487483956));
#11055 = CARTESIAN_POINT('',(64.971616911544,-82.9251396085,
    7.581934517013));
#11056 = CARTESIAN_POINT('',(65.251226611197,-84.61134504031,
    7.182408522328));
#11057 = CARTESIAN_POINT('',(65.169242523855,-82.73753733172,
    3.628400475145));
#11058 = CARTESIAN_POINT('',(65.767598465554,-82.20538174039,
    4.285704914202));
#11059 = CARTESIAN_POINT('',(65.785420711025,-81.03484797588,
    2.288254176523));
#11060 = CARTESIAN_POINT('',(66.19197951062,-79.9353584512,1.9500001));
#11061 = CARTESIAN_POINT('',(63.317560644844,-83.87111143804,13.0000001)
  );
#11062 = CARTESIAN_POINT('',(63.2437786994,-83.79604910417,
    11.285871810331));
#11063 = CARTESIAN_POINT('',(63.520382428074,-84.26215762279,
    9.876487483956));
#11064 = CARTESIAN_POINT('',(63.268233823089,-82.9251396085,
    7.581934517013));
#11065 = CARTESIAN_POINT('',(63.827453222395,-84.61134504031,
    7.182408522328));
#11066 = CARTESIAN_POINT('',(63.663485047709,-82.73753733172,
    3.628400475145));
#11067 = CARTESIAN_POINT('',(64.860196931107,-82.20538174039,
    4.285704914202));
#11068 = CARTESIAN_POINT('',(64.895841422049,-81.03484797588,
    2.288254176523));
#11069 = CARTESIAN_POINT('',(65.708959021239,-79.9353584512,1.9500001));
#11070 = CARTESIAN_POINT('',(61.638840967266,-83.87111143804,13.0000001)
  );
#11071 = CARTESIAN_POINT('',(61.5281680491,-83.79604910417,
    11.285871810331));
#11072 = CARTESIAN_POINT('',(61.943073642108,-84.26215762279,
    9.876487483956));
#11073 = CARTESIAN_POINT('',(61.564850734637,-82.9251396085,
    7.581934517013));
#11074 = CARTESIAN_POINT('',(62.403679833588,-84.61134504031,
    7.182408522328));
#11075 = CARTESIAN_POINT('',(62.157727571566,-82.73753733172,
    3.628400475145));
#11076 = CARTESIAN_POINT('',(63.95279539666,-82.20538174039,
    4.285704914202));
#11077 = CARTESIAN_POINT('',(64.006262133074,-81.03484797588,
    2.288254176523));
#11078 = CARTESIAN_POINT('',(65.225938531859,-79.9353584512,1.9500001));
#11079 = CARTESIAN_POINT('',(59.960121289688,-83.87111143804,13.0000001)
  );
#11080 = CARTESIAN_POINT('',(59.8125573988,-83.79604910417,
    11.285871810329));
#11081 = CARTESIAN_POINT('',(60.365764856145,-84.26215762279,
    9.876487483963));
#11082 = CARTESIAN_POINT('',(59.861467646181,-82.9251396085,
    7.581934517002));
#11083 = CARTESIAN_POINT('',(60.979906444788,-84.61134504031,
    7.182408522339));
#11084 = CARTESIAN_POINT('',(60.651970095419,-82.73753733172,
    3.628400475139));
#11085 = CARTESIAN_POINT('',(63.045393862214,-82.20538174039,
    4.285704914205));
#11086 = CARTESIAN_POINT('',(63.116682844098,-81.03484797588,
    2.288254176522));
#11087 = CARTESIAN_POINT('',(64.742918042478,-79.9353584512,1.9500001));
#11088 = DEFINITIONAL_REPRESENTATION('',(#11089),#11093);
#11089 = LINE('',#11090,#11091);
#11090 = CARTESIAN_POINT('',(0.,0.));
#11091 = VECTOR('',#11092,1.);
#11092 = DIRECTION('',(1.,0.));
#11093 = ( GEOMETRIC_REPRESENTATION_CONTEXT(2) 
PARAMETRIC_REPRESENTATION_CONTEXT() REPRESENTATION_CONTEXT('2D SPACE',''
  ) );
#11094 = ORIENTED_EDGE('',*,*,#11095,.F.);
#11095 = EDGE_CURVE('',#11096,#10979,#11098,.T.);
#11096 = VERTEX_POINT('',#11097);
#11097 = CARTESIAN_POINT('',(74.346111438047,-82.91487871031,13.0000001)
  );
#11098 = SURFACE_CURVE('',#11099,(#11109,#11122),.PCURVE_S1.);
#11099 = B_SPLINE_CURVE_WITH_KNOTS('',8,(#11100,#11101,#11102,#11103,
    #11104,#11105,#11106,#11107,#11108),.UNSPECIFIED.,.F.,.F.,(9,9),(5.,
    6.),.PIECEWISE_BEZIER_KNOTS.);
#11100 = CARTESIAN_POINT('',(74.346111438047,-82.91487871031,13.0000001)
  );
#11101 = CARTESIAN_POINT('',(74.346111438047,-83.10263456734,13.0000001)
  );
#11102 = CARTESIAN_POINT('',(74.303978232018,-83.29038964587,13.0000001)
  );
#11103 = CARTESIAN_POINT('',(74.219717426984,-83.46711844605,13.0000001)
  );
#11104 = CARTESIAN_POINT('',(74.096778374341,-83.62177837434,13.0000001)
  );
#11105 = CARTESIAN_POINT('',(73.94211844605,-83.74471742698,13.0000001)
  );
#11106 = CARTESIAN_POINT('',(73.76538964587,-83.82897823201,13.0000001)
  );
#11107 = CARTESIAN_POINT('',(73.577634567348,-83.87111143804,13.0000001)
  );
#11108 = CARTESIAN_POINT('',(73.389878710313,-83.87111143804,13.0000001)
  );
#11109 = PCURVE('',#9805,#11110);
#11110 = DEFINITIONAL_REPRESENTATION('',(#11111),#11121);
#11111 = B_SPLINE_CURVE_WITH_KNOTS('',8,(#11112,#11113,#11114,#11115,
    #11116,#11117,#11118,#11119,#11120),.UNSPECIFIED.,.F.,.F.,(9,9),(5.,
    6.),.PIECEWISE_BEZIER_KNOTS.);
#11112 = CARTESIAN_POINT('',(12.936589172867,10.54573174663));
#11113 = CARTESIAN_POINT('',(12.808247140089,10.682774019209));
#11114 = CARTESIAN_POINT('',(12.649152775638,10.791015230219));
#11115 = CARTESIAN_POINT('',(12.466846741531,10.862411742781));
#11116 = CARTESIAN_POINT('',(12.271394960007,10.891261442659));
#11117 = CARTESIAN_POINT('',(12.074473295044,10.875275137515));
#11118 = CARTESIAN_POINT('',(11.887882474596,10.81597237365));
#11119 = CARTESIAN_POINT('',(11.722040276915,10.718383736864));
#11120 = CARTESIAN_POINT('',(11.584998004336,10.590041704087));
#11121 = ( GEOMETRIC_REPRESENTATION_CONTEXT(2) 
PARAMETRIC_REPRESENTATION_CONTEXT() REPRESENTATION_CONTEXT('2D SPACE',''
  ) );
#11122 = PCURVE('',#11123,#11205);
#11123 = ( BOUNDED_SURFACE() B_SPLINE_SURFACE(8,8,(
    (#11124,#11125,#11126,#11127,#11128,#11129,#11130,#11131,#11132)
    ,(#11133,#11134,#11135,#11136,#11137,#11138,#11139,#11140,#11141)
    ,(#11142,#11143,#11144,#11145,#11146,#11147,#11148,#11149,#11150)
    ,(#11151,#11152,#11153,#11154,#11155,#11156,#11157,#11158,#11159)
    ,(#11160,#11161,#11162,#11163,#11164,#11165,#11166,#11167,#11168)
    ,(#11169,#11170,#11171,#11172,#11173,#11174,#11175,#11176,#11177)
    ,(#11178,#11179,#11180,#11181,#11182,#11183,#11184,#11185,#11186)
    ,(#11187,#11188,#11189,#11190,#11191,#11192,#11193,#11194,#11195)
    ,(#11196,#11197,#11198,#11199,#11200,#11201,#11202,#11203,#11204
)),.UNSPECIFIED.,.F.,.F.,.F.) B_SPLINE_SURFACE_WITH_KNOTS((9,9),(9,9),(
    5.,6.),(0.,1.),.PIECEWISE_BEZIER_KNOTS.) 
GEOMETRIC_REPRESENTATION_ITEM() RATIONAL_B_SPLINE_SURFACE((
    (1.,1.,0.999999999999,1.000000000002,0.999999999998,1.000000000001
      ,1.,1.,1.)
    ,(1.,1.,0.999999999999,1.000000000002,0.999999999998,1.000000000001
      ,1.,1.,1.)
    ,(1.,1.,0.999999999999,1.000000000002,0.999999999998,1.000000000001
      ,1.,1.,1.)
    ,(1.,1.,0.999999999999,1.000000000002,0.999999999998,1.000000000001
      ,1.,1.,1.)
    ,(1.,1.,0.999999999999,1.000000000002,0.999999999998,1.000000000001
      ,1.,1.,1.)
    ,(1.,1.,0.999999999999,1.000000000002,0.999999999998,1.000000000001
      ,1.,1.,1.)
    ,(1.,1.,0.999999999999,1.000000000002,0.999999999998,1.000000000001
      ,1.,1.,1.)
    ,(1.,1.,0.999999999999,1.000000000002,0.999999999998,1.000000000001
      ,1.,1.,1.)
    ,(1.,1.,0.999999999999,1.000000000002,0.999999999998,1.000000000001
,1.,1.,1.))) REPRESENTATION_ITEM('') SURFACE() );
#11124 = CARTESIAN_POINT('',(74.346111438047,-82.91487871031,13.0000001)
  );
#11125 = CARTESIAN_POINT('',(74.271049104178,-83.0624426012,
    11.285871810329));
#11126 = CARTESIAN_POINT('',(74.737157622792,-82.50923514384,
    9.876487483963));
#11127 = CARTESIAN_POINT('',(73.400139608506,-83.01353235383,
    7.581934517002));
#11128 = CARTESIAN_POINT('',(75.086345040317,-81.8950935552,
    7.182408522339));
#11129 = CARTESIAN_POINT('',(73.212537331723,-82.22302990458,
    3.628400475139));
#11130 = CARTESIAN_POINT('',(72.680381740391,-79.82960613778,
    4.285704914205));
#11131 = CARTESIAN_POINT('',(71.509847975881,-79.7583171559,
    2.288254176522));
#11132 = CARTESIAN_POINT('',(70.410358451209,-78.13208195752,1.9500001)
  );
#11133 = CARTESIAN_POINT('',(74.346111438047,-83.10263456734,13.0000001)
  );
#11134 = CARTESIAN_POINT('',(74.271049104174,-83.20648590121,
    11.285871810349));
#11135 = CARTESIAN_POINT('',(74.737157622804,-82.85342066775,
    9.876487483904));
#11136 = CARTESIAN_POINT('',(73.400139608488,-82.99617647884,
    7.581934517093));
#11137 = CARTESIAN_POINT('',(75.086345040336,-82.42842828716,
    7.182408522251));
#11138 = CARTESIAN_POINT('',(73.21253733171,-82.32405320165,
    3.628400475193));
#11139 = CARTESIAN_POINT('',(72.680381740396,-80.29608858652,
    4.285704914185));
#11140 = CARTESIAN_POINT('',(71.50984797588,-80.00896339628,
    2.288254176526));
#11141 = CARTESIAN_POINT('',(70.410358451209,-78.48615446908,1.9500001)
  );
#11142 = CARTESIAN_POINT('',(74.303978232018,-83.29038964587,13.0000001)
  );
#11143 = CARTESIAN_POINT('',(74.238720976385,-83.35052440009,
    11.285871810344));
#11144 = CARTESIAN_POINT('',(74.659929887539,-83.19761371213,
    9.876487483918));
#11145 = CARTESIAN_POINT('',(73.404027870304,-82.97881420612,
    7.581934517071));
#11146 = CARTESIAN_POINT('',(74.96666856918,-82.96176689929,
    7.182408522273));
#11147 = CARTESIAN_POINT('',(73.189866268661,-82.42507507063,
    3.628400475179));
#11148 = CARTESIAN_POINT('',(72.575703552011,-80.76257154115,
    4.28570491419));
#11149 = CARTESIAN_POINT('',(71.453602977658,-80.2596096724,
    2.288254176525));
#11150 = CARTESIAN_POINT('',(70.330904666182,-78.84022709209,1.9500001)
  );
#11151 = CARTESIAN_POINT('',(74.219717426984,-83.46711844605,13.0000001)
  );
#11152 = CARTESIAN_POINT('',(74.174095086463,-83.48612557421,
    11.285871810346));
#11153 = CARTESIAN_POINT('',(74.505429220289,-83.52154735531,
    9.876487483912));
#11154 = CARTESIAN_POINT('',(73.41184398784,-82.96250482891,
    7.581934517081));
#11155 = CARTESIAN_POINT('',(74.727293786095,-83.46375285626,
    7.182408522264));
#11156 = CARTESIAN_POINT('',(73.144533416508,-82.52016942456,
    3.628400475183));
#11157 = CARTESIAN_POINT('',(72.366345977188,-81.20164684109,
    4.28570491419));
#11158 = CARTESIAN_POINT('',(71.341113801236,-80.49553073659,
    2.288254176525));
#11159 = CARTESIAN_POINT('',(70.171997876505,-79.17349799779,1.9500001)
  );
#11160 = CARTESIAN_POINT('',(74.096778374341,-83.62177837434,13.0000001)
  );
#11161 = CARTESIAN_POINT('',(74.079745919587,-83.60474591956,
    11.285871810335));
#11162 = CARTESIAN_POINT('',(74.280131641028,-83.80513164108,
    9.876487483946));
#11163 = CARTESIAN_POINT('',(73.423158605467,-82.94815860539,
    7.581934517028));
#11164 = CARTESIAN_POINT('',(74.378122879573,-83.90312287964,
    7.182408522313));
#11165 = CARTESIAN_POINT('',(73.078377484718,-82.60337748467,
    3.628400475155));
#11166 = CARTESIAN_POINT('',(72.060920662378,-81.58592066239,
    4.285704914198));
#11167 = CARTESIAN_POINT('',(71.177003548233,-80.70200354823,
    2.288254176524));
#11168 = CARTESIAN_POINT('',(69.940169894572,-79.46516989457,1.9500001)
  );
#11169 = CARTESIAN_POINT('',(73.94211844605,-83.74471742698,13.0000001)
  );
#11170 = CARTESIAN_POINT('',(73.961125574207,-83.69909508646,
    11.28587181035));
#11171 = CARTESIAN_POINT('',(73.99654735533,-84.03042922027,
    9.876487483902));
#11172 = CARTESIAN_POINT('',(73.437504828899,-82.93684398785,
    7.581934517096));
#11173 = CARTESIAN_POINT('',(73.938752856281,-84.25229378608,
    7.18240852225));
#11174 = CARTESIAN_POINT('',(72.99516942456,-82.66953341651,
    3.628400475191));
#11175 = CARTESIAN_POINT('',(71.676646841101,-81.89134597718,
    4.285704914187));
#11176 = CARTESIAN_POINT('',(70.970530736592,-80.86611380123,
    2.288254176525));
#11177 = CARTESIAN_POINT('',(69.648497997791,-79.6969978765,1.9500001));
#11178 = CARTESIAN_POINT('',(73.76538964587,-83.82897823201,13.0000001)
  );
#11179 = CARTESIAN_POINT('',(73.825524400102,-83.76372097637,
    11.285871810341));
#11180 = CARTESIAN_POINT('',(73.672613712126,-84.18492988756,
    9.876487483928));
#11181 = CARTESIAN_POINT('',(73.453814206133,-82.92902787027,
    7.581934517055));
#11182 = CARTESIAN_POINT('',(73.436766899278,-84.4916685692,
    7.182408522288));
#11183 = CARTESIAN_POINT('',(72.900075070646,-82.71486626864,
    3.628400475169));
#11184 = CARTESIAN_POINT('',(71.237571541154,-82.10070355201,
    4.285704914194));
#11185 = CARTESIAN_POINT('',(70.734609672403,-80.97860297765,
    2.288254176524));
#11186 = CARTESIAN_POINT('',(69.315227092094,-79.85590466618,1.9500001)
  );
#11187 = CARTESIAN_POINT('',(73.577634567348,-83.87111143804,13.0000001)
  );
#11188 = CARTESIAN_POINT('',(73.681485901212,-83.79604910418,
    11.285871810349));
#11189 = CARTESIAN_POINT('',(73.328420667773,-84.26215762278,
    9.876487483905));
#11190 = CARTESIAN_POINT('',(73.47117647881,-82.92513960851,
    7.581934517091));
#11191 = CARTESIAN_POINT('',(72.903428287194,-84.61134504031,
    7.182408522255));
#11192 = CARTESIAN_POINT('',(72.799053201634,-82.73753733172,
    3.628400475189));
#11193 = CARTESIAN_POINT('',(70.771088586529,-82.20538174039,
    4.285704914187));
#11194 = CARTESIAN_POINT('',(70.483963396283,-81.03484797588,
    2.288254176525));
#11195 = CARTESIAN_POINT('',(68.961154469082,-79.9353584512,1.9500001));
#11196 = CARTESIAN_POINT('',(73.389878710313,-83.87111143804,13.0000001)
  );
#11197 = CARTESIAN_POINT('',(73.537442601212,-83.79604910417,
    11.285871810331));
#11198 = CARTESIAN_POINT('',(72.984235143821,-84.26215762279,
    9.876487483956));
#11199 = CARTESIAN_POINT('',(73.488532353871,-82.9251396085,
    7.581934517013));
#11200 = CARTESIAN_POINT('',(72.370093555164,-84.61134504031,
    7.182408522328));
#11201 = CARTESIAN_POINT('',(72.69802990461,-82.73753733172,
    3.628400475145));
#11202 = CARTESIAN_POINT('',(70.304606137776,-82.20538174039,
    4.285704914202));
#11203 = CARTESIAN_POINT('',(70.233317155903,-81.03484797588,
    2.288254176523));
#11204 = CARTESIAN_POINT('',(68.607081957522,-79.9353584512,1.9500001));
#11205 = DEFINITIONAL_REPRESENTATION('',(#11206),#11210);
#11206 = LINE('',#11207,#11208);
#11207 = CARTESIAN_POINT('',(0.,0.));
#11208 = VECTOR('',#11209,1.);
#11209 = DIRECTION('',(1.,0.));
#11210 = ( GEOMETRIC_REPRESENTATION_CONTEXT(2) 
PARAMETRIC_REPRESENTATION_CONTEXT() REPRESENTATION_CONTEXT('2D SPACE',''
  ) );
#11211 = ORIENTED_EDGE('',*,*,#11212,.F.);
#11212 = EDGE_CURVE('',#11213,#11096,#11215,.T.);
#11213 = VERTEX_POINT('',#11214);
#11214 = CARTESIAN_POINT('',(74.346111438047,-69.48512128968,13.0000001)
  );
#11215 = SURFACE_CURVE('',#11216,(#11226,#11239),.PCURVE_S1.);
#11216 = B_SPLINE_CURVE_WITH_KNOTS('',8,(#11217,#11218,#11219,#11220,
    #11221,#11222,#11223,#11224,#11225),.UNSPECIFIED.,.F.,.F.,(9,9),(4.,
    5.),.PIECEWISE_BEZIER_KNOTS.);
#11217 = CARTESIAN_POINT('',(74.346111438047,-69.48512128968,13.0000001)
  );
#11218 = CARTESIAN_POINT('',(74.346111438047,-71.16384096726,13.0000001)
  );
#11219 = CARTESIAN_POINT('',(74.346111438047,-72.84256064484,13.0000001)
  );
#11220 = CARTESIAN_POINT('',(74.346111438047,-74.52128032242,13.0000001)
  );
#11221 = CARTESIAN_POINT('',(74.346111438047,-76.2,13.0000001));
#11222 = CARTESIAN_POINT('',(74.346111438047,-77.87871967757,13.0000001)
  );
#11223 = CARTESIAN_POINT('',(74.346111438047,-79.55743935515,13.0000001)
  );
#11224 = CARTESIAN_POINT('',(74.346111438047,-81.23615903273,13.0000001)
  );
#11225 = CARTESIAN_POINT('',(74.346111438047,-82.91487871031,13.0000001)
  );
#11226 = PCURVE('',#9805,#11227);
#11227 = DEFINITIONAL_REPRESENTATION('',(#11228),#11238);
#11228 = B_SPLINE_CURVE_WITH_KNOTS('',8,(#11229,#11230,#11231,#11232,
    #11233,#11234,#11235,#11236,#11237),.UNSPECIFIED.,.F.,.F.,(9,9),(4.,
    5.),.PIECEWISE_BEZIER_KNOTS.);
#11229 = CARTESIAN_POINT('',(22.116608343961,0.74340383969));
#11230 = CARTESIAN_POINT('',(20.969105947575,1.968694828057));
#11231 = CARTESIAN_POINT('',(19.821603551188,3.193985816425));
#11232 = CARTESIAN_POINT('',(18.674101154801,4.419276804792));
#11233 = CARTESIAN_POINT('',(17.526598758414,5.64456779316));
#11234 = CARTESIAN_POINT('',(16.379096362027,6.869858781527));
#11235 = CARTESIAN_POINT('',(15.231593965641,8.095149769895));
#11236 = CARTESIAN_POINT('',(14.084091569254,9.320440758262));
#11237 = CARTESIAN_POINT('',(12.936589172867,10.54573174663));
#11238 = ( GEOMETRIC_REPRESENTATION_CONTEXT(2) 
PARAMETRIC_REPRESENTATION_CONTEXT() REPRESENTATION_CONTEXT('2D SPACE',''
  ) );
#11239 = PCURVE('',#11240,#11322);
#11240 = ( BOUNDED_SURFACE() B_SPLINE_SURFACE(8,8,(
    (#11241,#11242,#11243,#11244,#11245,#11246,#11247,#11248,#11249)
    ,(#11250,#11251,#11252,#11253,#11254,#11255,#11256,#11257,#11258)
    ,(#11259,#11260,#11261,#11262,#11263,#11264,#11265,#11266,#11267)
    ,(#11268,#11269,#11270,#11271,#11272,#11273,#11274,#11275,#11276)
    ,(#11277,#11278,#11279,#11280,#11281,#11282,#11283,#11284,#11285)
    ,(#11286,#11287,#11288,#11289,#11290,#11291,#11292,#11293,#11294)
    ,(#11295,#11296,#11297,#11298,#11299,#11300,#11301,#11302,#11303)
    ,(#11304,#11305,#11306,#11307,#11308,#11309,#11310,#11311,#11312)
    ,(#11313,#11314,#11315,#11316,#11317,#11318,#11319,#11320,#11321
)),.UNSPECIFIED.,.F.,.F.,.F.) B_SPLINE_SURFACE_WITH_KNOTS((9,9),(9,9),(
    4.,5.),(0.,1.),.PIECEWISE_BEZIER_KNOTS.) 
GEOMETRIC_REPRESENTATION_ITEM() RATIONAL_B_SPLINE_SURFACE((
    (1.,1.,0.999999999999,1.000000000002,0.999999999998,1.000000000001
      ,1.,1.,1.)
    ,(1.,1.,0.999999999999,1.000000000002,0.999999999998,1.000000000001
      ,1.,1.,1.)
    ,(1.,1.,0.999999999999,1.000000000002,0.999999999998,1.000000000001
      ,1.,1.,1.)
    ,(1.,1.,0.999999999999,1.000000000002,0.999999999998,1.000000000001
      ,1.,1.,1.)
    ,(1.,1.,0.999999999999,1.000000000002,0.999999999998,1.000000000001
      ,1.,1.,1.)
    ,(1.,1.,0.999999999999,1.000000000002,0.999999999998,1.000000000001
      ,1.,1.,1.)
    ,(1.,1.,0.999999999999,1.000000000002,0.999999999998,1.000000000001
      ,1.,1.,1.)
    ,(1.,1.,0.999999999999,1.000000000002,0.999999999998,1.000000000001
      ,1.,1.,1.)
    ,(1.,1.,0.999999999999,1.000000000002,0.999999999998,1.000000000001
,1.,1.,1.))) REPRESENTATION_ITEM('') SURFACE() );
#11241 = CARTESIAN_POINT('',(74.346111438047,-69.48512128968,13.0000001)
  );
#11242 = CARTESIAN_POINT('',(74.271049104178,-69.33755739878,
    11.285871810331));
#11243 = CARTESIAN_POINT('',(74.737157622792,-69.89076485617,
    9.876487483956));
#11244 = CARTESIAN_POINT('',(73.400139608506,-69.38646764612,
    7.581934517013));
#11245 = CARTESIAN_POINT('',(75.086345040317,-70.50490644483,
    7.182408522328));
#11246 = CARTESIAN_POINT('',(73.212537331723,-70.17697009539,
    3.628400475145));
#11247 = CARTESIAN_POINT('',(72.680381740391,-72.57039386222,
    4.285704914202));
#11248 = CARTESIAN_POINT('',(71.509847975881,-72.64168284409,
    2.288254176523));
#11249 = CARTESIAN_POINT('',(70.410358451209,-74.26791804247,1.9500001)
  );
#11250 = CARTESIAN_POINT('',(74.346111438047,-71.16384096726,13.0000001)
  );
#11251 = CARTESIAN_POINT('',(74.271049104178,-71.05316804909,
    11.285871810331));
#11252 = CARTESIAN_POINT('',(74.737157622792,-71.46807364212,
    9.876487483956));
#11253 = CARTESIAN_POINT('',(73.400139608506,-71.08985073461,
    7.581934517013));
#11254 = CARTESIAN_POINT('',(75.086345040317,-71.9286798336,
    7.182408522328));
#11255 = CARTESIAN_POINT('',(73.212537331723,-71.68272757155,
    3.628400475145));
#11256 = CARTESIAN_POINT('',(72.680381740391,-73.47779539666,
    4.285704914202));
#11257 = CARTESIAN_POINT('',(71.509847975881,-73.53126213307,
    2.288254176523));
#11258 = CARTESIAN_POINT('',(70.410358451209,-74.75093853185,1.9500001)
  );
#11259 = CARTESIAN_POINT('',(74.346111438047,-72.84256064484,13.0000001)
  );
#11260 = CARTESIAN_POINT('',(74.271049104178,-72.76877869939,
    11.285871810331));
#11261 = CARTESIAN_POINT('',(74.737157622792,-73.04538242808,
    9.876487483956));
#11262 = CARTESIAN_POINT('',(73.400139608506,-72.79323382307,
    7.581934517013));
#11263 = CARTESIAN_POINT('',(75.086345040317,-73.35245322241,
    7.182408522328));
#11264 = CARTESIAN_POINT('',(73.212537331723,-73.1884850477,
    3.628400475145));
#11265 = CARTESIAN_POINT('',(72.680381740391,-74.38519693111,
    4.285704914202));
#11266 = CARTESIAN_POINT('',(71.509847975881,-74.42084142204,
    2.288254176523));
#11267 = CARTESIAN_POINT('',(70.410358451209,-75.23395902123,1.9500001)
  );
#11268 = CARTESIAN_POINT('',(74.346111438047,-74.52128032242,13.0000001)
  );
#11269 = CARTESIAN_POINT('',(74.271049104178,-74.4843893497,
    11.285871810331));
#11270 = CARTESIAN_POINT('',(74.737157622792,-74.62269121403,
    9.876487483956));
#11271 = CARTESIAN_POINT('',(73.400139608506,-74.49661691154,
    7.581934517013));
#11272 = CARTESIAN_POINT('',(75.086345040317,-74.77622661119,
    7.182408522328));
#11273 = CARTESIAN_POINT('',(73.212537331723,-74.69424252385,
    3.628400475145));
#11274 = CARTESIAN_POINT('',(72.680381740391,-75.29259846555,
    4.285704914202));
#11275 = CARTESIAN_POINT('',(71.509847975881,-75.31042071102,
    2.288254176523));
#11276 = CARTESIAN_POINT('',(70.410358451209,-75.71697951062,1.9500001)
  );
#11277 = CARTESIAN_POINT('',(74.346111438047,-76.2,13.0000001));
#11278 = CARTESIAN_POINT('',(74.271049104178,-76.2,11.285871810331));
#11279 = CARTESIAN_POINT('',(74.737157622792,-76.2,9.876487483956));
#11280 = CARTESIAN_POINT('',(73.400139608506,-76.2,7.581934517013));
#11281 = CARTESIAN_POINT('',(75.086345040317,-76.2,7.182408522328));
#11282 = CARTESIAN_POINT('',(73.212537331723,-76.2,3.628400475145));
#11283 = CARTESIAN_POINT('',(72.680381740391,-76.2,4.285704914202));
#11284 = CARTESIAN_POINT('',(71.509847975881,-76.2,2.288254176523));
#11285 = CARTESIAN_POINT('',(70.410358451209,-76.2,1.9500001));
#11286 = CARTESIAN_POINT('',(74.346111438047,-77.87871967757,13.0000001)
  );
#11287 = CARTESIAN_POINT('',(74.271049104178,-77.9156106503,
    11.285871810331));
#11288 = CARTESIAN_POINT('',(74.737157622792,-77.77730878596,
    9.876487483956));
#11289 = CARTESIAN_POINT('',(73.400139608506,-77.90338308845,
    7.581934517013));
#11290 = CARTESIAN_POINT('',(75.086345040317,-77.6237733888,
    7.182408522328));
#11291 = CARTESIAN_POINT('',(73.212537331723,-77.70575747614,
    3.628400475145));
#11292 = CARTESIAN_POINT('',(72.680381740391,-77.10740153444,
    4.285704914202));
#11293 = CARTESIAN_POINT('',(71.509847975881,-77.08957928897,
    2.288254176523));
#11294 = CARTESIAN_POINT('',(70.410358451209,-76.68302048938,1.9500001)
  );
#11295 = CARTESIAN_POINT('',(74.346111438047,-79.55743935515,13.0000001)
  );
#11296 = CARTESIAN_POINT('',(74.271049104178,-79.6312213006,
    11.285871810331));
#11297 = CARTESIAN_POINT('',(74.737157622792,-79.35461757192,
    9.876487483956));
#11298 = CARTESIAN_POINT('',(73.400139608506,-79.60676617691,
    7.581934517013));
#11299 = CARTESIAN_POINT('',(75.086345040317,-79.0475467776,
    7.182408522328));
#11300 = CARTESIAN_POINT('',(73.212537331723,-79.21151495229,
    3.628400475145));
#11301 = CARTESIAN_POINT('',(72.680381740391,-78.01480306889,
    4.285704914202));
#11302 = CARTESIAN_POINT('',(71.509847975881,-77.97915857795,
    2.288254176523));
#11303 = CARTESIAN_POINT('',(70.410358451209,-77.16604097876,1.9500001)
  );
#11304 = CARTESIAN_POINT('',(74.346111438047,-81.23615903273,13.0000001)
  );
#11305 = CARTESIAN_POINT('',(74.271049104178,-81.3468319509,
    11.285871810331));
#11306 = CARTESIAN_POINT('',(74.737157622792,-80.93192635789,
    9.876487483956));
#11307 = CARTESIAN_POINT('',(73.400139608506,-81.31014926536,
    7.581934517013));
#11308 = CARTESIAN_POINT('',(75.086345040317,-80.47132016641,
    7.182408522328));
#11309 = CARTESIAN_POINT('',(73.212537331723,-80.71727242843,
    3.628400475145));
#11310 = CARTESIAN_POINT('',(72.680381740391,-78.92220460334,
    4.285704914202));
#11311 = CARTESIAN_POINT('',(71.509847975881,-78.86873786692,
    2.288254176523));
#11312 = CARTESIAN_POINT('',(70.410358451209,-77.64906146814,1.9500001)
  );
#11313 = CARTESIAN_POINT('',(74.346111438047,-82.91487871031,13.0000001)
  );
#11314 = CARTESIAN_POINT('',(74.271049104178,-83.0624426012,
    11.285871810329));
#11315 = CARTESIAN_POINT('',(74.737157622792,-82.50923514384,
    9.876487483963));
#11316 = CARTESIAN_POINT('',(73.400139608506,-83.01353235383,
    7.581934517002));
#11317 = CARTESIAN_POINT('',(75.086345040317,-81.8950935552,
    7.182408522339));
#11318 = CARTESIAN_POINT('',(73.212537331723,-82.22302990458,
    3.628400475139));
#11319 = CARTESIAN_POINT('',(72.680381740391,-79.82960613778,
    4.285704914205));
#11320 = CARTESIAN_POINT('',(71.509847975881,-79.7583171559,
    2.288254176522));
#11321 = CARTESIAN_POINT('',(70.410358451209,-78.13208195752,1.9500001)
  );
#11322 = DEFINITIONAL_REPRESENTATION('',(#11323),#11327);
#11323 = LINE('',#11324,#11325);
#11324 = CARTESIAN_POINT('',(0.,0.));
#11325 = VECTOR('',#11326,1.);
#11326 = DIRECTION('',(1.,0.));
#11327 = ( GEOMETRIC_REPRESENTATION_CONTEXT(2) 
PARAMETRIC_REPRESENTATION_CONTEXT() REPRESENTATION_CONTEXT('2D SPACE',''
  ) );
#11328 = ORIENTED_EDGE('',*,*,#11329,.F.);
#11329 = EDGE_CURVE('',#11330,#11213,#11332,.T.);
#11330 = VERTEX_POINT('',#11331);
#11331 = CARTESIAN_POINT('',(73.389878710313,-68.52888856195,13.0000001)
  );
#11332 = SURFACE_CURVE('',#11333,(#11343,#11356),.PCURVE_S1.);
#11333 = B_SPLINE_CURVE_WITH_KNOTS('',8,(#11334,#11335,#11336,#11337,
    #11338,#11339,#11340,#11341,#11342),.UNSPECIFIED.,.F.,.F.,(9,9),(3.,
    4.),.PIECEWISE_BEZIER_KNOTS.);
#11334 = CARTESIAN_POINT('',(73.389878710313,-68.52888856195,13.0000001)
  );
#11335 = CARTESIAN_POINT('',(73.577634567348,-68.52888856195,13.0000001)
  );
#11336 = CARTESIAN_POINT('',(73.76538964587,-68.57102176798,13.0000001)
  );
#11337 = CARTESIAN_POINT('',(73.94211844605,-68.65528257301,13.0000001)
  );
#11338 = CARTESIAN_POINT('',(74.096778374341,-68.77822162565,13.0000001)
  );
#11339 = CARTESIAN_POINT('',(74.219717426984,-68.93288155395,13.0000001)
  );
#11340 = CARTESIAN_POINT('',(74.303978232018,-69.10961035413,13.0000001)
  );
#11341 = CARTESIAN_POINT('',(74.346111438047,-69.29736543265,13.0000001)
  );
#11342 = CARTESIAN_POINT('',(74.346111438047,-69.48512128968,13.0000001)
  );
#11343 = PCURVE('',#9805,#11344);
#11344 = DEFINITIONAL_REPRESENTATION('',(#11345),#11355);
#11345 = B_SPLINE_CURVE_WITH_KNOTS('',8,(#11346,#11347,#11348,#11349,
    #11350,#11351,#11352,#11353,#11354),.UNSPECIFIED.,.F.,.F.,(9,9),(3.,
    4.),.PIECEWISE_BEZIER_KNOTS.);
#11346 = CARTESIAN_POINT('',(22.072298386504,-0.608187328841));
#11347 = CARTESIAN_POINT('',(22.209340659084,-0.479845296063));
#11348 = CARTESIAN_POINT('',(22.317581870093,-0.320750931612));
#11349 = CARTESIAN_POINT('',(22.388978382655,-0.138444897505));
#11350 = CARTESIAN_POINT('',(22.417828082534,5.700688401862E-02));
#11351 = CARTESIAN_POINT('',(22.40184177739,0.253928548981));
#11352 = CARTESIAN_POINT('',(22.342539013524,0.44051936943));
#11353 = CARTESIAN_POINT('',(22.244950376739,0.60636156711));
#11354 = CARTESIAN_POINT('',(22.116608343961,0.74340383969));
#11355 = ( GEOMETRIC_REPRESENTATION_CONTEXT(2) 
PARAMETRIC_REPRESENTATION_CONTEXT() REPRESENTATION_CONTEXT('2D SPACE',''
  ) );
#11356 = PCURVE('',#11357,#11439);
#11357 = ( BOUNDED_SURFACE() B_SPLINE_SURFACE(8,8,(
    (#11358,#11359,#11360,#11361,#11362,#11363,#11364,#11365,#11366)
    ,(#11367,#11368,#11369,#11370,#11371,#11372,#11373,#11374,#11375)
    ,(#11376,#11377,#11378,#11379,#11380,#11381,#11382,#11383,#11384)
    ,(#11385,#11386,#11387,#11388,#11389,#11390,#11391,#11392,#11393)
    ,(#11394,#11395,#11396,#11397,#11398,#11399,#11400,#11401,#11402)
    ,(#11403,#11404,#11405,#11406,#11407,#11408,#11409,#11410,#11411)
    ,(#11412,#11413,#11414,#11415,#11416,#11417,#11418,#11419,#11420)
    ,(#11421,#11422,#11423,#11424,#11425,#11426,#11427,#11428,#11429)
    ,(#11430,#11431,#11432,#11433,#11434,#11435,#11436,#11437,#11438
)),.UNSPECIFIED.,.F.,.F.,.F.) B_SPLINE_SURFACE_WITH_KNOTS((9,9),(9,9),(
    3.,4.),(0.,1.),.PIECEWISE_BEZIER_KNOTS.) 
GEOMETRIC_REPRESENTATION_ITEM() RATIONAL_B_SPLINE_SURFACE((
    (1.,1.,0.999999999999,1.000000000002,0.999999999998,1.000000000001
      ,1.,1.,1.)
    ,(1.,1.,0.999999999999,1.000000000002,0.999999999998,1.000000000001
      ,1.,1.,1.)
    ,(1.,1.,0.999999999999,1.000000000002,0.999999999998,1.000000000001
      ,1.,1.,1.)
    ,(1.,1.,0.999999999999,1.000000000002,0.999999999998,1.000000000001
      ,1.,1.,1.)
    ,(1.,1.,0.999999999999,1.000000000002,0.999999999998,1.000000000001
      ,1.,1.,1.)
    ,(1.,1.,0.999999999999,1.000000000002,0.999999999998,1.000000000001
      ,1.,1.,1.)
    ,(1.,1.,0.999999999999,1.000000000002,0.999999999998,1.000000000001
      ,1.,1.,1.)
    ,(1.,1.,0.999999999999,1.000000000002,0.999999999998,1.000000000001
      ,1.,1.,1.)
    ,(1.,1.,0.999999999999,1.000000000002,0.999999999998,1.000000000001
,1.,1.,1.))) REPRESENTATION_ITEM('') SURFACE() );
#11358 = CARTESIAN_POINT('',(73.389878710313,-68.52888856195,13.0000001)
  );
#11359 = CARTESIAN_POINT('',(73.53744260121,-68.60395089583,
    11.28587181033));
#11360 = CARTESIAN_POINT('',(72.984235143826,-68.13784237718,
    9.876487483959));
#11361 = CARTESIAN_POINT('',(73.488532353862,-69.47486039153,
    7.581934517007));
#11362 = CARTESIAN_POINT('',(72.370093555173,-67.78865495964,
    7.182408522333));
#11363 = CARTESIAN_POINT('',(72.698029904604,-69.6624626683,
    3.628400475142));
#11364 = CARTESIAN_POINT('',(70.304606137778,-70.1946182596,
    4.285704914203));
#11365 = CARTESIAN_POINT('',(70.233317155903,-71.36515202412,
    2.288254176523));
#11366 = CARTESIAN_POINT('',(68.607081957522,-72.46464154879,1.9500001)
  );
#11367 = CARTESIAN_POINT('',(73.577634567348,-68.52888856195,13.0000001)
  );
#11368 = CARTESIAN_POINT('',(73.681485901212,-68.60395089582,
    11.28587181034));
#11369 = CARTESIAN_POINT('',(73.328420667775,-68.13784237718,
    9.876487483931));
#11370 = CARTESIAN_POINT('',(73.471176478806,-69.47486039152,
    7.581934517052));
#11371 = CARTESIAN_POINT('',(72.903428287198,-67.78865495965,
    7.182408522291));
#11372 = CARTESIAN_POINT('',(72.799053201632,-69.66246266829,
    3.628400475168));
#11373 = CARTESIAN_POINT('',(70.77108858653,-70.1946182596,
    4.285704914194));
#11374 = CARTESIAN_POINT('',(70.483963396283,-71.36515202412,
    2.288254176524));
#11375 = CARTESIAN_POINT('',(68.961154469082,-72.46464154879,1.9500001)
  );
#11376 = CARTESIAN_POINT('',(73.76538964587,-68.57102176798,13.0000001)
  );
#11377 = CARTESIAN_POINT('',(73.825524400099,-68.63627902362,
    11.28587181035));
#11378 = CARTESIAN_POINT('',(73.67261371213,-68.21507011244,
    9.876487483902));
#11379 = CARTESIAN_POINT('',(73.453814206128,-69.47097212972,
    7.581934517095));
#11380 = CARTESIAN_POINT('',(73.436766899285,-67.90833143079,
    7.18240852225));
#11381 = CARTESIAN_POINT('',(72.90007507064,-69.68513373135,
    3.62840047519));
#11382 = CARTESIAN_POINT('',(71.237571541157,-70.29929644798,
    4.285704914186));
#11383 = CARTESIAN_POINT('',(70.734609672402,-71.42139702234,
    2.288254176525));
#11384 = CARTESIAN_POINT('',(69.315227092094,-72.54409533381,1.9500001)
  );
#11385 = CARTESIAN_POINT('',(73.94211844605,-68.65528257301,13.0000001)
  );
#11386 = CARTESIAN_POINT('',(73.961125574211,-68.70090491352,
    11.285871810348));
#11387 = CARTESIAN_POINT('',(73.99654735532,-68.36957077973,
    9.876487483907));
#11388 = CARTESIAN_POINT('',(73.437504828913,-69.46315601212,
    7.581934517088));
#11389 = CARTESIAN_POINT('',(73.938752856262,-68.14770621393,
    7.182408522256));
#11390 = CARTESIAN_POINT('',(72.995169424574,-69.73046658347,
    3.628400475192));
#11391 = CARTESIAN_POINT('',(71.676646841094,-70.50865402282,
    4.285704914185));
#11392 = CARTESIAN_POINT('',(70.970530736592,-71.53388619876,
    2.288254176527));
#11393 = CARTESIAN_POINT('',(69.648497997791,-72.70300212349,
    1.950000100001));
#11394 = CARTESIAN_POINT('',(74.096778374341,-68.77822162565,13.0000001)
  );
#11395 = CARTESIAN_POINT('',(74.079745919577,-68.79525408042,
    11.285871810344));
#11396 = CARTESIAN_POINT('',(74.280131641056,-68.59486835893,
    9.876487483918));
#11397 = CARTESIAN_POINT('',(73.423158605425,-69.45184139458,
    7.581934517071));
#11398 = CARTESIAN_POINT('',(74.378122879619,-68.49687712037,
    7.182408522274));
#11399 = CARTESIAN_POINT('',(73.078377484686,-69.79662251531,
    3.628400475175));
#11400 = CARTESIAN_POINT('',(72.060920662392,-70.8140793376,
    4.285704914192));
#11401 = CARTESIAN_POINT('',(71.177003548232,-71.69799645176,
    2.288254176523));
#11402 = CARTESIAN_POINT('',(69.940169894572,-72.93483010542,1.9500001)
  );
#11403 = CARTESIAN_POINT('',(74.219717426984,-68.93288155395,13.0000001)
  );
#11404 = CARTESIAN_POINT('',(74.174095086456,-68.91387442579,
    11.285871810349));
#11405 = CARTESIAN_POINT('',(74.50542922031,-68.87845264465,
    9.876487483903));
#11406 = CARTESIAN_POINT('',(73.411843987808,-69.43749517113,
    7.581934517094));
#11407 = CARTESIAN_POINT('',(74.727293786119,-68.93624714369,
    7.18240852225));
#11408 = CARTESIAN_POINT('',(73.144533416498,-69.87983057545,
    3.628400475195));
#11409 = CARTESIAN_POINT('',(72.36634597719,-71.19835315889,
    4.285704914184));
#11410 = CARTESIAN_POINT('',(71.341113801236,-71.9044692634,
    2.288254176527));
#11411 = CARTESIAN_POINT('',(70.171997876505,-73.2265020022,
    1.950000100001));
#11412 = CARTESIAN_POINT('',(74.303978232018,-69.10961035413,13.0000001)
  );
#11413 = CARTESIAN_POINT('',(74.238720976389,-69.04947559989,
    11.285871810354));
#11414 = CARTESIAN_POINT('',(74.659929887529,-69.20238628789,
    9.876487483891));
#11415 = CARTESIAN_POINT('',(73.404027870317,-69.42118579384,
    7.581934517112));
#11416 = CARTESIAN_POINT('',(74.966668569171,-69.43823310074,
    7.182408522234));
#11417 = CARTESIAN_POINT('',(73.189866268664,-69.97492492934,
    3.6284004752));
#11418 = CARTESIAN_POINT('',(72.575703552011,-71.63742845884,
    4.285704914184));
#11419 = CARTESIAN_POINT('',(71.453602977658,-72.14039032759,
    2.288254176525));
#11420 = CARTESIAN_POINT('',(70.330904666182,-73.5597729079,1.9500001));
#11421 = CARTESIAN_POINT('',(74.346111438047,-69.29736543265,13.0000001)
  );
#11422 = CARTESIAN_POINT('',(74.271049104165,-69.19351409879,
    11.285871810336));
#11423 = CARTESIAN_POINT('',(74.73715762283,-69.54657933221,
    9.876487483941));
#11424 = CARTESIAN_POINT('',(73.400139608448,-69.4038235212,
    7.581934517036));
#11425 = CARTESIAN_POINT('',(75.086345040371,-69.97157171278,
    7.182408522306));
#11426 = CARTESIAN_POINT('',(73.212537331691,-70.07594679837,
    3.62840047516));
#11427 = CARTESIAN_POINT('',(72.680381740402,-72.10391141346,
    4.285704914197));
#11428 = CARTESIAN_POINT('',(71.509847975879,-72.39103660371,
    2.288254176524));
#11429 = CARTESIAN_POINT('',(70.410358451209,-73.91384553091,1.9500001)
  );
#11430 = CARTESIAN_POINT('',(74.346111438047,-69.48512128968,13.0000001)
  );
#11431 = CARTESIAN_POINT('',(74.271049104178,-69.33755739878,
    11.285871810331));
#11432 = CARTESIAN_POINT('',(74.737157622792,-69.89076485617,
    9.876487483956));
#11433 = CARTESIAN_POINT('',(73.400139608506,-69.38646764612,
    7.581934517013));
#11434 = CARTESIAN_POINT('',(75.086345040317,-70.50490644483,
    7.182408522328));
#11435 = CARTESIAN_POINT('',(73.212537331723,-70.17697009539,
    3.628400475145));
#11436 = CARTESIAN_POINT('',(72.680381740391,-72.57039386222,
    4.285704914202));
#11437 = CARTESIAN_POINT('',(71.509847975881,-72.64168284409,
    2.288254176523));
#11438 = CARTESIAN_POINT('',(70.410358451209,-74.26791804247,1.9500001)
  );
#11439 = DEFINITIONAL_REPRESENTATION('',(#11440),#11444);
#11440 = LINE('',#11441,#11442);
#11441 = CARTESIAN_POINT('',(0.,0.));
#11442 = VECTOR('',#11443,1.);
#11443 = DIRECTION('',(1.,0.));
#11444 = ( GEOMETRIC_REPRESENTATION_CONTEXT(2) 
PARAMETRIC_REPRESENTATION_CONTEXT() REPRESENTATION_CONTEXT('2D SPACE',''
  ) );
#11445 = ORIENTED_EDGE('',*,*,#11446,.F.);
#11446 = EDGE_CURVE('',#11447,#11330,#11449,.T.);
#11447 = VERTEX_POINT('',#11448);
#11448 = CARTESIAN_POINT('',(59.960121289688,-68.52888856195,13.0000001)
  );
#11449 = SURFACE_CURVE('',#11450,(#11460,#11473),.PCURVE_S1.);
#11450 = B_SPLINE_CURVE_WITH_KNOTS('',8,(#11451,#11452,#11453,#11454,
    #11455,#11456,#11457,#11458,#11459),.UNSPECIFIED.,.F.,.F.,(9,9),(2.,
    3.),.PIECEWISE_BEZIER_KNOTS.);
#11451 = CARTESIAN_POINT('',(59.960121289688,-68.52888856195,13.0000001)
  );
#11452 = CARTESIAN_POINT('',(61.638840967266,-68.52888856195,13.0000001)
  );
#11453 = CARTESIAN_POINT('',(63.317560644844,-68.52888856195,13.0000001)
  );
#11454 = CARTESIAN_POINT('',(64.996280322422,-68.52888856195,13.0000001)
  );
#11455 = CARTESIAN_POINT('',(66.675,-68.52888856195,13.0000001));
#11456 = CARTESIAN_POINT('',(68.353719677578,-68.52888856195,13.0000001)
  );
#11457 = CARTESIAN_POINT('',(70.032439355156,-68.52888856195,13.0000001)
  );
#11458 = CARTESIAN_POINT('',(71.711159032734,-68.52888856195,13.0000001)
  );
#11459 = CARTESIAN_POINT('',(73.389878710313,-68.52888856195,13.0000001)
  );
#11460 = PCURVE('',#9805,#11461);
#11461 = DEFINITIONAL_REPRESENTATION('',(#11462),#11472);
#11462 = B_SPLINE_CURVE_WITH_KNOTS('',8,(#11463,#11464,#11465,#11466,
    #11467,#11468,#11469,#11470,#11471),.UNSPECIFIED.,.F.,.F.,(9,9),(2.,
    3.),.PIECEWISE_BEZIER_KNOTS.);
#11463 = CARTESIAN_POINT('',(12.269970479564,-9.788206499936));
#11464 = CARTESIAN_POINT('',(13.495261467932,-8.640704103549));
#11465 = CARTESIAN_POINT('',(14.720552456299,-7.493201707162));
#11466 = CARTESIAN_POINT('',(15.945843444667,-6.345699310775));
#11467 = CARTESIAN_POINT('',(17.171134433034,-5.198196914388));
#11468 = CARTESIAN_POINT('',(18.396425421402,-4.050694518002));
#11469 = CARTESIAN_POINT('',(19.621716409769,-2.903192121615));
#11470 = CARTESIAN_POINT('',(20.847007398137,-1.755689725228));
#11471 = CARTESIAN_POINT('',(22.072298386504,-0.608187328841));
#11472 = ( GEOMETRIC_REPRESENTATION_CONTEXT(2) 
PARAMETRIC_REPRESENTATION_CONTEXT() REPRESENTATION_CONTEXT('2D SPACE',''
  ) );
#11473 = PCURVE('',#11474,#11556);
#11474 = ( BOUNDED_SURFACE() B_SPLINE_SURFACE(8,8,(
    (#11475,#11476,#11477,#11478,#11479,#11480,#11481,#11482,#11483)
    ,(#11484,#11485,#11486,#11487,#11488,#11489,#11490,#11491,#11492)
    ,(#11493,#11494,#11495,#11496,#11497,#11498,#11499,#11500,#11501)
    ,(#11502,#11503,#11504,#11505,#11506,#11507,#11508,#11509,#11510)
    ,(#11511,#11512,#11513,#11514,#11515,#11516,#11517,#11518,#11519)
    ,(#11520,#11521,#11522,#11523,#11524,#11525,#11526,#11527,#11528)
    ,(#11529,#11530,#11531,#11532,#11533,#11534,#11535,#11536,#11537)
    ,(#11538,#11539,#11540,#11541,#11542,#11543,#11544,#11545,#11546)
    ,(#11547,#11548,#11549,#11550,#11551,#11552,#11553,#11554,#11555
)),.UNSPECIFIED.,.F.,.F.,.F.) B_SPLINE_SURFACE_WITH_KNOTS((9,9),(9,9),(
    2.,3.),(0.,1.),.PIECEWISE_BEZIER_KNOTS.) 
GEOMETRIC_REPRESENTATION_ITEM() RATIONAL_B_SPLINE_SURFACE((
    (1.,1.,0.999999999999,1.000000000002,0.999999999998,1.000000000001
      ,1.,1.,1.)
    ,(1.,1.,0.999999999999,1.000000000002,0.999999999998,1.000000000001
      ,1.,1.,1.)
    ,(1.,1.,0.999999999999,1.000000000002,0.999999999998,1.000000000001
      ,1.,1.,1.)
    ,(1.,1.,0.999999999999,1.000000000002,0.999999999998,1.000000000001
      ,1.,1.,1.)
    ,(1.,1.,0.999999999999,1.000000000002,0.999999999998,1.000000000001
      ,1.,1.,1.)
    ,(1.,1.,0.999999999999,1.000000000002,0.999999999998,1.000000000001
      ,1.,1.,1.)
    ,(1.,1.,0.999999999999,1.000000000002,0.999999999998,1.000000000001
      ,1.,1.,1.)
    ,(1.,1.,0.999999999999,1.000000000002,0.999999999998,1.000000000001
      ,1.,1.,1.)
    ,(1.,1.,0.999999999999,1.000000000002,0.999999999998,1.000000000001
,1.,1.,1.))) REPRESENTATION_ITEM('') SURFACE() );
#11475 = CARTESIAN_POINT('',(59.960121289688,-68.52888856195,13.0000001)
  );
#11476 = CARTESIAN_POINT('',(59.812557398788,-68.60395089582,
    11.285871810331));
#11477 = CARTESIAN_POINT('',(60.365764856179,-68.1378423772,
    9.876487483956));
#11478 = CARTESIAN_POINT('',(59.861467646129,-69.47486039149,
    7.581934517013));
#11479 = CARTESIAN_POINT('',(60.979906444836,-67.78865495968,
    7.182408522328));
#11480 = CARTESIAN_POINT('',(60.65197009539,-69.66246266827,
    3.628400475145));
#11481 = CARTESIAN_POINT('',(63.045393862224,-70.1946182596,
    4.285704914202));
#11482 = CARTESIAN_POINT('',(63.116682844097,-71.36515202411,
    2.288254176523));
#11483 = CARTESIAN_POINT('',(64.742918042478,-72.46464154879,1.9500001)
  );
#11484 = CARTESIAN_POINT('',(61.638840967266,-68.52888856195,13.0000001)
  );
#11485 = CARTESIAN_POINT('',(61.528168049096,-68.60395089582,
    11.285871810331));
#11486 = CARTESIAN_POINT('',(61.943073642121,-68.1378423772,
    9.876487483956));
#11487 = CARTESIAN_POINT('',(61.564850734618,-69.47486039149,
    7.581934517013));
#11488 = CARTESIAN_POINT('',(62.403679833607,-67.78865495968,
    7.182408522328));
#11489 = CARTESIAN_POINT('',(62.157727571555,-69.66246266827,
    3.628400475145));
#11490 = CARTESIAN_POINT('',(63.952795396664,-70.1946182596,
    4.285704914202));
#11491 = CARTESIAN_POINT('',(64.006262133073,-71.36515202411,
    2.288254176523));
#11492 = CARTESIAN_POINT('',(65.225938531859,-72.46464154879,1.9500001)
  );
#11493 = CARTESIAN_POINT('',(63.317560644844,-68.52888856195,13.0000001)
  );
#11494 = CARTESIAN_POINT('',(63.243778699396,-68.60395089582,
    11.285871810331));
#11495 = CARTESIAN_POINT('',(63.520382428085,-68.1378423772,
    9.876487483956));
#11496 = CARTESIAN_POINT('',(63.268233823072,-69.47486039149,
    7.581934517013));
#11497 = CARTESIAN_POINT('',(63.827453222411,-67.78865495968,
    7.182408522328));
#11498 = CARTESIAN_POINT('',(63.6634850477,-69.66246266827,
    3.628400475145));
#11499 = CARTESIAN_POINT('',(64.860196931111,-70.1946182596,
    4.285704914202));
#11500 = CARTESIAN_POINT('',(64.895841422049,-71.36515202411,
    2.288254176523));
#11501 = CARTESIAN_POINT('',(65.708959021239,-72.46464154879,1.9500001)
  );
#11502 = CARTESIAN_POINT('',(64.996280322422,-68.52888856195,13.0000001)
  );
#11503 = CARTESIAN_POINT('',(64.959389349701,-68.60395089582,
    11.285871810331));
#11504 = CARTESIAN_POINT('',(65.097691214034,-68.1378423772,
    9.876487483956));
#11505 = CARTESIAN_POINT('',(64.971616911549,-69.47486039149,
    7.581934517013));
#11506 = CARTESIAN_POINT('',(65.251226611194,-67.78865495968,
    7.182408522328));
#11507 = CARTESIAN_POINT('',(65.169242523857,-69.66246266827,
    3.628400475145));
#11508 = CARTESIAN_POINT('',(65.767598465553,-70.1946182596,
    4.285704914202));
#11509 = CARTESIAN_POINT('',(65.785420711025,-71.36515202411,
    2.288254176523));
#11510 = CARTESIAN_POINT('',(66.19197951062,-72.46464154879,1.9500001));
#11511 = CARTESIAN_POINT('',(66.675,-68.52888856195,13.0000001));
#11512 = CARTESIAN_POINT('',(66.675,-68.60395089582,11.285871810331));
#11513 = CARTESIAN_POINT('',(66.675,-68.1378423772,9.876487483956));
#11514 = CARTESIAN_POINT('',(66.675,-69.47486039149,7.581934517013));
#11515 = CARTESIAN_POINT('',(66.675,-67.78865495968,7.182408522328));
#11516 = CARTESIAN_POINT('',(66.675,-69.66246266827,3.628400475145));
#11517 = CARTESIAN_POINT('',(66.675,-70.1946182596,4.285704914202));
#11518 = CARTESIAN_POINT('',(66.675,-71.36515202411,2.288254176523));
#11519 = CARTESIAN_POINT('',(66.675,-72.46464154879,1.9500001));
#11520 = CARTESIAN_POINT('',(68.353719677578,-68.52888856195,13.0000001)
  );
#11521 = CARTESIAN_POINT('',(68.3906106503,-68.60395089582,
    11.285871810331));
#11522 = CARTESIAN_POINT('',(68.252308785963,-68.1378423772,
    9.876487483956));
#11523 = CARTESIAN_POINT('',(68.378383088456,-69.47486039149,
    7.581934517013));
#11524 = CARTESIAN_POINT('',(68.098773388803,-67.78865495968,
    7.182408522328));
#11525 = CARTESIAN_POINT('',(68.180757476145,-69.66246266827,
    3.628400475145));
#11526 = CARTESIAN_POINT('',(67.582401534446,-70.1946182596,
    4.285704914202));
#11527 = CARTESIAN_POINT('',(67.564579288975,-71.36515202411,
    2.288254176523));
#11528 = CARTESIAN_POINT('',(67.15802048938,-72.46464154879,1.9500001));
#11529 = CARTESIAN_POINT('',(70.032439355156,-68.52888856195,13.0000001)
  );
#11530 = CARTESIAN_POINT('',(70.106221300604,-68.60395089582,
    11.285871810331));
#11531 = CARTESIAN_POINT('',(69.829617571915,-68.1378423772,
    9.876487483956));
#11532 = CARTESIAN_POINT('',(70.081766176928,-69.47486039149,
    7.581934517013));
#11533 = CARTESIAN_POINT('',(69.522546777589,-67.78865495968,
    7.182408522328));
#11534 = CARTESIAN_POINT('',(69.6865149523,-69.66246266827,
    3.628400475145));
#11535 = CARTESIAN_POINT('',(68.489803068889,-70.1946182596,
    4.285704914202));
#11536 = CARTESIAN_POINT('',(68.454158577951,-71.36515202411,
    2.288254176523));
#11537 = CARTESIAN_POINT('',(67.641040978761,-72.46464154879,1.9500001)
  );
#11538 = CARTESIAN_POINT('',(71.711159032734,-68.52888856195,13.0000001)
  );
#11539 = CARTESIAN_POINT('',(71.8218319509,-68.60395089582,
    11.285871810331));
#11540 = CARTESIAN_POINT('',(71.406926357892,-68.1378423772,
    9.876487483956));
#11541 = CARTESIAN_POINT('',(71.785149265363,-69.47486039149,
    7.581934517013));
#11542 = CARTESIAN_POINT('',(70.946320166412,-67.78865495968,
    7.182408522328));
#11543 = CARTESIAN_POINT('',(71.192272428434,-69.66246266827,
    3.628400475145));
#11544 = CARTESIAN_POINT('',(69.39720460334,-70.1946182596,
    4.285704914202));
#11545 = CARTESIAN_POINT('',(69.343737866926,-71.36515202411,
    2.288254176523));
#11546 = CARTESIAN_POINT('',(68.124061468141,-72.46464154879,1.9500001)
  );
#11547 = CARTESIAN_POINT('',(73.389878710313,-68.52888856195,13.0000001)
  );
#11548 = CARTESIAN_POINT('',(73.53744260121,-68.60395089583,
    11.28587181033));
#11549 = CARTESIAN_POINT('',(72.984235143826,-68.13784237718,
    9.876487483959));
#11550 = CARTESIAN_POINT('',(73.488532353862,-69.47486039153,
    7.581934517007));
#11551 = CARTESIAN_POINT('',(72.370093555173,-67.78865495964,
    7.182408522333));
#11552 = CARTESIAN_POINT('',(72.698029904604,-69.6624626683,
    3.628400475142));
#11553 = CARTESIAN_POINT('',(70.304606137778,-70.1946182596,
    4.285704914203));
#11554 = CARTESIAN_POINT('',(70.233317155903,-71.36515202412,
    2.288254176523));
#11555 = CARTESIAN_POINT('',(68.607081957522,-72.46464154879,1.9500001)
  );
#11556 = DEFINITIONAL_REPRESENTATION('',(#11557),#11561);
#11557 = LINE('',#11558,#11559);
#11558 = CARTESIAN_POINT('',(0.,0.));
#11559 = VECTOR('',#11560,1.);
#11560 = DIRECTION('',(1.,0.));
#11561 = ( GEOMETRIC_REPRESENTATION_CONTEXT(2) 
PARAMETRIC_REPRESENTATION_CONTEXT() REPRESENTATION_CONTEXT('2D SPACE',''
  ) );
#11562 = ORIENTED_EDGE('',*,*,#11563,.F.);
#11563 = EDGE_CURVE('',#10745,#11447,#11564,.T.);
#11564 = SURFACE_CURVE('',#11565,(#11575,#11588),.PCURVE_S1.);
#11565 = B_SPLINE_CURVE_WITH_KNOTS('',8,(#11566,#11567,#11568,#11569,
    #11570,#11571,#11572,#11573,#11574),.UNSPECIFIED.,.F.,.F.,(9,9),(1.,
    2.),.PIECEWISE_BEZIER_KNOTS.);
#11566 = CARTESIAN_POINT('',(59.003888561953,-69.48512128968,13.0000001)
  );
#11567 = CARTESIAN_POINT('',(59.003888561953,-69.29736543265,13.0000001)
  );
#11568 = CARTESIAN_POINT('',(59.046021767982,-69.10961035413,13.0000001)
  );
#11569 = CARTESIAN_POINT('',(59.130282573016,-68.93288155395,13.0000001)
  );
#11570 = CARTESIAN_POINT('',(59.253221625659,-68.77822162565,13.0000001)
  );
#11571 = CARTESIAN_POINT('',(59.40788155395,-68.65528257301,13.0000001)
  );
#11572 = CARTESIAN_POINT('',(59.58461035413,-68.57102176798,13.0000001)
  );
#11573 = CARTESIAN_POINT('',(59.772365432652,-68.52888856195,13.0000001)
  );
#11574 = CARTESIAN_POINT('',(59.960121289688,-68.52888856195,13.0000001)
  );
#11575 = PCURVE('',#9805,#11576);
#11576 = DEFINITIONAL_REPRESENTATION('',(#11577),#11587);
#11577 = B_SPLINE_CURVE_WITH_KNOTS('',8,(#11578,#11579,#11580,#11581,
    #11582,#11583,#11584,#11585,#11586),.UNSPECIFIED.,.F.,.F.,(9,9),(1.,
    2.),.PIECEWISE_BEZIER_KNOTS.);
#11578 = CARTESIAN_POINT('',(10.918379311034,-9.743896542478));
#11579 = CARTESIAN_POINT('',(11.046721343811,-9.880938815058));
#11580 = CARTESIAN_POINT('',(11.205815708262,-9.989180026068));
#11581 = CARTESIAN_POINT('',(11.38812174237,-10.06057653862));
#11582 = CARTESIAN_POINT('',(11.583573523893,-10.0894262385));
#11583 = CARTESIAN_POINT('',(11.780495188856,-10.07343993336));
#11584 = CARTESIAN_POINT('',(11.967086009305,-10.01413716949));
#11585 = CARTESIAN_POINT('',(12.132928206985,-9.916548532713));
#11586 = CARTESIAN_POINT('',(12.269970479564,-9.788206499936));
#11587 = ( GEOMETRIC_REPRESENTATION_CONTEXT(2) 
PARAMETRIC_REPRESENTATION_CONTEXT() REPRESENTATION_CONTEXT('2D SPACE',''
  ) );
#11588 = PCURVE('',#11589,#11671);
#11589 = ( BOUNDED_SURFACE() B_SPLINE_SURFACE(8,8,(
    (#11590,#11591,#11592,#11593,#11594,#11595,#11596,#11597,#11598)
    ,(#11599,#11600,#11601,#11602,#11603,#11604,#11605,#11606,#11607)
    ,(#11608,#11609,#11610,#11611,#11612,#11613,#11614,#11615,#11616)
    ,(#11617,#11618,#11619,#11620,#11621,#11622,#11623,#11624,#11625)
    ,(#11626,#11627,#11628,#11629,#11630,#11631,#11632,#11633,#11634)
    ,(#11635,#11636,#11637,#11638,#11639,#11640,#11641,#11642,#11643)
    ,(#11644,#11645,#11646,#11647,#11648,#11649,#11650,#11651,#11652)
    ,(#11653,#11654,#11655,#11656,#11657,#11658,#11659,#11660,#11661)
    ,(#11662,#11663,#11664,#11665,#11666,#11667,#11668,#11669,#11670
)),.UNSPECIFIED.,.F.,.F.,.F.) B_SPLINE_SURFACE_WITH_KNOTS((9,9),(9,9),(
    1.,2.),(0.,1.),.PIECEWISE_BEZIER_KNOTS.) 
GEOMETRIC_REPRESENTATION_ITEM() RATIONAL_B_SPLINE_SURFACE((
    (1.,1.,0.999999999999,1.000000000002,0.999999999998,1.000000000001
      ,1.,1.,1.)
    ,(1.,1.,0.999999999999,1.000000000002,0.999999999998,1.000000000001
      ,1.,1.,1.)
    ,(1.,1.,0.999999999999,1.000000000002,0.999999999998,1.000000000001
      ,1.,1.,1.)
    ,(1.,1.,0.999999999999,1.000000000002,0.999999999998,1.000000000001
      ,1.,1.,1.)
    ,(1.,1.,0.999999999999,1.000000000002,0.999999999998,1.000000000001
      ,1.,1.,1.)
    ,(1.,1.,0.999999999999,1.000000000002,0.999999999998,1.000000000001
      ,1.,1.,1.)
    ,(1.,1.,0.999999999999,1.000000000002,0.999999999998,1.000000000001
      ,1.,1.,1.)
    ,(1.,1.,0.999999999999,1.000000000002,0.999999999998,1.000000000001
      ,1.,1.,1.)
    ,(1.,1.,0.999999999999,1.000000000002,0.999999999998,1.000000000001
,1.,1.,1.))) REPRESENTATION_ITEM('') SURFACE() );
#11590 = CARTESIAN_POINT('',(59.003888561953,-69.48512128968,13.0000001)
  );
#11591 = CARTESIAN_POINT('',(59.078950895822,-69.3375573988,
    11.285871810329));
#11592 = CARTESIAN_POINT('',(58.612842377208,-69.89076485613,
    9.876487483963));
#11593 = CARTESIAN_POINT('',(59.949860391494,-69.3864676462,
    7.581934517002));
#11594 = CARTESIAN_POINT('',(58.263654959683,-70.50490644476,
    7.182408522339));
#11595 = CARTESIAN_POINT('',(60.137462668277,-70.17697009543,
    3.628400475139));
#11596 = CARTESIAN_POINT('',(60.669618259609,-72.57039386221,
    4.285704914205));
#11597 = CARTESIAN_POINT('',(61.840152024119,-72.64168284409,
    2.288254176522));
#11598 = CARTESIAN_POINT('',(62.939641548791,-74.26791804247,1.9500001)
  );
#11599 = CARTESIAN_POINT('',(59.003888561953,-69.29736543265,13.0000001)
  );
#11600 = CARTESIAN_POINT('',(59.078950895837,-69.19351409878,
    11.285871810335));
#11601 = CARTESIAN_POINT('',(58.612842377163,-69.54657933223,
    9.876487483946));
#11602 = CARTESIAN_POINT('',(59.949860391562,-69.40382352117,
    7.581934517028));
#11603 = CARTESIAN_POINT('',(58.263654959619,-69.97157171282,
    7.182408522314));
#11604 = CARTESIAN_POINT('',(60.137462668315,-70.07594679835,
    3.628400475154));
#11605 = CARTESIAN_POINT('',(60.669618259596,-72.10391141347,
    4.285704914199));
#11606 = CARTESIAN_POINT('',(61.840152024121,-72.39103660371,
    2.288254176524));
#11607 = CARTESIAN_POINT('',(62.939641548791,-73.91384553091,1.9500001)
  );
#11608 = CARTESIAN_POINT('',(59.046021767982,-69.10961035413,13.0000001)
  );
#11609 = CARTESIAN_POINT('',(59.111279023618,-69.04947559989,
    11.285871810341));
#11610 = CARTESIAN_POINT('',(58.690070112453,-69.20238628788,
    9.876487483928));
#11611 = CARTESIAN_POINT('',(59.94597212971,-69.42118579384,
    7.581934517053));
#11612 = CARTESIAN_POINT('',(58.383331430804,-69.43823310074,
    7.18240852229));
#11613 = CARTESIAN_POINT('',(60.16013373135,-69.97492492934,
    3.628400475167));
#11614 = CARTESIAN_POINT('',(60.774296447984,-71.63742845885,
    4.285704914195));
#11615 = CARTESIAN_POINT('',(61.896397022343,-72.14039032759,
    2.288254176523));
#11616 = CARTESIAN_POINT('',(63.019095333818,-73.5597729079,1.9500001));
#11617 = CARTESIAN_POINT('',(59.130282573016,-68.93288155395,13.0000001)
  );
#11618 = CARTESIAN_POINT('',(59.175904913539,-68.9138744258,
    11.285871810345));
#11619 = CARTESIAN_POINT('',(58.844570779705,-68.87845264463,
    9.876487483915));
#11620 = CARTESIAN_POINT('',(59.938156012171,-69.43749517115,
    7.581934517077));
#11621 = CARTESIAN_POINT('',(58.622706213898,-68.93624714366,
    7.182408522266));
#11622 = CARTESIAN_POINT('',(60.205466583494,-69.87983057547,
    3.628400475185));
#11623 = CARTESIAN_POINT('',(60.983654022813,-71.19835315888,
    4.285704914187));
#11624 = CARTESIAN_POINT('',(62.008886198764,-71.90446926341,
    2.288254176527));
#11625 = CARTESIAN_POINT('',(63.178002123495,-73.2265020022,
    1.950000100001));
#11626 = CARTESIAN_POINT('',(59.253221625659,-68.77822162565,13.0000001)
  );
#11627 = CARTESIAN_POINT('',(59.270254080421,-68.79525408042,
    11.285871810336));
#11628 = CARTESIAN_POINT('',(59.069868358949,-68.59486835893,
    9.876487483943));
#11629 = CARTESIAN_POINT('',(59.926841394567,-69.45184139458,
    7.581934517031));
#11630 = CARTESIAN_POINT('',(58.971877120391,-68.49687712038,
    7.182408522312));
#11631 = CARTESIAN_POINT('',(60.271622515307,-69.7966225153,
    3.628400475152));
#11632 = CARTESIAN_POINT('',(61.289079337611,-70.81407933761,
    4.285704914202));
#11633 = CARTESIAN_POINT('',(62.172996451769,-71.69799645176,
    2.288254176521));
#11634 = CARTESIAN_POINT('',(63.409830105428,-72.93483010542,1.9500001)
  );
#11635 = CARTESIAN_POINT('',(59.40788155395,-68.65528257301,13.0000001)
  );
#11636 = CARTESIAN_POINT('',(59.388874425795,-68.70090491352,
    11.285871810346));
#11637 = CARTESIAN_POINT('',(59.353452644665,-68.36957077973,
    9.876487483911));
#11638 = CARTESIAN_POINT('',(59.912495171108,-69.46315601214,
    7.581934517084));
#11639 = CARTESIAN_POINT('',(59.411247143717,-68.14770621391,
    7.182408522259));
#11640 = CARTESIAN_POINT('',(60.354830575438,-69.73046658348,
    3.628400475191));
#11641 = CARTESIAN_POINT('',(61.673353158902,-70.50865402281,
    4.285704914184));
#11642 = CARTESIAN_POINT('',(62.379469263407,-71.53388619876,
    2.288254176527));
#11643 = CARTESIAN_POINT('',(63.701502002209,-72.70300212349,1.9500001)
  );
#11644 = CARTESIAN_POINT('',(59.58461035413,-68.57102176798,13.0000001)
  );
#11645 = CARTESIAN_POINT('',(59.524475599907,-68.63627902362,
    11.285871810336));
#11646 = CARTESIAN_POINT('',(59.67738628785,-68.21507011243,
    9.876487483943));
#11647 = CARTESIAN_POINT('',(59.896185793904,-69.47097212972,
    7.581934517032));
#11648 = CARTESIAN_POINT('',(59.913233100684,-67.90833143079,
    7.182408522311));
#11649 = CARTESIAN_POINT('',(60.449924929379,-69.68513373135,
    3.628400475153));
#11650 = CARTESIAN_POINT('',(62.112428458836,-70.29929644798,
    4.285704914201));
#11651 = CARTESIAN_POINT('',(62.615390327599,-71.42139702234,
    2.288254176522));
#11652 = CARTESIAN_POINT('',(64.034772907906,-72.54409533381,1.9500001)
  );
#11653 = CARTESIAN_POINT('',(59.772365432652,-68.52888856195,13.0000001)
  );
#11654 = CARTESIAN_POINT('',(59.668514098776,-68.60395089583,
    11.285871810335));
#11655 = CARTESIAN_POINT('',(60.021579332263,-68.13784237718,
    9.876487483945));
#11656 = CARTESIAN_POINT('',(59.878823521134,-69.47486039153,
    7.581934517029));
#11657 = CARTESIAN_POINT('',(60.446571712859,-67.78865495964,
    7.182408522313));
#11658 = CARTESIAN_POINT('',(60.550946798334,-69.6624626683,
    3.628400475155));
#11659 = CARTESIAN_POINT('',(62.578911413483,-70.1946182596,
    4.285704914199));
#11660 = CARTESIAN_POINT('',(62.866036603715,-71.36515202412,
    2.288254176524));
#11661 = CARTESIAN_POINT('',(64.388845530918,-72.46464154879,1.9500001)
  );
#11662 = CARTESIAN_POINT('',(59.960121289688,-68.52888856195,13.0000001)
  );
#11663 = CARTESIAN_POINT('',(59.812557398788,-68.60395089582,
    11.285871810331));
#11664 = CARTESIAN_POINT('',(60.365764856179,-68.1378423772,
    9.876487483956));
#11665 = CARTESIAN_POINT('',(59.861467646129,-69.47486039149,
    7.581934517013));
#11666 = CARTESIAN_POINT('',(60.979906444836,-67.78865495968,
    7.182408522328));
#11667 = CARTESIAN_POINT('',(60.65197009539,-69.66246266827,
    3.628400475145));
#11668 = CARTESIAN_POINT('',(63.045393862224,-70.1946182596,
    4.285704914202));
#11669 = CARTESIAN_POINT('',(63.116682844097,-71.36515202411,
    2.288254176523));
#11670 = CARTESIAN_POINT('',(64.742918042478,-72.46464154879,1.9500001)
  );
#11671 = DEFINITIONAL_REPRESENTATION('',(#11672),#11676);
#11672 = LINE('',#11673,#11674);
#11673 = CARTESIAN_POINT('',(0.,0.));
#11674 = VECTOR('',#11675,1.);
#11675 = DIRECTION('',(1.,0.));
#11676 = ( GEOMETRIC_REPRESENTATION_CONTEXT(2) 
PARAMETRIC_REPRESENTATION_CONTEXT() REPRESENTATION_CONTEXT('2D SPACE',''
  ) );
#11677 = ADVANCED_FACE('',(#11678),#9845,.T.);
#11678 = FACE_BOUND('',#11679,.T.);
#11679 = EDGE_LOOP('',(#11680,#11681,#11710,#11743));
#11680 = ORIENTED_EDGE('',*,*,#10087,.T.);
#11681 = ORIENTED_EDGE('',*,*,#11682,.T.);
#11682 = EDGE_CURVE('',#10088,#11683,#11685,.T.);
#11683 = VERTEX_POINT('',#11684);
#11684 = CARTESIAN_POINT('',(63.784632609201,-70.61195637778,
    1.000001130791E-07));
#11685 = SURFACE_CURVE('',#11686,(#11696,#11703),.PCURVE_S1.);
#11686 = ( BOUNDED_CURVE() B_SPLINE_CURVE(8,(#11687,#11688,#11689,#11690
    ,#11691,#11692,#11693,#11694,#11695),.UNSPECIFIED.,.F.,.F.) 
B_SPLINE_CURVE_WITH_KNOTS((9,9),(0.,1.),.PIECEWISE_BEZIER_KNOTS.) CURVE(
) GEOMETRIC_REPRESENTATION_ITEM() RATIONAL_B_SPLINE_CURVE((1.,
    0.999999999996,1.000000000012,0.999999999983,1.000000000017,
0.99999999999,1.000000000004,0.999999999999,1.)) REPRESENTATION_ITEM(''
  ) );
#11687 = CARTESIAN_POINT('',(58.8145,-67.220125,13.0000001));
#11688 = CARTESIAN_POINT('',(58.687937209095,-67.09066429046,
    10.96233443834));
#11689 = CARTESIAN_POINT('',(59.088852540158,-67.37571739413,
    9.714026220991));
#11690 = CARTESIAN_POINT('',(58.864965054435,-67.13377351001,
    6.582407139258));
#11691 = CARTESIAN_POINT('',(59.821953158917,-67.69897411712,
    6.398057915168));
#11692 = CARTESIAN_POINT('',(59.585320517477,-67.4836717934,
    2.947876222363));
#11693 = CARTESIAN_POINT('',(60.943763556841,-68.13818334941,
    2.233915500646));
#11694 = CARTESIAN_POINT('',(62.070209082458,-69.2150341612,
    5.268224107655E-02));
#11695 = CARTESIAN_POINT('',(63.784632609201,-70.61195637778,
    1.000001130791E-07));
#11696 = PCURVE('',#9845,#11697);
#11697 = DEFINITIONAL_REPRESENTATION('',(#11698),#11702);
#11698 = LINE('',#11699,#11700);
#11699 = CARTESIAN_POINT('',(2.,0.));
#11700 = VECTOR('',#11701,1.);
#11701 = DIRECTION('',(0.,1.));
#11702 = ( GEOMETRIC_REPRESENTATION_CONTEXT(2) 
PARAMETRIC_REPRESENTATION_CONTEXT() REPRESENTATION_CONTEXT('2D SPACE',''
  ) );
#11703 = PCURVE('',#10150,#11704);
#11704 = DEFINITIONAL_REPRESENTATION('',(#11705),#11709);
#11705 = LINE('',#11706,#11707);
#11706 = CARTESIAN_POINT('',(2.,0.));
#11707 = VECTOR('',#11708,1.);
#11708 = DIRECTION('',(0.,1.));
#11709 = ( GEOMETRIC_REPRESENTATION_CONTEXT(2) 
PARAMETRIC_REPRESENTATION_CONTEXT() REPRESENTATION_CONTEXT('2D SPACE',''
  ) );
#11710 = ORIENTED_EDGE('',*,*,#11711,.F.);
#11711 = EDGE_CURVE('',#9824,#11683,#11712,.T.);
#11712 = SURFACE_CURVE('',#11713,(#11723,#11730),.PCURVE_S1.);
#11713 = B_SPLINE_CURVE_WITH_KNOTS('',8,(#11714,#11715,#11716,#11717,
    #11718,#11719,#11720,#11721,#11722),.UNSPECIFIED.,.F.,.F.,(9,9),(1.,
    2.),.PIECEWISE_BEZIER_KNOTS.);
#11714 = CARTESIAN_POINT('',(61.086956377788,-73.3096326092,
    1.000001130791E-07));
#11715 = CARTESIAN_POINT('',(61.086956377788,-72.7799451198,
    1.000002622931E-07));
#11716 = CARTESIAN_POINT('',(61.205818120905,-72.25025746367,
    9.999966721352E-08));
#11717 = CARTESIAN_POINT('',(61.443540439709,-71.7516888836,
    1.000008076346E-07));
#11718 = CARTESIAN_POINT('',(61.790351834869,-71.31535183486,
    9.999944516892E-08));
#11719 = CARTESIAN_POINT('',(62.226688883609,-70.9685404397,
    1.000005589447E-07));
#11720 = CARTESIAN_POINT('',(62.725257463673,-70.7308181209,
    9.999989991627E-08));
#11721 = CARTESIAN_POINT('',(63.254945119802,-70.61195637778,
    1.000001752516E-07));
#11722 = CARTESIAN_POINT('',(63.784632609201,-70.61195637778,
    1.000001130791E-07));
#11723 = PCURVE('',#9845,#11724);
#11724 = DEFINITIONAL_REPRESENTATION('',(#11725),#11729);
#11725 = LINE('',#11726,#11727);
#11726 = CARTESIAN_POINT('',(0.,1.));
#11727 = VECTOR('',#11728,1.);
#11728 = DIRECTION('',(1.,0.));
#11729 = ( GEOMETRIC_REPRESENTATION_CONTEXT(2) 
PARAMETRIC_REPRESENTATION_CONTEXT() REPRESENTATION_CONTEXT('2D SPACE',''
  ) );
#11730 = PCURVE('',#9956,#11731);
#11731 = DEFINITIONAL_REPRESENTATION('',(#11732),#11742);
#11732 = B_SPLINE_CURVE_WITH_KNOTS('',8,(#11733,#11734,#11735,#11736,
    #11737,#11738,#11739,#11740,#11741),.UNSPECIFIED.,.F.,.F.,(9,9),(1.,
    2.),.PIECEWISE_BEZIER_KNOTS.);
#11733 = CARTESIAN_POINT('',(3.2471783407,-4.78254403418));
#11734 = CARTESIAN_POINT('',(3.544716596285,-5.220767519275));
#11735 = CARTESIAN_POINT('',(3.94059218844,-5.592223630503));
#11736 = CARTESIAN_POINT('',(4.417323721064,-5.871167308844));
#11737 = CARTESIAN_POINT('',(4.949350374944,-6.037347342173));
#11738 = CARTESIAN_POINT('',(5.505155081682,-6.079171879041));
#11739 = CARTESIAN_POINT('',(6.051167495706,-5.995787386383));
#11740 = CARTESIAN_POINT('',(6.55615863055,-5.796586280056));
#11741 = CARTESIAN_POINT('',(6.994382115645,-5.499048024471));
#11742 = ( GEOMETRIC_REPRESENTATION_CONTEXT(2) 
PARAMETRIC_REPRESENTATION_CONTEXT() REPRESENTATION_CONTEXT('2D SPACE',''
  ) );
#11743 = ORIENTED_EDGE('',*,*,#9823,.F.);
#11744 = ADVANCED_FACE('',(#11745),#9956,.T.);
#11745 = FACE_BOUND('',#11746,.T.);
#11746 = EDGE_LOOP('',(#11747,#11748,#11749,#11784,#11819,#11854,#11889,
    #11924));
#11747 = ORIENTED_EDGE('',*,*,#9934,.T.);
#11748 = ORIENTED_EDGE('',*,*,#11711,.T.);
#11749 = ORIENTED_EDGE('',*,*,#11750,.T.);
#11750 = EDGE_CURVE('',#11683,#11751,#11753,.T.);
#11751 = VERTEX_POINT('',#11752);
#11752 = CARTESIAN_POINT('',(69.565367390799,-70.61195637778,
    1.000001130791E-07));
#11753 = SURFACE_CURVE('',#11754,(#11764,#11777),.PCURVE_S1.);
#11754 = B_SPLINE_CURVE_WITH_KNOTS('',8,(#11755,#11756,#11757,#11758,
    #11759,#11760,#11761,#11762,#11763),.UNSPECIFIED.,.F.,.F.,(9,9),(2.,
    3.),.PIECEWISE_BEZIER_KNOTS.);
#11755 = CARTESIAN_POINT('',(63.784632609201,-70.61195637778,
    1.000001130791E-07));
#11756 = CARTESIAN_POINT('',(64.5072244569,-70.61195637778,
    1.000001130791E-07));
#11757 = CARTESIAN_POINT('',(65.2298163046,-70.61195637778,
    1.000001130791E-07));
#11758 = CARTESIAN_POINT('',(65.9524081523,-70.61195637778,
    1.000001130791E-07));
#11759 = CARTESIAN_POINT('',(66.675,-70.61195637778,1.000001130791E-07)
  );
#11760 = CARTESIAN_POINT('',(67.3975918477,-70.61195637778,
    1.000001130791E-07));
#11761 = CARTESIAN_POINT('',(68.1201836954,-70.61195637778,
    1.000001130791E-07));
#11762 = CARTESIAN_POINT('',(68.8427755431,-70.61195637778,
    1.000001130791E-07));
#11763 = CARTESIAN_POINT('',(69.565367390799,-70.61195637778,
    1.000001237372E-07));
#11764 = PCURVE('',#9956,#11765);
#11765 = DEFINITIONAL_REPRESENTATION('',(#11766),#11776);
#11766 = B_SPLINE_CURVE_WITH_KNOTS('',8,(#11767,#11768,#11769,#11770,
    #11771,#11772,#11773,#11774,#11775),.UNSPECIFIED.,.F.,.F.,(9,9),(2.,
    3.),.PIECEWISE_BEZIER_KNOTS.);
#11767 = CARTESIAN_POINT('',(6.994382115645,-5.499048024471));
#11768 = CARTESIAN_POINT('',(7.592200119917,-5.093150731884));
#11769 = CARTESIAN_POINT('',(8.19001812419,-4.687253439296));
#11770 = CARTESIAN_POINT('',(8.787836128462,-4.281356146709));
#11771 = CARTESIAN_POINT('',(9.385654132735,-3.875458854121));
#11772 = CARTESIAN_POINT('',(9.983472137007,-3.469561561534));
#11773 = CARTESIAN_POINT('',(10.58129014128,-3.063664268946));
#11774 = CARTESIAN_POINT('',(11.179108145553,-2.657766976359));
#11775 = CARTESIAN_POINT('',(11.776926149825,-2.251869683771));
#11776 = ( GEOMETRIC_REPRESENTATION_CONTEXT(2) 
PARAMETRIC_REPRESENTATION_CONTEXT() REPRESENTATION_CONTEXT('2D SPACE',''
  ) );
#11777 = PCURVE('',#10150,#11778);
#11778 = DEFINITIONAL_REPRESENTATION('',(#11779),#11783);
#11779 = LINE('',#11780,#11781);
#11780 = CARTESIAN_POINT('',(0.,1.));
#11781 = VECTOR('',#11782,1.);
#11782 = DIRECTION('',(1.,0.));
#11783 = ( GEOMETRIC_REPRESENTATION_CONTEXT(2) 
PARAMETRIC_REPRESENTATION_CONTEXT() REPRESENTATION_CONTEXT('2D SPACE',''
  ) );
#11784 = ORIENTED_EDGE('',*,*,#11785,.T.);
#11785 = EDGE_CURVE('',#11751,#11786,#11788,.T.);
#11786 = VERTEX_POINT('',#11787);
#11787 = CARTESIAN_POINT('',(72.263043622212,-73.3096326092,
    1.000001130791E-07));
#11788 = SURFACE_CURVE('',#11789,(#11799,#11812),.PCURVE_S1.);
#11789 = B_SPLINE_CURVE_WITH_KNOTS('',8,(#11790,#11791,#11792,#11793,
    #11794,#11795,#11796,#11797,#11798),.UNSPECIFIED.,.F.,.F.,(9,9),(3.,
    4.),.PIECEWISE_BEZIER_KNOTS.);
#11790 = CARTESIAN_POINT('',(69.565367390799,-70.61195637778,
    1.000001237372E-07));
#11791 = CARTESIAN_POINT('',(70.095054880198,-70.61195637778,
    1.000002374241E-07));
#11792 = CARTESIAN_POINT('',(70.624742536327,-70.7308181209,
    9.999969030616E-08));
#11793 = CARTESIAN_POINT('',(71.123311116391,-70.9685404397,
    1.000008005292E-07));
#11794 = CARTESIAN_POINT('',(71.559648165131,-71.31535183486,
    9.999942562899E-08));
#11795 = CARTESIAN_POINT('',(71.906459560291,-71.7516888836,
    1.000005713792E-07));
#11796 = CARTESIAN_POINT('',(72.144181879095,-72.25025746367,
    9.999991590348E-08));
#11797 = CARTESIAN_POINT('',(72.263043622212,-72.7799451198,
    1.000001557117E-07));
#11798 = CARTESIAN_POINT('',(72.263043622212,-73.3096326092,
    1.000001130791E-07));
#11799 = PCURVE('',#9956,#11800);
#11800 = DEFINITIONAL_REPRESENTATION('',(#11801),#11811);
#11801 = B_SPLINE_CURVE_WITH_KNOTS('',8,(#11802,#11803,#11804,#11805,
    #11806,#11807,#11808,#11809,#11810),.UNSPECIFIED.,.F.,.F.,(9,9),(3.,
    4.),.PIECEWISE_BEZIER_KNOTS.);
#11802 = CARTESIAN_POINT('',(11.776926149825,-2.251869683771));
#11803 = CARTESIAN_POINT('',(12.21514963492,-1.954331428186));
#11804 = CARTESIAN_POINT('',(12.586605746148,-1.558455836031));
#11805 = CARTESIAN_POINT('',(12.865549424489,-1.081724303407));
#11806 = CARTESIAN_POINT('',(13.031729457818,-0.549697649527));
#11807 = CARTESIAN_POINT('',(13.073553994686,6.107057210485E-03));
#11808 = CARTESIAN_POINT('',(12.990169502028,0.552119471235));
#11809 = CARTESIAN_POINT('',(12.7909683957,1.057110606079));
#11810 = CARTESIAN_POINT('',(12.493430140116,1.495334091173));
#11811 = ( GEOMETRIC_REPRESENTATION_CONTEXT(2) 
PARAMETRIC_REPRESENTATION_CONTEXT() REPRESENTATION_CONTEXT('2D SPACE',''
  ) );
#11812 = PCURVE('',#10267,#11813);
#11813 = DEFINITIONAL_REPRESENTATION('',(#11814),#11818);
#11814 = LINE('',#11815,#11816);
#11815 = CARTESIAN_POINT('',(0.,1.));
#11816 = VECTOR('',#11817,1.);
#11817 = DIRECTION('',(1.,0.));
#11818 = ( GEOMETRIC_REPRESENTATION_CONTEXT(2) 
PARAMETRIC_REPRESENTATION_CONTEXT() REPRESENTATION_CONTEXT('2D SPACE',''
  ) );
#11819 = ORIENTED_EDGE('',*,*,#11820,.T.);
#11820 = EDGE_CURVE('',#11786,#11821,#11823,.T.);
#11821 = VERTEX_POINT('',#11822);
#11822 = CARTESIAN_POINT('',(72.263043622212,-79.09036739079,
    1.000001130791E-07));
#11823 = SURFACE_CURVE('',#11824,(#11834,#11847),.PCURVE_S1.);
#11824 = B_SPLINE_CURVE_WITH_KNOTS('',8,(#11825,#11826,#11827,#11828,
    #11829,#11830,#11831,#11832,#11833),.UNSPECIFIED.,.F.,.F.,(9,9),(4.,
    5.),.PIECEWISE_BEZIER_KNOTS.);
#11825 = CARTESIAN_POINT('',(72.263043622212,-73.3096326092,
    1.000001130791E-07));
#11826 = CARTESIAN_POINT('',(72.263043622212,-74.0322244569,
    1.000001130791E-07));
#11827 = CARTESIAN_POINT('',(72.263043622212,-74.7548163046,
    1.000001130791E-07));
#11828 = CARTESIAN_POINT('',(72.263043622212,-75.4774081523,
    1.000001130791E-07));
#11829 = CARTESIAN_POINT('',(72.263043622212,-76.2,1.000001130791E-07));
#11830 = CARTESIAN_POINT('',(72.263043622212,-76.9225918477,
    1.000001130791E-07));
#11831 = CARTESIAN_POINT('',(72.263043622212,-77.6451836954,
    1.000001130791E-07));
#11832 = CARTESIAN_POINT('',(72.263043622212,-78.3677755431,
    1.000001130791E-07));
#11833 = CARTESIAN_POINT('',(72.263043622212,-79.09036739079,
    1.000001130791E-07));
#11834 = PCURVE('',#9956,#11835);
#11835 = DEFINITIONAL_REPRESENTATION('',(#11836),#11846);
#11836 = B_SPLINE_CURVE_WITH_KNOTS('',8,(#11837,#11838,#11839,#11840,
    #11841,#11842,#11843,#11844,#11845),.UNSPECIFIED.,.F.,.F.,(9,9),(4.,
    5.),.PIECEWISE_BEZIER_KNOTS.);
#11837 = CARTESIAN_POINT('',(12.493430140116,1.495334091173));
#11838 = CARTESIAN_POINT('',(12.087532847528,2.093152095446));
#11839 = CARTESIAN_POINT('',(11.681635554941,2.690970099718));
#11840 = CARTESIAN_POINT('',(11.275738262353,3.288788103991));
#11841 = CARTESIAN_POINT('',(10.869840969766,3.886606108264));
#11842 = CARTESIAN_POINT('',(10.463943677178,4.484424112536));
#11843 = CARTESIAN_POINT('',(10.058046384591,5.082242116809));
#11844 = CARTESIAN_POINT('',(9.652149092003,5.680060121081));
#11845 = CARTESIAN_POINT('',(9.246251799416,6.277878125354));
#11846 = ( GEOMETRIC_REPRESENTATION_CONTEXT(2) 
PARAMETRIC_REPRESENTATION_CONTEXT() REPRESENTATION_CONTEXT('2D SPACE',''
  ) );
#11847 = PCURVE('',#10384,#11848);
#11848 = DEFINITIONAL_REPRESENTATION('',(#11849),#11853);
#11849 = LINE('',#11850,#11851);
#11850 = CARTESIAN_POINT('',(0.,1.));
#11851 = VECTOR('',#11852,1.);
#11852 = DIRECTION('',(1.,0.));
#11853 = ( GEOMETRIC_REPRESENTATION_CONTEXT(2) 
PARAMETRIC_REPRESENTATION_CONTEXT() REPRESENTATION_CONTEXT('2D SPACE',''
  ) );
#11854 = ORIENTED_EDGE('',*,*,#11855,.T.);
#11855 = EDGE_CURVE('',#11821,#11856,#11858,.T.);
#11856 = VERTEX_POINT('',#11857);
#11857 = CARTESIAN_POINT('',(69.565367390799,-81.78804362221,
    1.000001130791E-07));
#11858 = SURFACE_CURVE('',#11859,(#11869,#11882),.PCURVE_S1.);
#11859 = B_SPLINE_CURVE_WITH_KNOTS('',8,(#11860,#11861,#11862,#11863,
    #11864,#11865,#11866,#11867,#11868),.UNSPECIFIED.,.F.,.F.,(9,9),(5.,
    6.),.PIECEWISE_BEZIER_KNOTS.);
#11860 = CARTESIAN_POINT('',(72.263043622212,-79.09036739079,
    1.000001130791E-07));
#11861 = CARTESIAN_POINT('',(72.263043622212,-79.62005488019,
    1.000000846574E-07));
#11862 = CARTESIAN_POINT('',(72.144181879094,-80.14974253632,
    1.000002214369E-07));
#11863 = CARTESIAN_POINT('',(71.906459560292,-80.64831111639,
    9.999988037634E-08));
#11864 = CARTESIAN_POINT('',(71.559648165131,-81.08464816513,
    1.000004434815E-07));
#11865 = CARTESIAN_POINT('',(71.123311116392,-81.43145956029,
    9.999979688757E-08));
#11866 = CARTESIAN_POINT('',(70.624742536327,-81.66918187909,
    1.000003120311E-07));
#11867 = CARTESIAN_POINT('',(70.095054880198,-81.78804362221,
    1.000000402485E-07));
#11868 = CARTESIAN_POINT('',(69.565367390799,-81.78804362221,
    1.000001130791E-07));
#11869 = PCURVE('',#9956,#11870);
#11870 = DEFINITIONAL_REPRESENTATION('',(#11871),#11881);
#11871 = B_SPLINE_CURVE_WITH_KNOTS('',8,(#11872,#11873,#11874,#11875,
    #11876,#11877,#11878,#11879,#11880),.UNSPECIFIED.,.F.,.F.,(9,9),(5.,
    6.),.PIECEWISE_BEZIER_KNOTS.);
#11872 = CARTESIAN_POINT('',(9.246251799416,6.277878125354));
#11873 = CARTESIAN_POINT('',(8.948713543831,6.716101610449));
#11874 = CARTESIAN_POINT('',(8.552837951675,7.087557721676));
#11875 = CARTESIAN_POINT('',(8.076106419052,7.366501400018));
#11876 = CARTESIAN_POINT('',(7.544079765172,7.532681433346));
#11877 = CARTESIAN_POINT('',(6.988275058434,7.574505970215));
#11878 = CARTESIAN_POINT('',(6.44226264441,7.491121477556));
#11879 = CARTESIAN_POINT('',(5.937271509566,7.291920371229));
#11880 = CARTESIAN_POINT('',(5.499048024471,6.994382115645));
#11881 = ( GEOMETRIC_REPRESENTATION_CONTEXT(2) 
PARAMETRIC_REPRESENTATION_CONTEXT() REPRESENTATION_CONTEXT('2D SPACE',''
  ) );
#11882 = PCURVE('',#10501,#11883);
#11883 = DEFINITIONAL_REPRESENTATION('',(#11884),#11888);
#11884 = LINE('',#11885,#11886);
#11885 = CARTESIAN_POINT('',(0.,1.));
#11886 = VECTOR('',#11887,1.);
#11887 = DIRECTION('',(1.,0.));
#11888 = ( GEOMETRIC_REPRESENTATION_CONTEXT(2) 
PARAMETRIC_REPRESENTATION_CONTEXT() REPRESENTATION_CONTEXT('2D SPACE',''
  ) );
#11889 = ORIENTED_EDGE('',*,*,#11890,.T.);
#11890 = EDGE_CURVE('',#11856,#11891,#11893,.T.);
#11891 = VERTEX_POINT('',#11892);
#11892 = CARTESIAN_POINT('',(63.784632609201,-81.78804362221,
    1.000001130791E-07));
#11893 = SURFACE_CURVE('',#11894,(#11904,#11917),.PCURVE_S1.);
#11894 = B_SPLINE_CURVE_WITH_KNOTS('',8,(#11895,#11896,#11897,#11898,
    #11899,#11900,#11901,#11902,#11903),.UNSPECIFIED.,.F.,.F.,(9,9),(6.,
    7.),.PIECEWISE_BEZIER_KNOTS.);
#11895 = CARTESIAN_POINT('',(69.565367390799,-81.78804362221,
    1.000001130791E-07));
#11896 = CARTESIAN_POINT('',(68.8427755431,-81.78804362221,
    1.000001130791E-07));
#11897 = CARTESIAN_POINT('',(68.1201836954,-81.78804362221,
    1.000001130791E-07));
#11898 = CARTESIAN_POINT('',(67.3975918477,-81.78804362221,
    1.000001130791E-07));
#11899 = CARTESIAN_POINT('',(66.675,-81.78804362221,1.000001130791E-07)
  );
#11900 = CARTESIAN_POINT('',(65.9524081523,-81.78804362221,
    1.000001130791E-07));
#11901 = CARTESIAN_POINT('',(65.2298163046,-81.78804362221,
    1.000001130791E-07));
#11902 = CARTESIAN_POINT('',(64.5072244569,-81.78804362221,
    1.000001130791E-07));
#11903 = CARTESIAN_POINT('',(63.784632609201,-81.78804362221,
    1.000001130791E-07));
#11904 = PCURVE('',#9956,#11905);
#11905 = DEFINITIONAL_REPRESENTATION('',(#11906),#11916);
#11906 = B_SPLINE_CURVE_WITH_KNOTS('',8,(#11907,#11908,#11909,#11910,
    #11911,#11912,#11913,#11914,#11915),.UNSPECIFIED.,.F.,.F.,(9,9),(6.,
    7.),.PIECEWISE_BEZIER_KNOTS.);
#11907 = CARTESIAN_POINT('',(5.499048024471,6.994382115645));
#11908 = CARTESIAN_POINT('',(4.901230020199,6.588484823057));
#11909 = CARTESIAN_POINT('',(4.303412015926,6.18258753047));
#11910 = CARTESIAN_POINT('',(3.705594011654,5.776690237882));
#11911 = CARTESIAN_POINT('',(3.107776007381,5.370792945294));
#11912 = CARTESIAN_POINT('',(2.509958003108,4.964895652707));
#11913 = CARTESIAN_POINT('',(1.912139998836,4.558998360119));
#11914 = CARTESIAN_POINT('',(1.314321994563,4.153101067532));
#11915 = CARTESIAN_POINT('',(0.716503990291,3.747203774944));
#11916 = ( GEOMETRIC_REPRESENTATION_CONTEXT(2) 
PARAMETRIC_REPRESENTATION_CONTEXT() REPRESENTATION_CONTEXT('2D SPACE',''
  ) );
#11917 = PCURVE('',#10618,#11918);
#11918 = DEFINITIONAL_REPRESENTATION('',(#11919),#11923);
#11919 = LINE('',#11920,#11921);
#11920 = CARTESIAN_POINT('',(0.,1.));
#11921 = VECTOR('',#11922,1.);
#11922 = DIRECTION('',(1.,0.));
#11923 = ( GEOMETRIC_REPRESENTATION_CONTEXT(2) 
PARAMETRIC_REPRESENTATION_CONTEXT() REPRESENTATION_CONTEXT('2D SPACE',''
  ) );
#11924 = ORIENTED_EDGE('',*,*,#11925,.T.);
#11925 = EDGE_CURVE('',#11891,#9935,#11926,.T.);
#11926 = SURFACE_CURVE('',#11927,(#11937,#11950),.PCURVE_S1.);
#11927 = B_SPLINE_CURVE_WITH_KNOTS('',8,(#11928,#11929,#11930,#11931,
    #11932,#11933,#11934,#11935,#11936),.UNSPECIFIED.,.F.,.F.,(9,9),(7.,
    8.),.PIECEWISE_BEZIER_KNOTS.);
#11928 = CARTESIAN_POINT('',(63.784632609201,-81.78804362221,
    1.000001130791E-07));
#11929 = CARTESIAN_POINT('',(63.254945119802,-81.78804362221,
    1.000001539353E-07));
#11930 = CARTESIAN_POINT('',(62.725257463673,-81.66918187909,
    9.999998340504E-08));
#11931 = CARTESIAN_POINT('',(62.226688883609,-81.43145956029,
    1.000003173601E-07));
#11932 = CARTESIAN_POINT('',(61.790351834869,-81.08464816513,
    9.999995320698E-08));
#11933 = CARTESIAN_POINT('',(61.443540439709,-80.64831111639,
    1.000001805807E-07));
#11934 = CARTESIAN_POINT('',(61.205818120906,-80.14974253632,
    1.000001113027E-07));
#11935 = CARTESIAN_POINT('',(61.086956377788,-79.62005488019,
    1.000000970919E-07));
#11936 = CARTESIAN_POINT('',(61.086956377788,-79.09036739079,
    1.000001130791E-07));
#11937 = PCURVE('',#9956,#11938);
#11938 = DEFINITIONAL_REPRESENTATION('',(#11939),#11949);
#11939 = B_SPLINE_CURVE_WITH_KNOTS('',8,(#11940,#11941,#11942,#11943,
    #11944,#11945,#11946,#11947,#11948),.UNSPECIFIED.,.F.,.F.,(9,9),(7.,
    8.),.PIECEWISE_BEZIER_KNOTS.);
#11940 = CARTESIAN_POINT('',(0.716503990291,3.747203774944));
#11941 = CARTESIAN_POINT('',(0.278280505196,3.44966551936));
#11942 = CARTESIAN_POINT('',(-9.317560603169E-02,3.053789927204));
#11943 = CARTESIAN_POINT('',(-0.372119284373,2.577058394581));
#11944 = CARTESIAN_POINT('',(-0.538299317702,2.045031740701));
#11945 = CARTESIAN_POINT('',(-0.58012385457,1.489227033963));
#11946 = CARTESIAN_POINT('',(-0.496739361912,0.943214619939));
#11947 = CARTESIAN_POINT('',(-0.297538255584,0.438223485095));
#11948 = CARTESIAN_POINT('',(0.,0.));
#11949 = ( GEOMETRIC_REPRESENTATION_CONTEXT(2) 
PARAMETRIC_REPRESENTATION_CONTEXT() REPRESENTATION_CONTEXT('2D SPACE',''
  ) );
#11950 = PCURVE('',#9994,#11951);
#11951 = DEFINITIONAL_REPRESENTATION('',(#11952),#11956);
#11952 = LINE('',#11953,#11954);
#11953 = CARTESIAN_POINT('',(0.,1.));
#11954 = VECTOR('',#11955,1.);
#11955 = DIRECTION('',(1.,0.));
#11956 = ( GEOMETRIC_REPRESENTATION_CONTEXT(2) 
PARAMETRIC_REPRESENTATION_CONTEXT() REPRESENTATION_CONTEXT('2D SPACE',''
  ) );
#11957 = ADVANCED_FACE('',(#11958),#9994,.T.);
#11958 = FACE_BOUND('',#11959,.T.);
#11959 = EDGE_LOOP('',(#11960,#11961,#11962,#11963));
#11960 = ORIENTED_EDGE('',*,*,#10707,.T.);
#11961 = ORIENTED_EDGE('',*,*,#9974,.T.);
#11962 = ORIENTED_EDGE('',*,*,#11925,.F.);
#11963 = ORIENTED_EDGE('',*,*,#11964,.F.);
#11964 = EDGE_CURVE('',#10591,#11891,#11965,.T.);
#11965 = SURFACE_CURVE('',#11966,(#11976,#11983),.PCURVE_S1.);
#11966 = ( BOUNDED_CURVE() B_SPLINE_CURVE(8,(#11967,#11968,#11969,#11970
    ,#11971,#11972,#11973,#11974,#11975),.UNSPECIFIED.,.F.,.F.) 
B_SPLINE_CURVE_WITH_KNOTS((9,9),(0.,1.),.PIECEWISE_BEZIER_KNOTS.) CURVE(
) GEOMETRIC_REPRESENTATION_ITEM() RATIONAL_B_SPLINE_CURVE((1.,
    0.999999999996,1.000000000012,0.999999999983,1.000000000017,
0.99999999999,1.000000000004,0.999999999999,1.)) REPRESENTATION_ITEM(''
  ) );
#11967 = CARTESIAN_POINT('',(58.8145,-85.179875,13.0000001));
#11968 = CARTESIAN_POINT('',(58.687937209137,-85.30933570951,
    10.962334438332));
#11969 = CARTESIAN_POINT('',(59.088852540039,-85.02428260591,
    9.714026221013));
#11970 = CARTESIAN_POINT('',(58.864965054614,-85.26622648991,
    6.582407139224));
#11971 = CARTESIAN_POINT('',(59.821953158748,-84.70102588294,
    6.398057915201));
#11972 = CARTESIAN_POINT('',(59.585320517581,-84.91632820655,
    2.947876222342));
#11973 = CARTESIAN_POINT('',(60.943763556802,-84.2618166506,
    2.233915500654));
#11974 = CARTESIAN_POINT('',(62.070209082466,-83.18496583878,
    5.268224107498E-02));
#11975 = CARTESIAN_POINT('',(63.784632609201,-81.78804362221,
    1.000001130791E-07));
#11976 = PCURVE('',#9994,#11977);
#11977 = DEFINITIONAL_REPRESENTATION('',(#11978),#11982);
#11978 = LINE('',#11979,#11980);
#11979 = CARTESIAN_POINT('',(7.,0.));
#11980 = VECTOR('',#11981,1.);
#11981 = DIRECTION('',(0.,1.));
#11982 = ( GEOMETRIC_REPRESENTATION_CONTEXT(2) 
PARAMETRIC_REPRESENTATION_CONTEXT() REPRESENTATION_CONTEXT('2D SPACE',''
  ) );
#11983 = PCURVE('',#10618,#11984);
#11984 = DEFINITIONAL_REPRESENTATION('',(#11985),#11989);
#11985 = LINE('',#11986,#11987);
#11986 = CARTESIAN_POINT('',(7.,0.));
#11987 = VECTOR('',#11988,1.);
#11988 = DIRECTION('',(0.,1.));
#11989 = ( GEOMETRIC_REPRESENTATION_CONTEXT(2) 
PARAMETRIC_REPRESENTATION_CONTEXT() REPRESENTATION_CONTEXT('2D SPACE',''
  ) );
#11990 = ADVANCED_FACE('',(#11991),#10618,.T.);
#11991 = FACE_BOUND('',#11992,.T.);
#11992 = EDGE_LOOP('',(#11993,#11994,#11995,#11996));
#11993 = ORIENTED_EDGE('',*,*,#10590,.T.);
#11994 = ORIENTED_EDGE('',*,*,#11964,.T.);
#11995 = ORIENTED_EDGE('',*,*,#11890,.F.);
#11996 = ORIENTED_EDGE('',*,*,#11997,.F.);
#11997 = EDGE_CURVE('',#10474,#11856,#11998,.T.);
#11998 = SURFACE_CURVE('',#11999,(#12009,#12016),.PCURVE_S1.);
#11999 = ( BOUNDED_CURVE() B_SPLINE_CURVE(8,(#12000,#12001,#12002,#12003
    ,#12004,#12005,#12006,#12007,#12008),.UNSPECIFIED.,.F.,.F.) 
B_SPLINE_CURVE_WITH_KNOTS((9,9),(0.,1.),.PIECEWISE_BEZIER_KNOTS.) CURVE(
) GEOMETRIC_REPRESENTATION_ITEM() RATIONAL_B_SPLINE_CURVE((1.,
    0.999999999996,1.000000000012,0.999999999983,1.000000000017,
0.99999999999,1.000000000004,0.999999999999,1.)) REPRESENTATION_ITEM(''
  ) );
#12000 = CARTESIAN_POINT('',(74.5355,-85.179875,13.0000001));
#12001 = CARTESIAN_POINT('',(74.662062790905,-85.30933570953,
    10.96233443834));
#12002 = CARTESIAN_POINT('',(74.261147459842,-85.02428260586,
    9.714026220991));
#12003 = CARTESIAN_POINT('',(74.485034945565,-85.26622648998,
    6.582407139258));
#12004 = CARTESIAN_POINT('',(73.528046841083,-84.70102588288,
    6.398057915168));
#12005 = CARTESIAN_POINT('',(73.764679482523,-84.91632820659,
    2.947876222363));
#12006 = CARTESIAN_POINT('',(72.406236443159,-84.26181665059,
    2.233915500646));
#12007 = CARTESIAN_POINT('',(71.279790917542,-83.18496583879,
    5.268224107655E-02));
#12008 = CARTESIAN_POINT('',(69.565367390799,-81.78804362221,
    1.000001130791E-07));
#12009 = PCURVE('',#10618,#12010);
#12010 = DEFINITIONAL_REPRESENTATION('',(#12011),#12015);
#12011 = LINE('',#12012,#12013);
#12012 = CARTESIAN_POINT('',(6.,0.));
#12013 = VECTOR('',#12014,1.);
#12014 = DIRECTION('',(0.,1.));
#12015 = ( GEOMETRIC_REPRESENTATION_CONTEXT(2) 
PARAMETRIC_REPRESENTATION_CONTEXT() REPRESENTATION_CONTEXT('2D SPACE',''
  ) );
#12016 = PCURVE('',#10501,#12017);
#12017 = DEFINITIONAL_REPRESENTATION('',(#12018),#12022);
#12018 = LINE('',#12019,#12020);
#12019 = CARTESIAN_POINT('',(6.,0.));
#12020 = VECTOR('',#12021,1.);
#12021 = DIRECTION('',(0.,1.));
#12022 = ( GEOMETRIC_REPRESENTATION_CONTEXT(2) 
PARAMETRIC_REPRESENTATION_CONTEXT() REPRESENTATION_CONTEXT('2D SPACE',''
  ) );
#12023 = ADVANCED_FACE('',(#12024),#10150,.T.);
#12024 = FACE_BOUND('',#12025,.T.);
#12025 = EDGE_LOOP('',(#12026,#12027,#12054,#12055));
#12026 = ORIENTED_EDGE('',*,*,#10122,.T.);
#12027 = ORIENTED_EDGE('',*,*,#12028,.T.);
#12028 = EDGE_CURVE('',#10123,#11751,#12029,.T.);
#12029 = SURFACE_CURVE('',#12030,(#12040,#12047),.PCURVE_S1.);
#12030 = ( BOUNDED_CURVE() B_SPLINE_CURVE(8,(#12031,#12032,#12033,#12034
    ,#12035,#12036,#12037,#12038,#12039),.UNSPECIFIED.,.F.,.F.) 
B_SPLINE_CURVE_WITH_KNOTS((9,9),(0.,1.),.PIECEWISE_BEZIER_KNOTS.) CURVE(
) GEOMETRIC_REPRESENTATION_ITEM() RATIONAL_B_SPLINE_CURVE((1.,
    0.999999999996,1.000000000012,0.999999999983,1.000000000017,
0.99999999999,1.000000000004,0.999999999999,1.)) REPRESENTATION_ITEM(''
  ) );
#12031 = CARTESIAN_POINT('',(74.5355,-67.220125,13.0000001));
#12032 = CARTESIAN_POINT('',(74.662062790905,-67.09066429049,
    10.962334438316));
#12033 = CARTESIAN_POINT('',(74.261147459843,-67.37571739404,
    9.714026221057));
#12034 = CARTESIAN_POINT('',(74.485034945563,-67.13377351014,
    6.582407139159));
#12035 = CARTESIAN_POINT('',(73.528046841084,-67.69897411699,
    6.398057915262));
#12036 = CARTESIAN_POINT('',(73.764679482522,-67.48367179348,
    2.947876222304));
#12037 = CARTESIAN_POINT('',(72.406236443159,-68.13818334938,
    2.233915500668));
#12038 = CARTESIAN_POINT('',(71.279790917542,-69.21503416121,
    5.268224107235E-02));
#12039 = CARTESIAN_POINT('',(69.565367390799,-70.61195637778,
    1.000001237372E-07));
#12040 = PCURVE('',#10150,#12041);
#12041 = DEFINITIONAL_REPRESENTATION('',(#12042),#12046);
#12042 = LINE('',#12043,#12044);
#12043 = CARTESIAN_POINT('',(3.,0.));
#12044 = VECTOR('',#12045,1.);
#12045 = DIRECTION('',(0.,1.));
#12046 = ( GEOMETRIC_REPRESENTATION_CONTEXT(2) 
PARAMETRIC_REPRESENTATION_CONTEXT() REPRESENTATION_CONTEXT('2D SPACE',''
  ) );
#12047 = PCURVE('',#10267,#12048);
#12048 = DEFINITIONAL_REPRESENTATION('',(#12049),#12053);
#12049 = LINE('',#12050,#12051);
#12050 = CARTESIAN_POINT('',(3.,0.));
#12051 = VECTOR('',#12052,1.);
#12052 = DIRECTION('',(0.,1.));
#12053 = ( GEOMETRIC_REPRESENTATION_CONTEXT(2) 
PARAMETRIC_REPRESENTATION_CONTEXT() REPRESENTATION_CONTEXT('2D SPACE',''
  ) );
#12054 = ORIENTED_EDGE('',*,*,#11750,.F.);
#12055 = ORIENTED_EDGE('',*,*,#11682,.F.);
#12056 = ADVANCED_FACE('',(#12057),#10501,.T.);
#12057 = FACE_BOUND('',#12058,.T.);
#12058 = EDGE_LOOP('',(#12059,#12060,#12061,#12062));
#12059 = ORIENTED_EDGE('',*,*,#10473,.T.);
#12060 = ORIENTED_EDGE('',*,*,#11997,.T.);
#12061 = ORIENTED_EDGE('',*,*,#11855,.F.);
#12062 = ORIENTED_EDGE('',*,*,#12063,.F.);
#12063 = EDGE_CURVE('',#10357,#11821,#12064,.T.);
#12064 = SURFACE_CURVE('',#12065,(#12075,#12082),.PCURVE_S1.);
#12065 = ( BOUNDED_CURVE() B_SPLINE_CURVE(8,(#12066,#12067,#12068,#12069
    ,#12070,#12071,#12072,#12073,#12074),.UNSPECIFIED.,.F.,.F.) 
B_SPLINE_CURVE_WITH_KNOTS((9,9),(0.,1.),.PIECEWISE_BEZIER_KNOTS.) CURVE(
) GEOMETRIC_REPRESENTATION_ITEM() RATIONAL_B_SPLINE_CURVE((1.,
    0.999999999996,1.000000000012,0.999999999983,1.000000000017,
0.99999999999,1.000000000004,0.999999999999,1.)) REPRESENTATION_ITEM(''
  ) );
#12066 = CARTESIAN_POINT('',(75.654875,-84.0605,13.0000001));
#12067 = CARTESIAN_POINT('',(75.784335709535,-84.18706279088,
    10.962334438332));
#12068 = CARTESIAN_POINT('',(75.499282605867,-83.78614745991,
    9.714026221013));
#12069 = CARTESIAN_POINT('',(75.741226489986,-84.01003494545,
    6.582407139224));
#12070 = CARTESIAN_POINT('',(75.17602588288,-83.05304684118,
    6.398057915201));
#12071 = CARTESIAN_POINT('',(75.391328206594,-83.28967948246,
    2.947876222342));
#12072 = CARTESIAN_POINT('',(74.73681665059,-81.93123644318,
    2.233915500654));
#12073 = CARTESIAN_POINT('',(73.659965838791,-80.80479091753,
    5.268224107498E-02));
#12074 = CARTESIAN_POINT('',(72.263043622212,-79.09036739079,
    1.000001130791E-07));
#12075 = PCURVE('',#10501,#12076);
#12076 = DEFINITIONAL_REPRESENTATION('',(#12077),#12081);
#12077 = LINE('',#12078,#12079);
#12078 = CARTESIAN_POINT('',(5.,0.));
#12079 = VECTOR('',#12080,1.);
#12080 = DIRECTION('',(0.,1.));
#12081 = ( GEOMETRIC_REPRESENTATION_CONTEXT(2) 
PARAMETRIC_REPRESENTATION_CONTEXT() REPRESENTATION_CONTEXT('2D SPACE',''
  ) );
#12082 = PCURVE('',#10384,#12083);
#12083 = DEFINITIONAL_REPRESENTATION('',(#12084),#12088);
#12084 = LINE('',#12085,#12086);
#12085 = CARTESIAN_POINT('',(5.,0.));
#12086 = VECTOR('',#12087,1.);
#12087 = DIRECTION('',(0.,1.));
#12088 = ( GEOMETRIC_REPRESENTATION_CONTEXT(2) 
PARAMETRIC_REPRESENTATION_CONTEXT() REPRESENTATION_CONTEXT('2D SPACE',''
  ) );
#12089 = ADVANCED_FACE('',(#12090),#10267,.T.);
#12090 = FACE_BOUND('',#12091,.T.);
#12091 = EDGE_LOOP('',(#12092,#12093,#12120,#12121));
#12092 = ORIENTED_EDGE('',*,*,#10239,.T.);
#12093 = ORIENTED_EDGE('',*,*,#12094,.T.);
#12094 = EDGE_CURVE('',#10240,#11786,#12095,.T.);
#12095 = SURFACE_CURVE('',#12096,(#12106,#12113),.PCURVE_S1.);
#12096 = ( BOUNDED_CURVE() B_SPLINE_CURVE(8,(#12097,#12098,#12099,#12100
    ,#12101,#12102,#12103,#12104,#12105),.UNSPECIFIED.,.F.,.F.) 
B_SPLINE_CURVE_WITH_KNOTS((9,9),(0.,1.),.PIECEWISE_BEZIER_KNOTS.) CURVE(
) GEOMETRIC_REPRESENTATION_ITEM() RATIONAL_B_SPLINE_CURVE((1.,
    0.999999999996,1.000000000012,0.999999999983,1.000000000017,
0.99999999999,1.000000000004,0.999999999999,1.)) REPRESENTATION_ITEM(''
  ) );
#12097 = CARTESIAN_POINT('',(75.654875,-68.3395,13.0000001));
#12098 = CARTESIAN_POINT('',(75.784335709535,-68.21293720909,
    10.96233443834));
#12099 = CARTESIAN_POINT('',(75.499282605867,-68.61385254015,
    9.714026220991));
#12100 = CARTESIAN_POINT('',(75.741226489986,-68.38996505443,
    6.582407139258));
#12101 = CARTESIAN_POINT('',(75.17602588288,-69.34695315891,
    6.398057915168));
#12102 = CARTESIAN_POINT('',(75.391328206594,-69.11032051747,
    2.947876222363));
#12103 = CARTESIAN_POINT('',(74.73681665059,-70.46876355684,
    2.233915500646));
#12104 = CARTESIAN_POINT('',(73.659965838791,-71.59520908245,
    5.268224107655E-02));
#12105 = CARTESIAN_POINT('',(72.263043622212,-73.3096326092,
    1.000001130791E-07));
#12106 = PCURVE('',#10267,#12107);
#12107 = DEFINITIONAL_REPRESENTATION('',(#12108),#12112);
#12108 = LINE('',#12109,#12110);
#12109 = CARTESIAN_POINT('',(4.,0.));
#12110 = VECTOR('',#12111,1.);
#12111 = DIRECTION('',(0.,1.));
#12112 = ( GEOMETRIC_REPRESENTATION_CONTEXT(2) 
PARAMETRIC_REPRESENTATION_CONTEXT() REPRESENTATION_CONTEXT('2D SPACE',''
  ) );
#12113 = PCURVE('',#10384,#12114);
#12114 = DEFINITIONAL_REPRESENTATION('',(#12115),#12119);
#12115 = LINE('',#12116,#12117);
#12116 = CARTESIAN_POINT('',(4.,0.));
#12117 = VECTOR('',#12118,1.);
#12118 = DIRECTION('',(0.,1.));
#12119 = ( GEOMETRIC_REPRESENTATION_CONTEXT(2) 
PARAMETRIC_REPRESENTATION_CONTEXT() REPRESENTATION_CONTEXT('2D SPACE',''
  ) );
#12120 = ORIENTED_EDGE('',*,*,#11785,.F.);
#12121 = ORIENTED_EDGE('',*,*,#12028,.F.);
#12122 = ADVANCED_FACE('',(#12123),#10384,.T.);
#12123 = FACE_BOUND('',#12124,.T.);
#12124 = EDGE_LOOP('',(#12125,#12126,#12127,#12128));
#12125 = ORIENTED_EDGE('',*,*,#10356,.T.);
#12126 = ORIENTED_EDGE('',*,*,#12063,.T.);
#12127 = ORIENTED_EDGE('',*,*,#11820,.F.);
#12128 = ORIENTED_EDGE('',*,*,#12094,.F.);
#12129 = ADVANCED_FACE('',(#12130),#10772,.F.);
#12130 = FACE_BOUND('',#12131,.F.);
#12131 = EDGE_LOOP('',(#12132,#12133,#12162,#12202));
#12132 = ORIENTED_EDGE('',*,*,#10742,.T.);
#12133 = ORIENTED_EDGE('',*,*,#12134,.T.);
#12134 = EDGE_CURVE('',#10745,#12135,#12137,.T.);
#12135 = VERTEX_POINT('',#12136);
#12136 = CARTESIAN_POINT('',(62.939641548791,-74.26791804247,1.9500001)
  );
#12137 = SURFACE_CURVE('',#12138,(#12148,#12155),.PCURVE_S1.);
#12138 = ( BOUNDED_CURVE() B_SPLINE_CURVE(8,(#12139,#12140,#12141,#12142
    ,#12143,#12144,#12145,#12146,#12147),.UNSPECIFIED.,.F.,.F.) 
B_SPLINE_CURVE_WITH_KNOTS((9,9),(0.,1.),.PIECEWISE_BEZIER_KNOTS.) CURVE(
) GEOMETRIC_REPRESENTATION_ITEM() RATIONAL_B_SPLINE_CURVE((1.,1.,
    0.999999999999,1.000000000002,0.999999999998,1.000000000001,1.,1.,1.
)) REPRESENTATION_ITEM('') );
#12139 = CARTESIAN_POINT('',(59.003888561953,-69.48512128968,13.0000001)
  );
#12140 = CARTESIAN_POINT('',(59.078950895822,-69.3375573988,
    11.285871810329));
#12141 = CARTESIAN_POINT('',(58.612842377208,-69.89076485613,
    9.876487483963));
#12142 = CARTESIAN_POINT('',(59.949860391494,-69.3864676462,
    7.581934517002));
#12143 = CARTESIAN_POINT('',(58.263654959683,-70.50490644476,
    7.182408522339));
#12144 = CARTESIAN_POINT('',(60.137462668277,-70.17697009543,
    3.628400475139));
#12145 = CARTESIAN_POINT('',(60.669618259609,-72.57039386221,
    4.285704914205));
#12146 = CARTESIAN_POINT('',(61.840152024119,-72.64168284409,
    2.288254176522));
#12147 = CARTESIAN_POINT('',(62.939641548791,-74.26791804247,1.9500001)
  );
#12148 = PCURVE('',#10772,#12149);
#12149 = DEFINITIONAL_REPRESENTATION('',(#12150),#12154);
#12150 = LINE('',#12151,#12152);
#12151 = CARTESIAN_POINT('',(1.,0.));
#12152 = VECTOR('',#12153,1.);
#12153 = DIRECTION('',(0.,1.));
#12154 = ( GEOMETRIC_REPRESENTATION_CONTEXT(2) 
PARAMETRIC_REPRESENTATION_CONTEXT() REPRESENTATION_CONTEXT('2D SPACE',''
  ) );
#12155 = PCURVE('',#11589,#12156);
#12156 = DEFINITIONAL_REPRESENTATION('',(#12157),#12161);
#12157 = LINE('',#12158,#12159);
#12158 = CARTESIAN_POINT('',(1.,0.));
#12159 = VECTOR('',#12160,1.);
#12160 = DIRECTION('',(0.,1.));
#12161 = ( GEOMETRIC_REPRESENTATION_CONTEXT(2) 
PARAMETRIC_REPRESENTATION_CONTEXT() REPRESENTATION_CONTEXT('2D SPACE',''
  ) );
#12162 = ORIENTED_EDGE('',*,*,#12163,.F.);
#12163 = EDGE_CURVE('',#12164,#12135,#12166,.T.);
#12164 = VERTEX_POINT('',#12165);
#12165 = CARTESIAN_POINT('',(62.939641548791,-78.13208195752,1.9500001)
  );
#12166 = SURFACE_CURVE('',#12167,(#12177,#12184),.PCURVE_S1.);
#12167 = B_SPLINE_CURVE_WITH_KNOTS('',8,(#12168,#12169,#12170,#12171,
    #12172,#12173,#12174,#12175,#12176),.UNSPECIFIED.,.F.,.F.,(9,9),(0.,
    1.),.PIECEWISE_BEZIER_KNOTS.);
#12168 = CARTESIAN_POINT('',(62.939641548791,-78.13208195752,1.9500001)
  );
#12169 = CARTESIAN_POINT('',(62.939641548791,-77.64906146814,1.9500001)
  );
#12170 = CARTESIAN_POINT('',(62.939641548791,-77.16604097876,1.9500001)
  );
#12171 = CARTESIAN_POINT('',(62.939641548791,-76.68302048938,1.9500001)
  );
#12172 = CARTESIAN_POINT('',(62.939641548791,-76.2,1.9500001));
#12173 = CARTESIAN_POINT('',(62.939641548791,-75.71697951062,1.9500001)
  );
#12174 = CARTESIAN_POINT('',(62.939641548791,-75.23395902123,1.9500001)
  );
#12175 = CARTESIAN_POINT('',(62.939641548791,-74.75093853185,1.9500001)
  );
#12176 = CARTESIAN_POINT('',(62.939641548791,-74.26791804247,1.9500001)
  );
#12177 = PCURVE('',#10772,#12178);
#12178 = DEFINITIONAL_REPRESENTATION('',(#12179),#12183);
#12179 = LINE('',#12180,#12181);
#12180 = CARTESIAN_POINT('',(0.,1.));
#12181 = VECTOR('',#12182,1.);
#12182 = DIRECTION('',(1.,0.));
#12183 = ( GEOMETRIC_REPRESENTATION_CONTEXT(2) 
PARAMETRIC_REPRESENTATION_CONTEXT() REPRESENTATION_CONTEXT('2D SPACE',''
  ) );
#12184 = PCURVE('',#12185,#12190);
#12185 = PLANE('',#12186);
#12186 = AXIS2_PLACEMENT_3D('',#12187,#12188,#12189);
#12187 = CARTESIAN_POINT('',(62.939641548791,-78.13208195752,1.9500001)
  );
#12188 = DIRECTION('',(-1.176730717883E-16,3.61143768063E-16,-1.));
#12189 = DIRECTION('',(0.827324590189,0.56172415158,1.055093508199E-16)
  );
#12190 = DEFINITIONAL_REPRESENTATION('',(#12191),#12201);
#12191 = B_SPLINE_CURVE_WITH_KNOTS('',8,(#12192,#12193,#12194,#12195,
    #12196,#12197,#12198,#12199,#12200),.UNSPECIFIED.,.F.,.F.,(9,9),(0.,
    1.),.PIECEWISE_BEZIER_KNOTS.);
#12192 = CARTESIAN_POINT('',(0.,0.));
#12193 = CARTESIAN_POINT('',(0.271324274593,-0.39961472843));
#12194 = CARTESIAN_POINT('',(0.542648549186,-0.79922945686));
#12195 = CARTESIAN_POINT('',(0.813972823778,-1.198844185289));
#12196 = CARTESIAN_POINT('',(1.085297098371,-1.598458913719));
#12197 = CARTESIAN_POINT('',(1.356621372964,-1.998073642149));
#12198 = CARTESIAN_POINT('',(1.627945647557,-2.397688370579));
#12199 = CARTESIAN_POINT('',(1.89926992215,-2.797303099009));
#12200 = CARTESIAN_POINT('',(2.170594196742,-3.196917827439));
#12201 = ( GEOMETRIC_REPRESENTATION_CONTEXT(2) 
PARAMETRIC_REPRESENTATION_CONTEXT() REPRESENTATION_CONTEXT('2D SPACE',''
  ) );
#12202 = ORIENTED_EDGE('',*,*,#12203,.F.);
#12203 = EDGE_CURVE('',#10743,#12164,#12204,.T.);
#12204 = SURFACE_CURVE('',#12205,(#12215,#12222),.PCURVE_S1.);
#12205 = ( BOUNDED_CURVE() B_SPLINE_CURVE(8,(#12206,#12207,#12208,#12209
    ,#12210,#12211,#12212,#12213,#12214),.UNSPECIFIED.,.F.,.F.) 
B_SPLINE_CURVE_WITH_KNOTS((9,9),(0.,1.),.PIECEWISE_BEZIER_KNOTS.) CURVE(
) GEOMETRIC_REPRESENTATION_ITEM() RATIONAL_B_SPLINE_CURVE((1.,1.,
    0.999999999999,1.000000000002,0.999999999998,1.000000000001,1.,1.,1.
)) REPRESENTATION_ITEM('') );
#12206 = CARTESIAN_POINT('',(59.003888561953,-82.91487871031,13.0000001)
  );
#12207 = CARTESIAN_POINT('',(59.078950895822,-83.06244260121,
    11.285871810331));
#12208 = CARTESIAN_POINT('',(58.612842377208,-82.50923514382,
    9.876487483956));
#12209 = CARTESIAN_POINT('',(59.949860391494,-83.01353235387,
    7.581934517013));
#12210 = CARTESIAN_POINT('',(58.263654959683,-81.89509355516,
    7.182408522328));
#12211 = CARTESIAN_POINT('',(60.137462668277,-82.22302990461,
    3.628400475145));
#12212 = CARTESIAN_POINT('',(60.669618259609,-79.82960613777,
    4.285704914202));
#12213 = CARTESIAN_POINT('',(61.840152024119,-79.7583171559,
    2.288254176523));
#12214 = CARTESIAN_POINT('',(62.939641548791,-78.13208195752,1.9500001)
  );
#12215 = PCURVE('',#10772,#12216);
#12216 = DEFINITIONAL_REPRESENTATION('',(#12217),#12221);
#12217 = LINE('',#12218,#12219);
#12218 = CARTESIAN_POINT('',(0.,0.));
#12219 = VECTOR('',#12220,1.);
#12220 = DIRECTION('',(0.,1.));
#12221 = ( GEOMETRIC_REPRESENTATION_CONTEXT(2) 
PARAMETRIC_REPRESENTATION_CONTEXT() REPRESENTATION_CONTEXT('2D SPACE',''
  ) );
#12222 = PCURVE('',#10889,#12223);
#12223 = DEFINITIONAL_REPRESENTATION('',(#12224),#12228);
#12224 = LINE('',#12225,#12226);
#12225 = CARTESIAN_POINT('',(8.,0.));
#12226 = VECTOR('',#12227,1.);
#12227 = DIRECTION('',(0.,1.));
#12228 = ( GEOMETRIC_REPRESENTATION_CONTEXT(2) 
PARAMETRIC_REPRESENTATION_CONTEXT() REPRESENTATION_CONTEXT('2D SPACE',''
  ) );
#12229 = ADVANCED_FACE('',(#12230),#11589,.F.);
#12230 = FACE_BOUND('',#12231,.F.);
#12231 = EDGE_LOOP('',(#12232,#12233,#12262,#12295));
#12232 = ORIENTED_EDGE('',*,*,#11563,.T.);
#12233 = ORIENTED_EDGE('',*,*,#12234,.T.);
#12234 = EDGE_CURVE('',#11447,#12235,#12237,.T.);
#12235 = VERTEX_POINT('',#12236);
#12236 = CARTESIAN_POINT('',(64.742918042478,-72.46464154879,1.9500001)
  );
#12237 = SURFACE_CURVE('',#12238,(#12248,#12255),.PCURVE_S1.);
#12238 = ( BOUNDED_CURVE() B_SPLINE_CURVE(8,(#12239,#12240,#12241,#12242
    ,#12243,#12244,#12245,#12246,#12247),.UNSPECIFIED.,.F.,.F.) 
B_SPLINE_CURVE_WITH_KNOTS((9,9),(0.,1.),.PIECEWISE_BEZIER_KNOTS.) CURVE(
) GEOMETRIC_REPRESENTATION_ITEM() RATIONAL_B_SPLINE_CURVE((1.,1.,
    0.999999999999,1.000000000002,0.999999999998,1.000000000001,1.,1.,1.
)) REPRESENTATION_ITEM('') );
#12239 = CARTESIAN_POINT('',(59.960121289688,-68.52888856195,13.0000001)
  );
#12240 = CARTESIAN_POINT('',(59.812557398788,-68.60395089582,
    11.285871810331));
#12241 = CARTESIAN_POINT('',(60.365764856179,-68.1378423772,
    9.876487483956));
#12242 = CARTESIAN_POINT('',(59.861467646129,-69.47486039149,
    7.581934517013));
#12243 = CARTESIAN_POINT('',(60.979906444836,-67.78865495968,
    7.182408522328));
#12244 = CARTESIAN_POINT('',(60.65197009539,-69.66246266827,
    3.628400475145));
#12245 = CARTESIAN_POINT('',(63.045393862224,-70.1946182596,
    4.285704914202));
#12246 = CARTESIAN_POINT('',(63.116682844097,-71.36515202411,
    2.288254176523));
#12247 = CARTESIAN_POINT('',(64.742918042478,-72.46464154879,1.9500001)
  );
#12248 = PCURVE('',#11589,#12249);
#12249 = DEFINITIONAL_REPRESENTATION('',(#12250),#12254);
#12250 = LINE('',#12251,#12252);
#12251 = CARTESIAN_POINT('',(2.,0.));
#12252 = VECTOR('',#12253,1.);
#12253 = DIRECTION('',(0.,1.));
#12254 = ( GEOMETRIC_REPRESENTATION_CONTEXT(2) 
PARAMETRIC_REPRESENTATION_CONTEXT() REPRESENTATION_CONTEXT('2D SPACE',''
  ) );
#12255 = PCURVE('',#11474,#12256);
#12256 = DEFINITIONAL_REPRESENTATION('',(#12257),#12261);
#12257 = LINE('',#12258,#12259);
#12258 = CARTESIAN_POINT('',(2.,0.));
#12259 = VECTOR('',#12260,1.);
#12260 = DIRECTION('',(0.,1.));
#12261 = ( GEOMETRIC_REPRESENTATION_CONTEXT(2) 
PARAMETRIC_REPRESENTATION_CONTEXT() REPRESENTATION_CONTEXT('2D SPACE',''
  ) );
#12262 = ORIENTED_EDGE('',*,*,#12263,.F.);
#12263 = EDGE_CURVE('',#12135,#12235,#12264,.T.);
#12264 = SURFACE_CURVE('',#12265,(#12275,#12282),.PCURVE_S1.);
#12265 = B_SPLINE_CURVE_WITH_KNOTS('',8,(#12266,#12267,#12268,#12269,
    #12270,#12271,#12272,#12273,#12274),.UNSPECIFIED.,.F.,.F.,(9,9),(1.,
    2.),.PIECEWISE_BEZIER_KNOTS.);
#12266 = CARTESIAN_POINT('',(62.939641548791,-74.26791804247,1.9500001)
  );
#12267 = CARTESIAN_POINT('',(62.939641548791,-73.91384553091,1.9500001)
  );
#12268 = CARTESIAN_POINT('',(63.019095333818,-73.5597729079,1.9500001));
#12269 = CARTESIAN_POINT('',(63.178002123495,-73.2265020022,
    1.950000100001));
#12270 = CARTESIAN_POINT('',(63.409830105428,-72.93483010542,1.9500001)
  );
#12271 = CARTESIAN_POINT('',(63.701502002209,-72.70300212349,1.9500001)
  );
#12272 = CARTESIAN_POINT('',(64.034772907906,-72.54409533381,1.9500001)
  );
#12273 = CARTESIAN_POINT('',(64.388845530918,-72.46464154879,1.9500001)
  );
#12274 = CARTESIAN_POINT('',(64.742918042478,-72.46464154879,1.9500001)
  );
#12275 = PCURVE('',#11589,#12276);
#12276 = DEFINITIONAL_REPRESENTATION('',(#12277),#12281);
#12277 = LINE('',#12278,#12279);
#12278 = CARTESIAN_POINT('',(0.,1.));
#12279 = VECTOR('',#12280,1.);
#12280 = DIRECTION('',(1.,0.));
#12281 = ( GEOMETRIC_REPRESENTATION_CONTEXT(2) 
PARAMETRIC_REPRESENTATION_CONTEXT() REPRESENTATION_CONTEXT('2D SPACE',''
  ) );
#12282 = PCURVE('',#12185,#12283);
#12283 = DEFINITIONAL_REPRESENTATION('',(#12284),#12294);
#12284 = B_SPLINE_CURVE_WITH_KNOTS('',8,(#12285,#12286,#12287,#12288,
    #12289,#12290,#12291,#12292,#12293),.UNSPECIFIED.,.F.,.F.,(9,9),(1.,
    2.),.PIECEWISE_BEZIER_KNOTS.);
#12285 = CARTESIAN_POINT('',(2.170594196742,-3.196917827439));
#12286 = CARTESIAN_POINT('',(2.369485277896,-3.489850722962));
#12287 = CARTESIAN_POINT('',(2.634110491792,-3.738152600709));
#12288 = CARTESIAN_POINT('',(2.952784303189,-3.924614034575));
#12289 = CARTESIAN_POINT('',(3.308420442094,-4.035697990586));
#12290 = CARTESIAN_POINT('',(3.679951151032,-4.063655831974));
#12291 = CARTESIAN_POINT('',(4.044936148121,-4.007917009873));
#12292 = CARTESIAN_POINT('',(4.382500245836,-3.87475993625));
#12293 = CARTESIAN_POINT('',(4.67543314136,-3.675868855097));
#12294 = ( GEOMETRIC_REPRESENTATION_CONTEXT(2) 
PARAMETRIC_REPRESENTATION_CONTEXT() REPRESENTATION_CONTEXT('2D SPACE',''
  ) );
#12295 = ORIENTED_EDGE('',*,*,#12134,.F.);
#12296 = ADVANCED_FACE('',(#12297),#11474,.F.);
#12297 = FACE_BOUND('',#12298,.F.);
#12298 = EDGE_LOOP('',(#12299,#12300,#12329,#12362));
#12299 = ORIENTED_EDGE('',*,*,#11446,.T.);
#12300 = ORIENTED_EDGE('',*,*,#12301,.T.);
#12301 = EDGE_CURVE('',#11330,#12302,#12304,.T.);
#12302 = VERTEX_POINT('',#12303);
#12303 = CARTESIAN_POINT('',(68.607081957522,-72.46464154879,1.9500001)
  );
#12304 = SURFACE_CURVE('',#12305,(#12315,#12322),.PCURVE_S1.);
#12305 = ( BOUNDED_CURVE() B_SPLINE_CURVE(8,(#12306,#12307,#12308,#12309
    ,#12310,#12311,#12312,#12313,#12314),.UNSPECIFIED.,.F.,.F.) 
B_SPLINE_CURVE_WITH_KNOTS((9,9),(0.,1.),.PIECEWISE_BEZIER_KNOTS.) CURVE(
) GEOMETRIC_REPRESENTATION_ITEM() RATIONAL_B_SPLINE_CURVE((1.,1.,
    0.999999999999,1.000000000002,0.999999999998,1.000000000001,1.,1.,1.
)) REPRESENTATION_ITEM('') );
#12306 = CARTESIAN_POINT('',(73.389878710313,-68.52888856195,13.0000001)
  );
#12307 = CARTESIAN_POINT('',(73.53744260121,-68.60395089583,
    11.28587181033));
#12308 = CARTESIAN_POINT('',(72.984235143826,-68.13784237718,
    9.876487483959));
#12309 = CARTESIAN_POINT('',(73.488532353862,-69.47486039153,
    7.581934517007));
#12310 = CARTESIAN_POINT('',(72.370093555173,-67.78865495964,
    7.182408522333));
#12311 = CARTESIAN_POINT('',(72.698029904604,-69.6624626683,
    3.628400475142));
#12312 = CARTESIAN_POINT('',(70.304606137778,-70.1946182596,
    4.285704914203));
#12313 = CARTESIAN_POINT('',(70.233317155903,-71.36515202412,
    2.288254176523));
#12314 = CARTESIAN_POINT('',(68.607081957522,-72.46464154879,1.9500001)
  );
#12315 = PCURVE('',#11474,#12316);
#12316 = DEFINITIONAL_REPRESENTATION('',(#12317),#12321);
#12317 = LINE('',#12318,#12319);
#12318 = CARTESIAN_POINT('',(3.,0.));
#12319 = VECTOR('',#12320,1.);
#12320 = DIRECTION('',(0.,1.));
#12321 = ( GEOMETRIC_REPRESENTATION_CONTEXT(2) 
PARAMETRIC_REPRESENTATION_CONTEXT() REPRESENTATION_CONTEXT('2D SPACE',''
  ) );
#12322 = PCURVE('',#11357,#12323);
#12323 = DEFINITIONAL_REPRESENTATION('',(#12324),#12328);
#12324 = LINE('',#12325,#12326);
#12325 = CARTESIAN_POINT('',(3.,0.));
#12326 = VECTOR('',#12327,1.);
#12327 = DIRECTION('',(0.,1.));
#12328 = ( GEOMETRIC_REPRESENTATION_CONTEXT(2) 
PARAMETRIC_REPRESENTATION_CONTEXT() REPRESENTATION_CONTEXT('2D SPACE',''
  ) );
#12329 = ORIENTED_EDGE('',*,*,#12330,.F.);
#12330 = EDGE_CURVE('',#12235,#12302,#12331,.T.);
#12331 = SURFACE_CURVE('',#12332,(#12342,#12349),.PCURVE_S1.);
#12332 = B_SPLINE_CURVE_WITH_KNOTS('',8,(#12333,#12334,#12335,#12336,
    #12337,#12338,#12339,#12340,#12341),.UNSPECIFIED.,.F.,.F.,(9,9),(2.,
    3.),.PIECEWISE_BEZIER_KNOTS.);
#12333 = CARTESIAN_POINT('',(64.742918042478,-72.46464154879,1.9500001)
  );
#12334 = CARTESIAN_POINT('',(65.225938531859,-72.46464154879,1.9500001)
  );
#12335 = CARTESIAN_POINT('',(65.708959021239,-72.46464154879,1.9500001)
  );
#12336 = CARTESIAN_POINT('',(66.19197951062,-72.46464154879,1.9500001));
#12337 = CARTESIAN_POINT('',(66.675,-72.46464154879,1.9500001));
#12338 = CARTESIAN_POINT('',(67.15802048938,-72.46464154879,1.9500001));
#12339 = CARTESIAN_POINT('',(67.641040978761,-72.46464154879,1.9500001)
  );
#12340 = CARTESIAN_POINT('',(68.124061468141,-72.46464154879,1.9500001)
  );
#12341 = CARTESIAN_POINT('',(68.607081957522,-72.46464154879,1.9500001)
  );
#12342 = PCURVE('',#11474,#12343);
#12343 = DEFINITIONAL_REPRESENTATION('',(#12344),#12348);
#12344 = LINE('',#12345,#12346);
#12345 = CARTESIAN_POINT('',(0.,1.));
#12346 = VECTOR('',#12347,1.);
#12347 = DIRECTION('',(1.,0.));
#12348 = ( GEOMETRIC_REPRESENTATION_CONTEXT(2) 
PARAMETRIC_REPRESENTATION_CONTEXT() REPRESENTATION_CONTEXT('2D SPACE',''
  ) );
#12349 = PCURVE('',#12185,#12350);
#12350 = DEFINITIONAL_REPRESENTATION('',(#12351),#12361);
#12351 = B_SPLINE_CURVE_WITH_KNOTS('',8,(#12352,#12353,#12354,#12355,
    #12356,#12357,#12358,#12359,#12360),.UNSPECIFIED.,.F.,.F.,(9,9),(2.,
    3.),.PIECEWISE_BEZIER_KNOTS.);
#12352 = CARTESIAN_POINT('',(4.67543314136,-3.675868855097));
#12353 = CARTESIAN_POINT('',(5.07504786979,-3.404544580504));
#12354 = CARTESIAN_POINT('',(5.47466259822,-3.133220305911));
#12355 = CARTESIAN_POINT('',(5.87427732665,-2.861896031318));
#12356 = CARTESIAN_POINT('',(6.273892055079,-2.590571756726));
#12357 = CARTESIAN_POINT('',(6.673506783509,-2.319247482133));
#12358 = CARTESIAN_POINT('',(7.073121511939,-2.04792320754));
#12359 = CARTESIAN_POINT('',(7.472736240369,-1.776598932947));
#12360 = CARTESIAN_POINT('',(7.872350968799,-1.505274658354));
#12361 = ( GEOMETRIC_REPRESENTATION_CONTEXT(2) 
PARAMETRIC_REPRESENTATION_CONTEXT() REPRESENTATION_CONTEXT('2D SPACE',''
  ) );
#12362 = ORIENTED_EDGE('',*,*,#12234,.F.);
#12363 = ADVANCED_FACE('',(#12364),#11357,.F.);
#12364 = FACE_BOUND('',#12365,.F.);
#12365 = EDGE_LOOP('',(#12366,#12367,#12396,#12429));
#12366 = ORIENTED_EDGE('',*,*,#11329,.T.);
#12367 = ORIENTED_EDGE('',*,*,#12368,.T.);
#12368 = EDGE_CURVE('',#11213,#12369,#12371,.T.);
#12369 = VERTEX_POINT('',#12370);
#12370 = CARTESIAN_POINT('',(70.410358451209,-74.26791804247,1.9500001)
  );
#12371 = SURFACE_CURVE('',#12372,(#12382,#12389),.PCURVE_S1.);
#12372 = ( BOUNDED_CURVE() B_SPLINE_CURVE(8,(#12373,#12374,#12375,#12376
    ,#12377,#12378,#12379,#12380,#12381),.UNSPECIFIED.,.F.,.F.) 
B_SPLINE_CURVE_WITH_KNOTS((9,9),(0.,1.),.PIECEWISE_BEZIER_KNOTS.) CURVE(
) GEOMETRIC_REPRESENTATION_ITEM() RATIONAL_B_SPLINE_CURVE((1.,1.,
    0.999999999999,1.000000000002,0.999999999998,1.000000000001,1.,1.,1.
)) REPRESENTATION_ITEM('') );
#12373 = CARTESIAN_POINT('',(74.346111438047,-69.48512128968,13.0000001)
  );
#12374 = CARTESIAN_POINT('',(74.271049104178,-69.33755739878,
    11.285871810331));
#12375 = CARTESIAN_POINT('',(74.737157622792,-69.89076485617,
    9.876487483956));
#12376 = CARTESIAN_POINT('',(73.400139608506,-69.38646764612,
    7.581934517013));
#12377 = CARTESIAN_POINT('',(75.086345040317,-70.50490644483,
    7.182408522328));
#12378 = CARTESIAN_POINT('',(73.212537331723,-70.17697009539,
    3.628400475145));
#12379 = CARTESIAN_POINT('',(72.680381740391,-72.57039386222,
    4.285704914202));
#12380 = CARTESIAN_POINT('',(71.509847975881,-72.64168284409,
    2.288254176523));
#12381 = CARTESIAN_POINT('',(70.410358451209,-74.26791804247,1.9500001)
  );
#12382 = PCURVE('',#11357,#12383);
#12383 = DEFINITIONAL_REPRESENTATION('',(#12384),#12388);
#12384 = LINE('',#12385,#12386);
#12385 = CARTESIAN_POINT('',(4.,0.));
#12386 = VECTOR('',#12387,1.);
#12387 = DIRECTION('',(0.,1.));
#12388 = ( GEOMETRIC_REPRESENTATION_CONTEXT(2) 
PARAMETRIC_REPRESENTATION_CONTEXT() REPRESENTATION_CONTEXT('2D SPACE',''
  ) );
#12389 = PCURVE('',#11240,#12390);
#12390 = DEFINITIONAL_REPRESENTATION('',(#12391),#12395);
#12391 = LINE('',#12392,#12393);
#12392 = CARTESIAN_POINT('',(4.,0.));
#12393 = VECTOR('',#12394,1.);
#12394 = DIRECTION('',(0.,1.));
#12395 = ( GEOMETRIC_REPRESENTATION_CONTEXT(2) 
PARAMETRIC_REPRESENTATION_CONTEXT() REPRESENTATION_CONTEXT('2D SPACE',''
  ) );
#12396 = ORIENTED_EDGE('',*,*,#12397,.F.);
#12397 = EDGE_CURVE('',#12302,#12369,#12398,.T.);
#12398 = SURFACE_CURVE('',#12399,(#12409,#12416),.PCURVE_S1.);
#12399 = B_SPLINE_CURVE_WITH_KNOTS('',8,(#12400,#12401,#12402,#12403,
    #12404,#12405,#12406,#12407,#12408),.UNSPECIFIED.,.F.,.F.,(9,9),(3.,
    4.),.PIECEWISE_BEZIER_KNOTS.);
#12400 = CARTESIAN_POINT('',(68.607081957522,-72.46464154879,1.9500001)
  );
#12401 = CARTESIAN_POINT('',(68.961154469082,-72.46464154879,1.9500001)
  );
#12402 = CARTESIAN_POINT('',(69.315227092094,-72.54409533381,1.9500001)
  );
#12403 = CARTESIAN_POINT('',(69.648497997791,-72.70300212349,
    1.950000100001));
#12404 = CARTESIAN_POINT('',(69.940169894572,-72.93483010542,1.9500001)
  );
#12405 = CARTESIAN_POINT('',(70.171997876505,-73.2265020022,
    1.950000100001));
#12406 = CARTESIAN_POINT('',(70.330904666182,-73.5597729079,1.9500001));
#12407 = CARTESIAN_POINT('',(70.410358451209,-73.91384553091,1.9500001)
  );
#12408 = CARTESIAN_POINT('',(70.410358451209,-74.26791804247,1.9500001)
  );
#12409 = PCURVE('',#11357,#12410);
#12410 = DEFINITIONAL_REPRESENTATION('',(#12411),#12415);
#12411 = LINE('',#12412,#12413);
#12412 = CARTESIAN_POINT('',(0.,1.));
#12413 = VECTOR('',#12414,1.);
#12414 = DIRECTION('',(1.,0.));
#12415 = ( GEOMETRIC_REPRESENTATION_CONTEXT(2) 
PARAMETRIC_REPRESENTATION_CONTEXT() REPRESENTATION_CONTEXT('2D SPACE',''
  ) );
#12416 = PCURVE('',#12185,#12417);
#12417 = DEFINITIONAL_REPRESENTATION('',(#12418),#12428);
#12418 = B_SPLINE_CURVE_WITH_KNOTS('',8,(#12419,#12420,#12421,#12422,
    #12423,#12424,#12425,#12426,#12427),.UNSPECIFIED.,.F.,.F.,(9,9),(3.,
    4.),.PIECEWISE_BEZIER_KNOTS.);
#12419 = CARTESIAN_POINT('',(7.872350968799,-1.505274658354));
#12420 = CARTESIAN_POINT('',(8.165283864322,-1.306383577201));
#12421 = CARTESIAN_POINT('',(8.413585742069,-1.041758363305));
#12422 = CARTESIAN_POINT('',(8.600047175935,-0.723084551908));
#12423 = CARTESIAN_POINT('',(8.711131131946,-0.367448413003));
#12424 = CARTESIAN_POINT('',(8.739088973334,4.08229593495E-03));
#12425 = CARTESIAN_POINT('',(8.683350151233,0.369067293025));
#12426 = CARTESIAN_POINT('',(8.55019307761,0.70663139074));
#12427 = CARTESIAN_POINT('',(8.351301996457,0.999564286263));
#12428 = ( GEOMETRIC_REPRESENTATION_CONTEXT(2) 
PARAMETRIC_REPRESENTATION_CONTEXT() REPRESENTATION_CONTEXT('2D SPACE',''
  ) );
#12429 = ORIENTED_EDGE('',*,*,#12301,.F.);
#12430 = ADVANCED_FACE('',(#12431),#11240,.F.);
#12431 = FACE_BOUND('',#12432,.F.);
#12432 = EDGE_LOOP('',(#12433,#12434,#12463,#12496));
#12433 = ORIENTED_EDGE('',*,*,#11212,.T.);
#12434 = ORIENTED_EDGE('',*,*,#12435,.T.);
#12435 = EDGE_CURVE('',#11096,#12436,#12438,.T.);
#12436 = VERTEX_POINT('',#12437);
#12437 = CARTESIAN_POINT('',(70.410358451209,-78.13208195752,1.9500001)
  );
#12438 = SURFACE_CURVE('',#12439,(#12449,#12456),.PCURVE_S1.);
#12439 = ( BOUNDED_CURVE() B_SPLINE_CURVE(8,(#12440,#12441,#12442,#12443
    ,#12444,#12445,#12446,#12447,#12448),.UNSPECIFIED.,.F.,.F.) 
B_SPLINE_CURVE_WITH_KNOTS((9,9),(0.,1.),.PIECEWISE_BEZIER_KNOTS.) CURVE(
) GEOMETRIC_REPRESENTATION_ITEM() RATIONAL_B_SPLINE_CURVE((1.,1.,
    0.999999999999,1.000000000002,0.999999999998,1.000000000001,1.,1.,1.
)) REPRESENTATION_ITEM('') );
#12440 = CARTESIAN_POINT('',(74.346111438047,-82.91487871031,13.0000001)
  );
#12441 = CARTESIAN_POINT('',(74.271049104178,-83.0624426012,
    11.285871810329));
#12442 = CARTESIAN_POINT('',(74.737157622792,-82.50923514384,
    9.876487483963));
#12443 = CARTESIAN_POINT('',(73.400139608506,-83.01353235383,
    7.581934517002));
#12444 = CARTESIAN_POINT('',(75.086345040317,-81.8950935552,
    7.182408522339));
#12445 = CARTESIAN_POINT('',(73.212537331723,-82.22302990458,
    3.628400475139));
#12446 = CARTESIAN_POINT('',(72.680381740391,-79.82960613778,
    4.285704914205));
#12447 = CARTESIAN_POINT('',(71.509847975881,-79.7583171559,
    2.288254176522));
#12448 = CARTESIAN_POINT('',(70.410358451209,-78.13208195752,1.9500001)
  );
#12449 = PCURVE('',#11240,#12450);
#12450 = DEFINITIONAL_REPRESENTATION('',(#12451),#12455);
#12451 = LINE('',#12452,#12453);
#12452 = CARTESIAN_POINT('',(5.,0.));
#12453 = VECTOR('',#12454,1.);
#12454 = DIRECTION('',(0.,1.));
#12455 = ( GEOMETRIC_REPRESENTATION_CONTEXT(2) 
PARAMETRIC_REPRESENTATION_CONTEXT() REPRESENTATION_CONTEXT('2D SPACE',''
  ) );
#12456 = PCURVE('',#11123,#12457);
#12457 = DEFINITIONAL_REPRESENTATION('',(#12458),#12462);
#12458 = LINE('',#12459,#12460);
#12459 = CARTESIAN_POINT('',(5.,0.));
#12460 = VECTOR('',#12461,1.);
#12461 = DIRECTION('',(0.,1.));
#12462 = ( GEOMETRIC_REPRESENTATION_CONTEXT(2) 
PARAMETRIC_REPRESENTATION_CONTEXT() REPRESENTATION_CONTEXT('2D SPACE',''
  ) );
#12463 = ORIENTED_EDGE('',*,*,#12464,.F.);
#12464 = EDGE_CURVE('',#12369,#12436,#12465,.T.);
#12465 = SURFACE_CURVE('',#12466,(#12476,#12483),.PCURVE_S1.);
#12466 = B_SPLINE_CURVE_WITH_KNOTS('',8,(#12467,#12468,#12469,#12470,
    #12471,#12472,#12473,#12474,#12475),.UNSPECIFIED.,.F.,.F.,(9,9),(4.,
    5.),.PIECEWISE_BEZIER_KNOTS.);
#12467 = CARTESIAN_POINT('',(70.410358451209,-74.26791804247,1.9500001)
  );
#12468 = CARTESIAN_POINT('',(70.410358451209,-74.75093853185,1.9500001)
  );
#12469 = CARTESIAN_POINT('',(70.410358451209,-75.23395902123,1.9500001)
  );
#12470 = CARTESIAN_POINT('',(70.410358451209,-75.71697951062,1.9500001)
  );
#12471 = CARTESIAN_POINT('',(70.410358451209,-76.2,1.9500001));
#12472 = CARTESIAN_POINT('',(70.410358451209,-76.68302048938,1.9500001)
  );
#12473 = CARTESIAN_POINT('',(70.410358451209,-77.16604097876,1.9500001)
  );
#12474 = CARTESIAN_POINT('',(70.410358451209,-77.64906146814,1.9500001)
  );
#12475 = CARTESIAN_POINT('',(70.410358451209,-78.13208195752,1.9500001)
  );
#12476 = PCURVE('',#11240,#12477);
#12477 = DEFINITIONAL_REPRESENTATION('',(#12478),#12482);
#12478 = LINE('',#12479,#12480);
#12479 = CARTESIAN_POINT('',(0.,1.));
#12480 = VECTOR('',#12481,1.);
#12481 = DIRECTION('',(1.,0.));
#12482 = ( GEOMETRIC_REPRESENTATION_CONTEXT(2) 
PARAMETRIC_REPRESENTATION_CONTEXT() REPRESENTATION_CONTEXT('2D SPACE',''
  ) );
#12483 = PCURVE('',#12185,#12484);
#12484 = DEFINITIONAL_REPRESENTATION('',(#12485),#12495);
#12485 = B_SPLINE_CURVE_WITH_KNOTS('',8,(#12486,#12487,#12488,#12489,
    #12490,#12491,#12492,#12493,#12494),.UNSPECIFIED.,.F.,.F.,(9,9),(4.,
    5.),.PIECEWISE_BEZIER_KNOTS.);
#12486 = CARTESIAN_POINT('',(8.351301996457,0.999564286263));
#12487 = CARTESIAN_POINT('',(8.079977721864,1.399179014693));
#12488 = CARTESIAN_POINT('',(7.808653447271,1.798793743123));
#12489 = CARTESIAN_POINT('',(7.537329172678,2.198408471553));
#12490 = CARTESIAN_POINT('',(7.266004898086,2.598023199983));
#12491 = CARTESIAN_POINT('',(6.994680623493,2.997637928412));
#12492 = CARTESIAN_POINT('',(6.7233563489,3.397252656842));
#12493 = CARTESIAN_POINT('',(6.452032074307,3.796867385272));
#12494 = CARTESIAN_POINT('',(6.180707799715,4.196482113702));
#12495 = ( GEOMETRIC_REPRESENTATION_CONTEXT(2) 
PARAMETRIC_REPRESENTATION_CONTEXT() REPRESENTATION_CONTEXT('2D SPACE',''
  ) );
#12496 = ORIENTED_EDGE('',*,*,#12368,.F.);
#12497 = ADVANCED_FACE('',(#12498),#11123,.F.);
#12498 = FACE_BOUND('',#12499,.F.);
#12499 = EDGE_LOOP('',(#12500,#12501,#12530,#12563));
#12500 = ORIENTED_EDGE('',*,*,#11095,.T.);
#12501 = ORIENTED_EDGE('',*,*,#12502,.T.);
#12502 = EDGE_CURVE('',#10979,#12503,#12505,.T.);
#12503 = VERTEX_POINT('',#12504);
#12504 = CARTESIAN_POINT('',(68.607081957522,-79.9353584512,1.9500001));
#12505 = SURFACE_CURVE('',#12506,(#12516,#12523),.PCURVE_S1.);
#12506 = ( BOUNDED_CURVE() B_SPLINE_CURVE(8,(#12507,#12508,#12509,#12510
    ,#12511,#12512,#12513,#12514,#12515),.UNSPECIFIED.,.F.,.F.) 
B_SPLINE_CURVE_WITH_KNOTS((9,9),(0.,1.),.PIECEWISE_BEZIER_KNOTS.) CURVE(
) GEOMETRIC_REPRESENTATION_ITEM() RATIONAL_B_SPLINE_CURVE((1.,1.,
    0.999999999999,1.000000000002,0.999999999998,1.000000000001,1.,1.,1.
)) REPRESENTATION_ITEM('') );
#12507 = CARTESIAN_POINT('',(73.389878710313,-83.87111143804,13.0000001)
  );
#12508 = CARTESIAN_POINT('',(73.537442601212,-83.79604910417,
    11.285871810331));
#12509 = CARTESIAN_POINT('',(72.984235143821,-84.26215762279,
    9.876487483956));
#12510 = CARTESIAN_POINT('',(73.488532353871,-82.9251396085,
    7.581934517013));
#12511 = CARTESIAN_POINT('',(72.370093555164,-84.61134504031,
    7.182408522328));
#12512 = CARTESIAN_POINT('',(72.69802990461,-82.73753733172,
    3.628400475145));
#12513 = CARTESIAN_POINT('',(70.304606137776,-82.20538174039,
    4.285704914202));
#12514 = CARTESIAN_POINT('',(70.233317155903,-81.03484797588,
    2.288254176523));
#12515 = CARTESIAN_POINT('',(68.607081957522,-79.9353584512,1.9500001));
#12516 = PCURVE('',#11123,#12517);
#12517 = DEFINITIONAL_REPRESENTATION('',(#12518),#12522);
#12518 = LINE('',#12519,#12520);
#12519 = CARTESIAN_POINT('',(6.,0.));
#12520 = VECTOR('',#12521,1.);
#12521 = DIRECTION('',(0.,1.));
#12522 = ( GEOMETRIC_REPRESENTATION_CONTEXT(2) 
PARAMETRIC_REPRESENTATION_CONTEXT() REPRESENTATION_CONTEXT('2D SPACE',''
  ) );
#12523 = PCURVE('',#11006,#12524);
#12524 = DEFINITIONAL_REPRESENTATION('',(#12525),#12529);
#12525 = LINE('',#12526,#12527);
#12526 = CARTESIAN_POINT('',(6.,0.));
#12527 = VECTOR('',#12528,1.);
#12528 = DIRECTION('',(0.,1.));
#12529 = ( GEOMETRIC_REPRESENTATION_CONTEXT(2) 
PARAMETRIC_REPRESENTATION_CONTEXT() REPRESENTATION_CONTEXT('2D SPACE',''
  ) );
#12530 = ORIENTED_EDGE('',*,*,#12531,.F.);
#12531 = EDGE_CURVE('',#12436,#12503,#12532,.T.);
#12532 = SURFACE_CURVE('',#12533,(#12543,#12550),.PCURVE_S1.);
#12533 = B_SPLINE_CURVE_WITH_KNOTS('',8,(#12534,#12535,#12536,#12537,
    #12538,#12539,#12540,#12541,#12542),.UNSPECIFIED.,.F.,.F.,(9,9),(5.,
    6.),.PIECEWISE_BEZIER_KNOTS.);
#12534 = CARTESIAN_POINT('',(70.410358451209,-78.13208195752,1.9500001)
  );
#12535 = CARTESIAN_POINT('',(70.410358451209,-78.48615446908,1.9500001)
  );
#12536 = CARTESIAN_POINT('',(70.330904666182,-78.84022709209,1.9500001)
  );
#12537 = CARTESIAN_POINT('',(70.171997876505,-79.17349799779,1.9500001)
  );
#12538 = CARTESIAN_POINT('',(69.940169894572,-79.46516989457,1.9500001)
  );
#12539 = CARTESIAN_POINT('',(69.648497997791,-79.6969978765,1.9500001));
#12540 = CARTESIAN_POINT('',(69.315227092094,-79.85590466618,1.9500001)
  );
#12541 = CARTESIAN_POINT('',(68.961154469082,-79.9353584512,1.9500001));
#12542 = CARTESIAN_POINT('',(68.607081957522,-79.9353584512,1.9500001));
#12543 = PCURVE('',#11123,#12544);
#12544 = DEFINITIONAL_REPRESENTATION('',(#12545),#12549);
#12545 = LINE('',#12546,#12547);
#12546 = CARTESIAN_POINT('',(0.,1.));
#12547 = VECTOR('',#12548,1.);
#12548 = DIRECTION('',(1.,0.));
#12549 = ( GEOMETRIC_REPRESENTATION_CONTEXT(2) 
PARAMETRIC_REPRESENTATION_CONTEXT() REPRESENTATION_CONTEXT('2D SPACE',''
  ) );
#12550 = PCURVE('',#12185,#12551);
#12551 = DEFINITIONAL_REPRESENTATION('',(#12552),#12562);
#12552 = B_SPLINE_CURVE_WITH_KNOTS('',8,(#12553,#12554,#12555,#12556,
    #12557,#12558,#12559,#12560,#12561),.UNSPECIFIED.,.F.,.F.,(9,9),(5.,
    6.),.PIECEWISE_BEZIER_KNOTS.);
#12553 = CARTESIAN_POINT('',(6.180707799715,4.196482113702));
#12554 = CARTESIAN_POINT('',(5.981816718561,4.489415009226));
#12555 = CARTESIAN_POINT('',(5.717191504665,4.737716886972));
#12556 = CARTESIAN_POINT('',(5.398517693268,4.924178320839));
#12557 = CARTESIAN_POINT('',(5.042881554363,5.035262276849));
#12558 = CARTESIAN_POINT('',(4.671350845425,5.063220118237));
#12559 = CARTESIAN_POINT('',(4.306365848336,5.007481296136));
#12560 = CARTESIAN_POINT('',(3.96880175062,4.874324222514));
#12561 = CARTESIAN_POINT('',(3.675868855097,4.67543314136));
#12562 = ( GEOMETRIC_REPRESENTATION_CONTEXT(2) 
PARAMETRIC_REPRESENTATION_CONTEXT() REPRESENTATION_CONTEXT('2D SPACE',''
  ) );
#12563 = ORIENTED_EDGE('',*,*,#12435,.F.);
#12564 = ADVANCED_FACE('',(#12565),#11006,.F.);
#12565 = FACE_BOUND('',#12566,.F.);
#12566 = EDGE_LOOP('',(#12567,#12568,#12597,#12630));
#12567 = ORIENTED_EDGE('',*,*,#10978,.T.);
#12568 = ORIENTED_EDGE('',*,*,#12569,.T.);
#12569 = EDGE_CURVE('',#10862,#12570,#12572,.T.);
#12570 = VERTEX_POINT('',#12571);
#12571 = CARTESIAN_POINT('',(64.742918042478,-79.9353584512,1.9500001));
#12572 = SURFACE_CURVE('',#12573,(#12583,#12590),.PCURVE_S1.);
#12573 = ( BOUNDED_CURVE() B_SPLINE_CURVE(8,(#12574,#12575,#12576,#12577
    ,#12578,#12579,#12580,#12581,#12582),.UNSPECIFIED.,.F.,.F.) 
B_SPLINE_CURVE_WITH_KNOTS((9,9),(0.,1.),.PIECEWISE_BEZIER_KNOTS.) CURVE(
) GEOMETRIC_REPRESENTATION_ITEM() RATIONAL_B_SPLINE_CURVE((1.,1.,
    0.999999999999,1.000000000002,0.999999999998,1.000000000001,1.,1.,1.
)) REPRESENTATION_ITEM('') );
#12574 = CARTESIAN_POINT('',(59.960121289688,-83.87111143804,13.0000001)
  );
#12575 = CARTESIAN_POINT('',(59.8125573988,-83.79604910417,
    11.285871810329));
#12576 = CARTESIAN_POINT('',(60.365764856145,-84.26215762279,
    9.876487483963));
#12577 = CARTESIAN_POINT('',(59.861467646181,-82.9251396085,
    7.581934517002));
#12578 = CARTESIAN_POINT('',(60.979906444788,-84.61134504031,
    7.182408522339));
#12579 = CARTESIAN_POINT('',(60.651970095419,-82.73753733172,
    3.628400475139));
#12580 = CARTESIAN_POINT('',(63.045393862214,-82.20538174039,
    4.285704914205));
#12581 = CARTESIAN_POINT('',(63.116682844098,-81.03484797588,
    2.288254176522));
#12582 = CARTESIAN_POINT('',(64.742918042478,-79.9353584512,1.9500001));
#12583 = PCURVE('',#11006,#12584);
#12584 = DEFINITIONAL_REPRESENTATION('',(#12585),#12589);
#12585 = LINE('',#12586,#12587);
#12586 = CARTESIAN_POINT('',(7.,0.));
#12587 = VECTOR('',#12588,1.);
#12588 = DIRECTION('',(0.,1.));
#12589 = ( GEOMETRIC_REPRESENTATION_CONTEXT(2) 
PARAMETRIC_REPRESENTATION_CONTEXT() REPRESENTATION_CONTEXT('2D SPACE',''
  ) );
#12590 = PCURVE('',#10889,#12591);
#12591 = DEFINITIONAL_REPRESENTATION('',(#12592),#12596);
#12592 = LINE('',#12593,#12594);
#12593 = CARTESIAN_POINT('',(7.,0.));
#12594 = VECTOR('',#12595,1.);
#12595 = DIRECTION('',(0.,1.));
#12596 = ( GEOMETRIC_REPRESENTATION_CONTEXT(2) 
PARAMETRIC_REPRESENTATION_CONTEXT() REPRESENTATION_CONTEXT('2D SPACE',''
  ) );
#12597 = ORIENTED_EDGE('',*,*,#12598,.F.);
#12598 = EDGE_CURVE('',#12503,#12570,#12599,.T.);
#12599 = SURFACE_CURVE('',#12600,(#12610,#12617),.PCURVE_S1.);
#12600 = B_SPLINE_CURVE_WITH_KNOTS('',8,(#12601,#12602,#12603,#12604,
    #12605,#12606,#12607,#12608,#12609),.UNSPECIFIED.,.F.,.F.,(9,9),(6.,
    7.),.PIECEWISE_BEZIER_KNOTS.);
#12601 = CARTESIAN_POINT('',(68.607081957522,-79.9353584512,1.9500001));
#12602 = CARTESIAN_POINT('',(68.124061468141,-79.9353584512,1.9500001));
#12603 = CARTESIAN_POINT('',(67.641040978761,-79.9353584512,1.9500001));
#12604 = CARTESIAN_POINT('',(67.15802048938,-79.9353584512,1.9500001));
#12605 = CARTESIAN_POINT('',(66.675,-79.9353584512,1.9500001));
#12606 = CARTESIAN_POINT('',(66.19197951062,-79.9353584512,1.9500001));
#12607 = CARTESIAN_POINT('',(65.708959021239,-79.9353584512,1.9500001));
#12608 = CARTESIAN_POINT('',(65.225938531859,-79.9353584512,1.9500001));
#12609 = CARTESIAN_POINT('',(64.742918042478,-79.9353584512,1.9500001));
#12610 = PCURVE('',#11006,#12611);
#12611 = DEFINITIONAL_REPRESENTATION('',(#12612),#12616);
#12612 = LINE('',#12613,#12614);
#12613 = CARTESIAN_POINT('',(0.,1.));
#12614 = VECTOR('',#12615,1.);
#12615 = DIRECTION('',(1.,0.));
#12616 = ( GEOMETRIC_REPRESENTATION_CONTEXT(2) 
PARAMETRIC_REPRESENTATION_CONTEXT() REPRESENTATION_CONTEXT('2D SPACE',''
  ) );
#12617 = PCURVE('',#12185,#12618);
#12618 = DEFINITIONAL_REPRESENTATION('',(#12619),#12629);
#12619 = B_SPLINE_CURVE_WITH_KNOTS('',8,(#12620,#12621,#12622,#12623,
    #12624,#12625,#12626,#12627,#12628),.UNSPECIFIED.,.F.,.F.,(9,9),(6.,
    7.),.PIECEWISE_BEZIER_KNOTS.);
#12620 = CARTESIAN_POINT('',(3.675868855097,4.67543314136));
#12621 = CARTESIAN_POINT('',(3.276254126667,4.404108866767));
#12622 = CARTESIAN_POINT('',(2.876639398237,4.132784592175));
#12623 = CARTESIAN_POINT('',(2.477024669807,3.861460317582));
#12624 = CARTESIAN_POINT('',(2.077409941377,3.590136042989));
#12625 = CARTESIAN_POINT('',(1.677795212948,3.318811768396));
#12626 = CARTESIAN_POINT('',(1.278180484518,3.047487493803));
#12627 = CARTESIAN_POINT('',(0.878565756088,2.776163219211));
#12628 = CARTESIAN_POINT('',(0.478951027658,2.504838944618));
#12629 = ( GEOMETRIC_REPRESENTATION_CONTEXT(2) 
PARAMETRIC_REPRESENTATION_CONTEXT() REPRESENTATION_CONTEXT('2D SPACE',''
  ) );
#12630 = ORIENTED_EDGE('',*,*,#12502,.F.);
#12631 = ADVANCED_FACE('',(#12632),#10889,.F.);
#12632 = FACE_BOUND('',#12633,.F.);
#12633 = EDGE_LOOP('',(#12634,#12635,#12636,#12669));
#12634 = ORIENTED_EDGE('',*,*,#10861,.T.);
#12635 = ORIENTED_EDGE('',*,*,#12203,.T.);
#12636 = ORIENTED_EDGE('',*,*,#12637,.F.);
#12637 = EDGE_CURVE('',#12570,#12164,#12638,.T.);
#12638 = SURFACE_CURVE('',#12639,(#12649,#12656),.PCURVE_S1.);
#12639 = B_SPLINE_CURVE_WITH_KNOTS('',8,(#12640,#12641,#12642,#12643,
    #12644,#12645,#12646,#12647,#12648),.UNSPECIFIED.,.F.,.F.,(9,9),(7.,
    8.),.PIECEWISE_BEZIER_KNOTS.);
#12640 = CARTESIAN_POINT('',(64.742918042478,-79.9353584512,1.9500001));
#12641 = CARTESIAN_POINT('',(64.388845530918,-79.9353584512,1.9500001));
#12642 = CARTESIAN_POINT('',(64.034772907906,-79.85590466618,1.9500001)
  );
#12643 = CARTESIAN_POINT('',(63.701502002209,-79.6969978765,1.9500001));
#12644 = CARTESIAN_POINT('',(63.409830105428,-79.46516989457,1.9500001)
  );
#12645 = CARTESIAN_POINT('',(63.178002123495,-79.17349799779,1.9500001)
  );
#12646 = CARTESIAN_POINT('',(63.019095333818,-78.84022709209,1.9500001)
  );
#12647 = CARTESIAN_POINT('',(62.939641548791,-78.48615446908,1.9500001)
  );
#12648 = CARTESIAN_POINT('',(62.939641548791,-78.13208195752,1.9500001)
  );
#12649 = PCURVE('',#10889,#12650);
#12650 = DEFINITIONAL_REPRESENTATION('',(#12651),#12655);
#12651 = LINE('',#12652,#12653);
#12652 = CARTESIAN_POINT('',(0.,1.));
#12653 = VECTOR('',#12654,1.);
#12654 = DIRECTION('',(1.,0.));
#12655 = ( GEOMETRIC_REPRESENTATION_CONTEXT(2) 
PARAMETRIC_REPRESENTATION_CONTEXT() REPRESENTATION_CONTEXT('2D SPACE',''
  ) );
#12656 = PCURVE('',#12185,#12657);
#12657 = DEFINITIONAL_REPRESENTATION('',(#12658),#12668);
#12658 = B_SPLINE_CURVE_WITH_KNOTS('',8,(#12659,#12660,#12661,#12662,
    #12663,#12664,#12665,#12666,#12667),.UNSPECIFIED.,.F.,.F.,(9,9),(7.,
    8.),.PIECEWISE_BEZIER_KNOTS.);
#12659 = CARTESIAN_POINT('',(0.478951027658,2.504838944618));
#12660 = CARTESIAN_POINT('',(0.186018132135,2.305947863464));
#12661 = CARTESIAN_POINT('',(-6.228374561238E-02,2.041322649569));
#12662 = CARTESIAN_POINT('',(-0.248745179479,1.722648838171));
#12663 = CARTESIAN_POINT('',(-0.359829135489,1.367012699266));
#12664 = CARTESIAN_POINT('',(-0.387786976877,0.995481990328));
#12665 = CARTESIAN_POINT('',(-0.332048154776,0.630496993239));
#12666 = CARTESIAN_POINT('',(-0.198891081154,0.292932895524));
#12667 = CARTESIAN_POINT('',(0.,0.));
#12668 = ( GEOMETRIC_REPRESENTATION_CONTEXT(2) 
PARAMETRIC_REPRESENTATION_CONTEXT() REPRESENTATION_CONTEXT('2D SPACE',''
  ) );
#12669 = ORIENTED_EDGE('',*,*,#12569,.F.);
#12670 = ADVANCED_FACE('',(#12671),#12185,.F.);
#12671 = FACE_BOUND('',#12672,.F.);
#12672 = EDGE_LOOP('',(#12673,#12674,#12675,#12676,#12677,#12678,#12679,
    #12680));
#12673 = ORIENTED_EDGE('',*,*,#12163,.T.);
#12674 = ORIENTED_EDGE('',*,*,#12263,.T.);
#12675 = ORIENTED_EDGE('',*,*,#12330,.T.);
#12676 = ORIENTED_EDGE('',*,*,#12397,.T.);
#12677 = ORIENTED_EDGE('',*,*,#12464,.T.);
#12678 = ORIENTED_EDGE('',*,*,#12531,.T.);
#12679 = ORIENTED_EDGE('',*,*,#12598,.T.);
#12680 = ORIENTED_EDGE('',*,*,#12637,.T.);
#12681 = ( GEOMETRIC_REPRESENTATION_CONTEXT(3) 
GLOBAL_UNCERTAINTY_ASSIGNED_CONTEXT((#12685)) 
GLOBAL_UNIT_ASSIGNED_CONTEXT((#12682,#12683,#12684)) 
REPRESENTATION_CONTEXT('Context #1',
  '3D Context with UNIT and UNCERTAINTY') );
#12682 = ( LENGTH_UNIT() NAMED_UNIT(*) SI_UNIT(.MILLI.,.METRE.) );
#12683 = ( NAMED_UNIT(*) PLANE_ANGLE_UNIT() SI_UNIT($,.RADIAN.) );
#12684 = ( NAMED_UNIT(*) SI_UNIT($,.STERADIAN.) SOLID_ANGLE_UNIT() );
#12685 = UNCERTAINTY_MEASURE_WITH_UNIT(LENGTH_MEASURE(1.E-07),#12682,
  'distance_accuracy_value','confusion accuracy');
#12686 = CONTEXT_DEPENDENT_SHAPE_REPRESENTATION(#12687,#12689);
#12687 = ( REPRESENTATION_RELATIONSHIP('','',#9692,#32) 
REPRESENTATION_RELATIONSHIP_WITH_TRANSFORMATION(#12688) 
SHAPE_REPRESENTATION_RELATIONSHIP() );
#12688 = ITEM_DEFINED_TRANSFORMATION('','',#11,#45);
#12689 = PRODUCT_DEFINITION_SHAPE('Placement','Placement of an item',
  #12690);
#12690 = NEXT_ASSEMBLY_USAGE_OCCURRENCE('184','','',#27,#9687,$);
#12691 = PRODUCT_RELATED_PRODUCT_CATEGORY('part',$,(#9689));
ENDSEC;
END-ISO-10303-21;
